paper_id,organism,year,journal,query_source,explicit_reason_found,hallucination_free,null_reason,claim,category,subcategory,supporting_quote,quote_match_score,hallucination_risk,cluster_id,cluster_probability,umap_x,umap_y
41160541,E. coli,2025,PLoS One,ecoli_model_organism,True,True,,E. coli is a model organism in biotechnology,historical,model_organism_status,a model organism of biotechnology,1.0,False,-1,0.0,11.499948,0.18226723
40821719,E. coli,2025,Comput Struct Biotechnol J,ecoli_model_organism,True,True,,E. coli K-12 is a well-studied model organism with a significant number of uncharacterized proteins,biological,model_organism_status,"Even in the best-studied model organism Escherichia coli K-12, over 2 % of the proteome remains uncharacterized",0.955,False,11,1.0,11.713129,-0.16977729
40752575,E. coli,2025,J Biol Chem,ecoli_model_organism,True,True,,E. coli was chosen because its LpxC regulation has been extensively studied,historical,prior_research,The regulation of LpxC in the model organism Escherichia coli has been the subject of immense study,1.0,False,-1,0.0,12.118458,1.5506659
40592036,E. coli,2025,Curr Opin Biotechnol,ecoli_model_organism,True,True,,E. coli can perform irreversible rare sugar production using its native phosphorylation-dephosphorylation system,biological,metabolic_pathway_utilization,Escherichia coli is capable of irreversible rare sugar production using phosphorylation-dephosphorylation chemistry using its native components,1.0,False,-1,0.0,11.326678,1.8158066
40138712,E. coli,2025,ACS Synth Biol,ecoli_model_organism,True,True,,E. coli is a widely studied model organism,historical,model_organism_status,Escherichia coli is a widely studied model organism,1.0,False,11,0.9572259129371827,11.929998,-0.16259539
40138712,E. coli,2025,ACS Synth Biol,ecoli_model_organism,True,True,,E. coli is part of the human gut microbiome and has therapeutic potential,biological,native_gut_resident,"an integral component of the human gut microbiome, offering significant potential for bacteria-based therapeutic applications",1.0,False,7,0.9945679895994594,13.458174,2.6480823
40074634,E. coli,2025,Trends Biotechnol,ecoli_model_organism,True,True,,use of a no-leakage genetic device to control expression of toxic products during assembly in E. coli,technical,expression_control,a no-leakage genetic device to control the expression of toxic products during Escherichia coli assembly,1.0,False,6,0.5226626581265392,10.968525,2.2196758
39990768,E. coli,2025,Eng Life Sci,ecoli_model_organism,True,True,,chosen because it is industrially relevant,economic,industrial_relevance,"The industrially relevant organism Escherichia coli, chosen as a model organism",1.0,False,3,1.0,8.904005,3.4116278
39858819,E. coli,2024,Microorganisms,ecoli_model_organism,True,True,,E. coli is a critical health threat due to antimicrobial resistance,biological,pathogenicity,"Antimicrobial resistance (AMR) represents a critical global health threat, and a thorough understanding of resistance mechanisms in Escherichia coli is needed to guide effective treatment interventions",1.0,False,7,1.0,13.376609,2.842144
39817767,E. coli,2025,J Bacteriol,ecoli_model_organism,True,True,,E. coli is a well-studied model organism for the Sec pathway,historical,model_organism_usage,The Sec pathway has been extensively studied in the model organism Escherichia coli,1.0,False,-1,0.0,11.840394,0.4525567
39795211,E. coli,2025,Molecules,ecoli_model_organism,True,True,,E. coli is used as a well-established model organism for comparison,historical,model_organism_status,"Apart from the model organism Escherichia coli, ultrastructural imaging data on the murein architecture of Gram-negative bacteria is mostly missing today",1.0,False,-1,0.0,13.6603985,0.77874255
39768235,E. coli,2024,Life (Basel),ecoli_model_organism,True,True,,E. coli is used as a model organism to study microbial responses to environmental stress,biological,stress_response,a model organism for understanding microbial responses to environmental stress,1.0,False,-1,0.0,12.57605,1.0838628
39744513,E. coli,2025,Mol Biol Res Commun,ecoli_model_organism,True,True,,E. coli is commonly used in recombinant protein research,historical,research_convention,"Escherichia coli , a model organism commonly utilized in recombinant protein research",1.0,False,6,0.8783513980105297,10.685123,2.6581855
39727393,E. coli,2025,Microbiol Resour Announc,ecoli_model_organism,True,True,,E. coli is a well-studied model organism,historical,model_organism_status,for this model organism,1.0,False,11,1.0,11.793915,-0.21419191
39723826,E. coli,2025,J Agric Food Chem,ecoli_model_organism,True,True,,E. coli is a model organism for biomanufacturing with potential for high-level ectoine production,technical,biomanufacturing_potential,"as a model organism for biomanufacturing, Escherichia coli offers significant advantages to be engineered for potentially high-level ectoine production",1.0,False,-1,0.0,11.37323,0.29132402
39689618,E. coli,2025,Redox Biol,ecoli_model_organism,True,True,,E. coli is used as a model organism,historical,model_organism,the model organism Escherichia coli,1.0,False,12,1.0,13.179817,0.41645902
39444519,E. coli,2024,Front Bioeng Biotechnol,ecoli_model_organism,True,True,,E. coli is a model organism suitable for recombinant production of non-proteinogenic amino acids,biological,model_organism,the recombinant production of these npAAs in a model organism like Escherichia coli paves the way for groundbreaking advancements in synthetic biology,1.0,False,6,0.5119585330264594,10.660367,2.2326348
39436600,E. coli,2025,Methods Mol Biol,ecoli_model_organism,True,True,,chosen as a model organism for gram-negative bacteria,historical,model_organism,"gram-negative and gram-positive model organism, i.e., Escherichia coli and Bacillus subtilis, respectively",1.0,False,1,0.3670212973324856,14.023227,7.364529
39377597,E. coli,2024,Microbiol Spectr,ecoli_model_organism,True,True,,E. coli was chosen as a representative Gram-negative model organism for comparison with the Gram-positive model B. subtilis,biological,model_organism_representation,the Gram-negative model organism Escherichia coli to auranofin when compared to the Gram-positive model organism Bacillus subtilis,1.0,False,8,1.0,13.9769335,1.3771971
39207104,E. coli,2024,mBio,ecoli_model_organism,True,True,,E. coli is a well-established model organism within the Enterobacteriaceae,historical,model_organism_status,containing the model organism Escherichia coli,1.0,False,11,0.8121896328313338,11.962899,-0.06068657
39068340,E. coli,2024,Methods Mol Biol,ecoli_model_organism,True,True,,E. coli is used as a model organism for gram-negative bacteria,historical,model_organism_status,The majority of the studies on gram-negative bacteria are conducted using the expression system of the model organism Escherichia coli,1.0,False,8,1.0,13.799327,1.3603172
39051562,E. coli,2024,Nucleic Acids Res,ecoli_model_organism,True,True,,E. coli has been widely used as a model for studying bacterial translesion synthesis mechanisms,historical,model_organism_precedent,The gram-negative bacterium Escherichia coli has served as the model organism for studies of the molecular mechanisms of bacterial TLS,1.0,False,-1,0.0,10.630809,0.9184313
38982189,E. coli,2024,FEMS Microbiol Rev,ecoli_model_organism,True,True,,E. coli is a well-established model organism with historically significant contributions to molecular biology,historical,model_organism_status,"Research on Escherichia coli DNA replication paved the groundwork for many breakthrough discoveries with important implications for our understanding of human molecular biology, due to the high level of conservation of key molecular processes involved",1.0,False,11,0.6711317817544826,11.612416,0.18428244
38982189,E. coli,2024,FEMS Microbiol Rev,ecoli_model_organism,True,True,,E. coli is relevant for studying antibiotic resistance through replication fidelity,biological,antibiotic_resistance,the understanding of factors influencing replication fidelity might be important for studies on the emergence of antibiotic resistance,1.0,False,-1,0.0,12.771415,1.9420534
38982189,E. coli,2024,FEMS Microbiol Rev,ecoli_model_organism,True,True,,Advanced techniques are widely accessible for E. coli studies,technical,technique_availability,"the wide access to high-resolution single-molecule and live-cell imaging, whole genome sequencing, and cryo-electron microscopy techniques... allows us to revisit certain assumptions about the replisomes",0.744,False,-1,0.0,11.2329445,0.4393632
38963481,E. coli,2024,Subcell Biochem,ecoli_model_organism,True,True,,E. coli is used as a model organism for studying CueR,historical,model_organism,we review the regulatory roles of CueR in the model organism Escherichia coli,1.0,False,12,1.0,13.28903,0.3505897
38864557,E. coli,2024,EcoSal Plus,ecoli_model_organism,True,True,,E. coli has a small and circular genome,biological,genome_size,its small and circular genome (4.6 million base pairs),1.0,False,11,0.6948290648184416,12.167375,-0.4768342
38864557,E. coli,2024,EcoSal Plus,ecoli_model_organism,True,True,,E. coli has well-characterized biochemical pathways,technical,pathway_characterization,well-characterized biochemical pathways,1.0,False,11,0.7029261149766348,10.956435,-0.23546799
38757952,E. coli,2024,mBio,ecoli_model_organism,True,True,,E. coli is used as a model organism for studying signal transduction,historical,model_organism_status,"One gut inhabitant, Escherichia coli, is a model organism for studying signal transduction.",1.0,False,-1,0.0,12.542701,0.9087539
38345152,E. coli,2024,J Biomed Mater Res B Appl Biomater,ecoli_model_organism,True,True,,used as a representative model organism for testing HHP decontamination,biological,model_organism_use,"Using Escherichia coli (E. coli) as a model organism, HHP treatment parameters like temperature and duration, pressurization medium, and the number of treatment cycles were systematically adjusted to maximize the efficiency of inactivating logarithmic and stationary phase bacteria.",1.0,False,12,0.813443449267518,13.137726,0.56398946
38187591,E. coli,2023,bioRxiv,ecoli_model_organism,True,True,,E. coli is a model organism,historical,model_organism,the model organism Escherichia coli,1.0,False,-1,0.0,12.368975,-0.18247661
38078717,E. coli,2024,Microbiol Spectr,ecoli_model_organism,True,True,,E. coli has traditionally been used to study fluoroquinolone antibiotic tolerance,historical,research_precedent,which has traditionally been used to study fluoroquinolone antibiotic tolerance,1.0,False,9,1.0,13.0323,1.6389923
38054714,E. coli,2024,Microbiol Spectr,ecoli_model_organism,True,True,,E. coli was chosen as a representative gram-negative model organism,biological,gram_negative_representation,in the gram-negative model organism Escherichia coli,1.0,False,8,1.0,13.86805,1.3971546
37823039,E. coli,2023,Synth Syst Biotechnol,ecoli_model_organism,True,True,,E. coli is used as a model organism,historical,model_organism,in the model organism Escherichia coli,1.0,False,12,1.0,13.21418,0.43841022
37792901,E. coli,2023,PLoS Genet,ecoli_model_organism,True,True,,E. coli K-12 is a well-established model organism in bacteriology,historical,model_organism_status,Escherichia coli K-12 is a model organism for bacteriology and has served as a workhorse for molecular biology and biochemistry for over a century since its first isolation in 1922,1.0,False,11,0.9857504255834378,11.876143,-0.010662084
37780019,E. coli,2023,ACS Omega,ecoli_model_organism,True,True,,E. coli was chosen as a representative Gram-negative bacterium,biological,model_organism_selection,as a Gram-negative model organism,1.0,False,8,0.999357113283038,13.9119215,1.5035213
37759570,E. coli,2023,Biology (Basel),ecoli_model_organism,True,True,,E. coli was chosen because it grows quickly and is easy to manipulate genetically,technical,growth_kinetics,its fast growth and easy manipulation,1.0,False,-1,0.0,12.054481,2.386411
37586589,E. coli,2023,J Biol Chem,ecoli_model_organism,True,True,,focus on E. coli is due to the availability of studies using it as a model,historical,availability_of_research,"In the current review, which is mainly focused on studies using Escherichia coli as a model organism",1.0,False,5,0.265781030374145,14.366077,2.2147164
37550824,E. coli,2023,ACS Appl Mater Interfaces,ecoli_model_organism,True,True,,E. coli was used as a model organism to study the antibacterial mechanism,biological,model_organism,"The specific antibacterial mechanism against E. coli used as a model organism is unveiled using several cell envelope structural and functional analyses combined with proteomics, peptidoglycomics, and fluorescence probe techniques.",1.0,False,9,1.0,13.158941,1.541503
37432124,E. coli,2023,Microbiol Spectr,ecoli_model_organism,True,True,,E. coli was used to demonstrate TelE toxicity,technical,toxicity_assay,One of the six effectors named TelE displayed a strong toxicity when overexpressed in Escherichia coli,1.0,False,9,0.7518341286636459,12.674985,1.5836712
37289241,E. coli,2023,Appl Microbiol Biotechnol,ecoli_model_organism,True,True,,E. coli is widely used for recombinant protein expression and production of valuable products like molecular hydrogen,technical,expression_platform,"E. coli has found widespread use as an expression platform for producing recombinant proteins, molecular hydrogen (H(2)), and other valuable products",1.0,False,6,0.9681997666479035,10.643316,2.7687445
37271787,E. coli,2023,Environ Sci Pollut Res Int,ecoli_model_organism,True,True,,used as a model organism for toxicity testing,biological,toxicity_assay,employing Escherichia coli as a model organism,1.0,False,3,1.0,7.7228,3.4391181
37080413,E. coli,2023,Phytochemistry,ecoli_model_organism,True,True,,E. coli was used to produce diverse polyprenyl diphosphate precursors for characterizing the enzyme,technical,metabolic_engineering,through an engineered Escherichia coli producing diverse polyprenyl diphosphate precursors,1.0,False,-1,0.0,11.249275,1.9941154
36971548,E. coli,2023,J Bacteriol,ecoli_model_organism,True,True,,E. coli has been extensively used to characterize the Lol system,historical,prior_characterization,Lol proteins and models of how Lol transfers lipoproteins from the inner to the outer membrane have been extensively characterized in the model organism Escherichia coli,1.0,False,-1,0.0,12.55827,1.0723944
36853057,E. coli,2023,Microbiol Spectr,ecoli_model_organism,True,True,,E. coli is used as a model organism for studying antibiotic responses,biological,model_organism,this model organism,1.0,False,9,1.0,13.083746,1.5649614
36837769,E. coli,2023,Metabolites,ecoli_model_organism,True,True,,E. coli is a widely used model organism,historical,model_organism_status,this widely applied model organism,1.0,False,-1,0.0,12.994283,0.3105292
36826281,E. coli,2023,Gels,ecoli_model_organism,True,True,,E. coli was used as a model organism for antibacterial study,biological,model_organism_use,E. coli was used as a model microbial organism for the antibacterial study,1.0,False,9,1.0,13.193028,1.5669556
36821579,E. coli,2023,PLoS One,ecoli_model_organism,True,True,,E. coli OP50 is the standard bacterial diet for C. elegans,historical,standard_protocol,the standard bacterial diet Escherichia coli OP50,1.0,False,-1,0.0,14.939624,1.1133251
36786055,E. coli,2023,Dis Model Mech,ecoli_model_organism,True,True,,E. coli bacterial ghosts serve as a non-replicating nutrient source to prevent bacterial overgrowth during compound exposure,technical,nutrient_source,"Escherichia coli bacterial ghosts, a non-replicating nutrient source, allow compound exposures over two life cycles, mitigating bacterial overgrowth complications",1.0,False,7,0.5757954261807995,13.556342,2.0903113
36771155,E. coli,2023,Molecules,ecoli_model_organism,True,True,,E. coli is a model organism with advanced synthetic biology and metabolic engineering tools available,technical,genetic_tool_availability,"Recent progress in synthetic biology and metabolic engineering tools has enabled microbial systems to be a production system of HMOs. In this regard, the model organism Escherichia coli has emerged as the preferred production platform.",1.0,False,11,0.6555613431130023,11.165591,0.2415461
36745549,E. coli,2023,Microb Genom,ecoli_model_organism,True,True,,E. coli K-12 has been a foundational model organism in molecular biology,historical,model_organism_pedigree,since then it has become an invaluable model organism and a cornerstone of molecular biology research,1.0,False,11,0.7555092291334901,11.856492,0.02343715
36656064,E. coli,2023,Anal Chem,ecoli_model_organism,True,True,,E. coli is an important prokaryotic model organism,biological,model_organism,"E. coli, an important prokaryotic model organism and a widely used microbial factory",1.0,False,11,0.6787980691118163,12.068834,0.09514386
36656064,E. coli,2023,Anal Chem,ecoli_model_organism,True,True,,E. coli is a widely used microbial factory,technical,industrial_application,a widely used microbial factory,1.0,False,7,0.54361656268403,13.795147,2.1742082
36409154,E. coli,2022,Microbiol Spectr,ecoli_model_organism,True,True,,E. coli is used as a model organism for studying antibiotic uptake in Gram-negative bacteria,biological,model_organism,the Gram-negative model organism Escherichia coli,1.0,False,9,0.8816594161821384,13.192457,1.2964873
36288792,E. coli,2022,ACS Appl Mater Interfaces,ecoli_model_organism,True,True,,used for technical validation of the chip,technical,device_validation,"Technical validation, performed with the model organism Escherichia coli expressing a fluorescent protein, showed that this low-cost, bioinert, and widely modifiable chip is rapidly colonized by microorganisms.",1.0,False,3,0.7120955788876357,7.9865904,2.7621768
36281624,E. coli,2022,Aging Cell,ecoli_model_organism,True,True,,use of live OP50 E. coli as food source in nematode experiments,technical,food_source,in experiments using live OP50 Escherichia coli as a food source,1.0,False,-1,0.0,14.964283,1.1208755
36271796,E. coli,2023,Nucleic Acids Res,ecoli_model_organism,True,True,,E. coli was chosen because it is a model organism,biological,model_organism,we adapted and improved our method to investigate T1TAs in the model organism Escherichia coli,1.0,False,4,1.0,12.473907,2.178998
35910622,E. coli,2022,Front Microbiol,ecoli_model_organism,True,True,,use of a simple model organism for examining amino acid fingerprinting,technical,model_organism_simplicity,within our linear discriminant analysis with a simple model organism to examine potential amino acid fingerprinting,1.0,False,-1,0.0,6.388053,2.7939122
35809555,E. coli,2022,Brief Bioinform,ecoli_model_organism,True,True,,E. coli is a classical model organism,historical,model_organism_status,this classical model organism,1.0,False,11,0.6529685750622899,12.418296,-0.23583002
35796852,E. coli,2022,Biotechnol Lett,ecoli_model_organism,True,True,,E. coli is a well-established cell factory for recombinant protein production,technical,expression_platform,its use as a cell factory is well established and it has become the most popular expression platform particularly for non-glycosylated therapeutic proteins,1.0,False,6,0.9363564167460573,10.732368,2.6965652
35796852,E. coli,2022,Biotechnol Lett,ecoli_model_organism,True,True,,E. coli has a long history of use in biopharmaceutical production,historical,historical_use,"Since the manufacture of the first biotech product for a fledgling biopharmaceutical industry in 1982, Escherichia coli, has played an important role in the industrial production of recombinant proteins",1.0,False,-1,0.0,10.117235,3.081358
35796852,E. coli,2022,Biotechnol Lett,ecoli_model_organism,True,True,,Recent advancements enable E. coli to produce complex proteins,technical,engineered_strains,"new advancements in the E. coli expression system to meet the biotechnology industry requirements, such as novel engineered strains to glycosylate heterologous proteins, add disulphide bonds and express complex proteins",1.0,False,6,1.0,10.880938,2.7604027
35796852,E. coli,2022,Biotechnol Lett,ecoli_model_organism,True,True,,E. coli is positioned to regain prominence due to emerging protein therapeutics,biological,protein_scaffolds,"with new antibody like scaffolds and mimetics emerging as future proteins of interest, E. coli has again the opportunity to be the selected as the production system of choice",1.0,False,6,0.7046745742400001,11.165569,2.6383758
35784616,E. coli,2022,J Microbiol Biol Educ,ecoli_model_organism,True,True,,E. coli has a knockout collection available for genetic studies,technical,genetic_tools,"E. coli has a knockout collection available, and we used a wild-type strain and a DeltamutS strain in the laboratory exercise.",1.0,False,-1,0.0,11.215958,0.1950043
35701417,E. coli,2022,Nat Commun,ecoli_model_organism,True,True,,chosen as a model organism,biological,model_organism,the model organism Escherichia coli,1.0,False,3,0.9524414194252981,7.8915954,4.0006332
35604119,E. coli,2022,mSystems,ecoli_model_organism,True,True,,E. coli is a well-studied Gram-negative model bacterium for the Psp response,historical,model_organism_precedent,Most knowledge about the Psp response derives from studies in the Gram-negative model bacterium Escherichia coli,1.0,False,8,0.8109812201708241,13.770444,1.2151212
35477006,E. coli,2022,Arch Biochem Biophys,ecoli_model_organism,True,True,,E. coli was used due to prior research on Mn-superoxide dismutase induction and regulation,historical,prior_research,The concept was materialized during our studies on the induction and regulation of the Mn-superoxide dismutase in this unicellular organism,1.0,False,-1,0.0,11.890209,1.8213973
35326787,E. coli,2022,Antibiotics (Basel),ecoli_model_organism,True,True,,E. coli has been extensively studied for the SOS response in antibiotic-induced mutagenesis,historical,prior_research,The role of the SOS response in stress- and antibiotic-induced mutagenesis has been characterized in detail in the model organism Escherichia coli,1.0,False,-1,0.0,12.844996,1.8535559
35253795,E. coli,2022,J Vis Exp,ecoli_model_organism,True,True,,used as a common lab strain for demonstration,historical,common_lab_strain,"A commonly used lab strain, Escherichia coli BL21(DE3), was used as a model organism in this study for demonstration purposes.",1.0,False,5,0.37115253809700655,14.350463,2.0613277
35208877,E. coli,2022,Microorganisms,ecoli_model_organism,True,True,,E. coli is used as a well-characterized model for comparison,historical,model_organism_status,"While this complex has been thoroughly characterized in the model organism Escherichia coli, much less is known about its functioning and/or its specific properties in other bacteria.",1.0,False,-1,0.0,14.153303,1.2517304
35087494,E. coli,2021,Front Microbiol,ecoli_model_organism,True,True,,E. coli was chosen because it is a model organism,historical,model_organism,the model organism Escherichia coli (E. coli),1.0,False,4,1.0,12.499147,2.2220516
34985746,E. coli,2022,Methods Mol Biol,ecoli_model_organism,True,True,,E. coli is a robust model organism,biological,robustness,"even in a robust model organism, such as Escherichia coli",1.0,False,11,0.8782855635940134,12.159895,-0.20988359
34978575,E. coli,2022,Mol Biol Evol,ecoli_model_organism,True,True,,used as a model for cellulosic biofilms to study nutrient procurement,technical,model_for_biofilms,"by using various Escherichia coli K-12 strains as a model for cellulosic biofilms, we demonstrate that cellulases facilitate the procurement of nutrients from bacterial biofilms",1.0,False,0,0.8174655450591102,12.250786,5.5417705
34784345,E. coli,2021,PLoS Biol,ecoli_model_organism,True,True,,E. coli is a well-established model organism for studying phage-host interactions,historical,model_organism_status,fundamental knowledge of the molecular mechanisms underlying phage-host interactions is mostly confined to a few traditional model systems,1.0,False,-1,0.0,12.774607,2.626936
34613759,E. coli,2021,Appl Environ Microbiol,ecoli_model_organism,True,True,,E. coli is a model organism for studying bacterial life cycle mechanisms,biological,model_organism,Characterization of the mechanisms that control entry into the death phase for the model organism E. coli not only deepens our understanding of the bacterial life cycle,1.0,False,11,0.73599844723157,12.044676,0.2739809
34552219,E. coli,2021,Nat Chem Biol,ecoli_model_organism,True,True,,E. coli is a well-studied model organism in biology,historical,model_organism_status,While E. coli are considered to be a well-studied model organism in biology,1.0,False,11,1.0,11.813323,-0.073691286
34331557,E. coli,2021,Appl Microbiol Biotechnol,ecoli_model_organism,True,True,,E. coli is a well-known model organism,historical,model_organism_status,the well-known model organism Escherichia coli,1.0,False,11,0.8858815282786832,11.835715,-0.15245269
34242084,E. coli,2021,EcoSal Plus,ecoli_model_organism,True,True,,E. coli is a well-established model organism for studying cellular behavior,historical,model_organism_status,in order to better understand and predict the behavior of this model organism,1.0,False,11,0.7986683111742465,11.933869,0.2321545
34028214,E. coli,2021,Adv Biol (Weinh),ecoli_model_organism,True,True,,E. coli is a biotechnologically relevant model organism,technical,model_organism_relevance,the biotechnologically highly relevant model organism Escherichia coli,1.0,False,-1,0.0,11.440075,0.22060114
33941580,E. coli,2021,Infect Immun,ecoli_model_organism,True,True,,E. coli is a model organism for comparative genomic studies due to many available sequenced genomes,technical,genome_availability,"With many sequenced genomes, it has served as a model organism for comparative genomic studies to understand the link between genetic content and potential for virulence.",1.0,False,11,0.6623918973876716,12.004791,0.23407139
33937339,E. coli,2021,Front Mol Biosci,ecoli_model_organism,True,True,,E. coli is used as a model organism for studying SecYEG-mediated protein transport,historical,model_organism_status,primarily in the model organism Escherichia coli,1.0,False,-1,0.0,11.889329,0.6717701
33913748,E. coli,2021,Microb Drug Resist,ecoli_model_organism,True,True,,E. coli ST131 is a high-risk multidrug-resistant clone with global distribution and niche adaptability,biological,pathogenicity,Escherichia coli ST131 is one of the high-risk multidrug-resistant clones with a global distribution and the ability to persist and colonize in a variety of niches.,1.0,False,7,1.0,13.450234,2.7832997
33913748,E. coli,2021,Microb Drug Resist,ecoli_model_organism,True,True,,E. coli ST131 serves as a model to study the emergence of superbugs,technical,model_relevance,E. coli ST131 is a great model organism to investigate the emergence of superbugs.,1.0,False,-1,0.0,13.727248,1.7468696
33913748,E. coli,2021,Microb Drug Resist,ecoli_model_organism,True,True,,E. coli ST131 can cause both intestinal and extraintestinal infections,biological,infection_capability,"This microorganism has the ability to cause intestinal and extraintestinal infections, and its accurate identification as well as its antibiotic resistance patterns are vitally important for a successful treatment strategy.",1.0,False,7,1.0,13.513117,2.8644264
33882407,E. coli,2021,Aquat Toxicol,ecoli_model_organism,True,True,,E. coli is used because it is a food source for C. elegans that can be chemosensorially recognized,biological,nutritional_value,"as it was upregulated only by E. coli cells, which can be chemosensorially recognized by C. elegans",1.0,False,-1,0.0,14.940925,1.1086975
33849976,E. coli,2021,mBio,ecoli_model_organism,True,True,,E. coli is the best-studied model for the Min system,historical,research_precedent,The Min system is best studied in Escherichia coli,1.0,False,-1,0.0,11.903973,0.31811443
33687766,E. coli,2021,J Basic Microbiol,ecoli_model_organism,True,True,,E. coli is commonly used in chemotaxis studies,historical,research_precedent,"In most of the chemotaxis studies, Escherichia coli has been used as a model organism.",1.0,False,-1,0.0,13.282188,-0.3389084
33685366,E. coli,2021,RNA Biol,ecoli_model_organism,True,True,,E. coli was used because the substrate specificity of Dus enzymes has been determined in this organism,historical,prior_characterization,their substrate specificity has been determined in Escherichia coli,1.0,False,-1,0.0,11.648141,1.8126409
33666292,E. coli,2021,Mol Microbiol,ecoli_model_organism,True,True,,E. coli is a Gram-negative model organism,historical,model_organism_status,In the Gram-negative model organism Escherichia coli,1.0,False,8,1.0,13.852573,1.3437434
33645541,E. coli,2021,Acta Crystallogr D Struct Biol,ecoli_model_organism,True,True,,E. coli was chosen for its suitability in heterologous protein expression,technical,heterologous_expression,The nucleotide sequence was codon-optimized for heterologous expression in Escherichia coli BL21 (DE3) Gold cells and the protein was subsequently overexpressed and purified,1.0,False,6,1.0,10.799733,2.8532968
33046008,E. coli,2020,BMC Microbiol,ecoli_model_organism,True,True,,E. coli was chosen as a model organism for studying polyunsaturated fatty acid responses,historical,model_organism,a survey of the polyunsaturated fatty acid responses in the model organism Escherichia coli has not been performed,1.0,False,-1,0.0,10.336966,0.5008359
32994326,E. coli,2020,mBio,ecoli_model_organism,True,True,,E. coli is a well-understood model organism with existing tools for studying carbon metabolism,technical,existing_tools,in the model microbe Escherichia coli where much is already understood and there are existing tools for the investigation of carbon metabolism and physiology,1.0,False,11,0.6453621705882849,11.205399,0.011604031
32853670,E. coli,2020,Int J Antimicrob Agents,ecoli_model_organism,True,True,,E. coli was chosen as a model organism to study the mode of action of OCT on Gram-negative bacteria,biological,model_organism_relevance,using Escherichia coli as a model organism as well as corresponding model membranes,1.0,False,9,0.8099495932340389,13.41412,1.3827848
32843538,E. coli,2020,mSystems,ecoli_model_organism,True,True,,used as a model organism for assessing predictive power of promoter tools,biological,model_organism_use,"Using Escherichia coli as a model organism, we demonstrated that while some tools are biased toward AT-rich sequences, others are very efficient in identifying real promoters with low false-negative rates.",1.0,False,3,1.0,7.733855,2.9595559
32839176,E. coli,2020,J Bacteriol,ecoli_model_organism,True,True,,E. coli was used to evaluate evolutionary conservation and phylogenetic relationships of efflux pumps,biological,evolutionary_conservation,"Using Escherichia coli as a model organism, we here evaluated the evolutionary conservation of drug efflux pumps and we provide phylogenetic analysis of the major efflux families",1.0,False,-1,0.0,12.979544,1.1055095
32810805,E. coli,2020,Sci Total Environ,ecoli_model_organism,True,True,,used as a host for screening genomic library,technical,genomic_screening,a genomic library constructed from P. putida KT2440 (DeltaDeltaars) was used to screen for resistance to Rox(III) in Escherichia coli,1.0,False,3,0.8016490986883233,5.759084,3.9497168
32753505,E. coli,2020,mSystems,ecoli_model_organism,True,True,,E. coli has been previously used in experimental evolution studies,historical,prior_use,Escherichia coli has been used as a model organism in experimental evolution studies for years,1.0,False,-1,0.0,12.318994,1.127372
32707936,E. coli,2020,Antibiotics (Basel),ecoli_model_organism,True,True,,E. coli was chosen due to its relevance in urinary tract device applications,biological,relevance_to_application_site,using Escherichia coli as a model organism and PDMS as a control due to its relevance in these applications,1.0,False,4,1.0,12.908843,2.4653752
32576674,E. coli,2020,mBio,ecoli_model_organism,True,True,,E. coli is a model organism with well-known transcription factors and regulatory networks,historical,model_organism_status,"This is particularly apparent for the model organism Escherichia coli as evolution has driven the emergence of species members with highly distinct genomes, which occupy extremely different niches in nature.",1.0,False,11,0.7198418708024276,11.550751,0.4870582
32385980,E. coli,2020,EcoSal Plus,ecoli_model_organism,True,True,,E. coli is one of the best-characterized model organisms,biological,model_organism_status,remains one of the best-characterized model organisms,1.0,False,11,1.0,11.659571,-0.40876037
32347079,E. coli,2020,J Microbiol Biotechnol,ecoli_model_organism,True,True,,E. coli is used as a model organism to study ABC transporters,biological,model_organism,Functional study of unknown ATP-binding cassette (ABC) superfamily transporters in the model organism E. coli is conducive to discovering new multidrug resistance-reversal targets and providing references for studying other ABC proteins of unknown function.,1.0,False,-1,0.0,12.985239,0.7585461
32309051,E. coli,2020,PeerJ,ecoli_model_organism,True,True,,used as a model organism for developing a detection method,biological,model_organism,"Escherichia coli was used as a model organism to develop a rapid, accurate, and reliable multiplex polymerase chain reaction (M-PCR) for the detection of four aminoglycoside modifying enzyme (AME) resistance genes Aac(6')-Ib, Aac(3)-II, Ant(3'')-Ia, and Aph(3')-Ia",1.0,False,3,1.0,7.926102,3.224308
32298268,E. coli,2020,PLoS Comput Biol,ecoli_model_organism,True,True,,E. coli is a model organism with a well-curated metabolic network reconstruction,biological,model_organism_status,"Utilizing a metabolic network reconstruction for the model organism Escherichia coli str. K-12 substr. MG1655 (iJO1366), we found that RIPTiDe correctly identifies context-specific metabolic pathway activity without supervision or knowledge of specific media conditions.",1.0,False,11,0.6938339015924723,11.210796,-0.06872755
32239579,E. coli,2020,Environ Microbiol,ecoli_model_organism,True,True,,E. coli is a well-characterized model organism for studying Moco biosynthesis,biological,model_organism_usage,the well-characterized Moco biosynthesis in the model organism Escherichia coli,1.0,False,11,0.9058433777046425,11.617056,-0.121646434
32198385,E. coli,2020,Nat Commun,ecoli_model_organism,True,True,,E. coli is a well-established model organism for studying DNA repair mechanisms,historical,model_organism_status,"In the model organism Escherichia coli, helix distorting lesions are recognized by the UvrAB damage surveillance complex in the global genomic nucleotide excision repair pathway (GGR).",1.0,False,10,1.0,10.436402,1.3496642
32123737,E. coli,2020,ACS Cent Sci,ecoli_model_organism,True,True,,E. coli is a well-established model organism in biology,historical,model_organism_status,a beacon model organism in biology,1.0,False,11,0.8643780296548526,11.810899,0.09706078
32038555,E. coli,2019,Front Microbiol,ecoli_model_organism,True,True,,E. coli OP50 is the standard laboratory food source for C. elegans,historical,standard_protocol,"the standard laboratory food source for C. elegans, Escherichia coli OP50",1.0,False,-1,0.0,14.960464,1.0975305
32034051,E. coli,2020,J Exp Biol,ecoli_model_organism,True,True,,"E. coli is a human commensal, making it easy to breed in the lab",biological,commensal_relationship,"First, these model organisms are abundant human commensals: they are the bacteria in our gut, the yeast in our beer and bread, the nematodes in our compost pile, the flies in our kitchen and the mice in our walls.",1.0,False,-1,0.0,13.12728,2.504015
32034051,E. coli,2020,J Exp Biol,ecoli_model_organism,True,True,,"E. coli is cheaply, easily, and rapidly bred in the laboratory",technical,ease_of_culturing,"Because of this, they are cheaply, easily and rapidly bred in the laboratory and in addition were amenable to genetic analysis.",1.0,False,-1,0.0,12.634026,2.3653827
32034051,E. coli,2020,J Exp Biol,ecoli_model_organism,True,True,,E. coli is amenable to genetic analysis,technical,genetic_manipulability,and in addition were amenable to genetic analysis.,1.0,False,-1,0.0,10.93965,0.37462148
31921813,E. coli,2019,Front Bioeng Biotechnol,ecoli_model_organism,True,True,,E. coli is easy to genetically modify,technical,genetic_modification,"Due to its ease of genetic modification and well-characterized metabolism, Escherichia coli has established itself as a model organism to study and tailor microbial fatty acid biosynthesis using a concerted genetic engineering approach.",1.0,False,-1,0.0,11.043189,0.28606823
31921813,E. coli,2019,Front Bioeng Biotechnol,ecoli_model_organism,True,True,,E. coli has well-characterized metabolism,biological,metabolism,"Due to its ease of genetic modification and well-characterized metabolism, Escherichia coli has established itself as a model organism to study and tailor microbial fatty acid biosynthesis using a concerted genetic engineering approach.",1.0,False,11,0.7691601361990665,10.965997,-0.25849196
31848269,E. coli,2019,mBio,ecoli_model_organism,True,True,,E. coli is used because it is a well-known model organism where quantitative principles have been extensively studied,historical,model_organism_precedent,"these approaches are often exclusively applied to the best-known model organism, E. coli",1.0,False,5,0.2899130709754109,14.394075,2.2419198
31831610,E. coli,2019,Microbiol Resour Announc,ecoli_model_organism,True,True,,chosen as a model organism for studying antibiotic resistance reversion,biological,antibiotic_resistance,"a model organism used for studying possible antibiotic resistance reversion induced by FS-1, an iodine-containing complex",1.0,False,9,1.0,13.019523,1.6189102
31665357,E. coli,2020,J Antimicrob Chemother,ecoli_model_organism,True,True,,E. coli was used as a model organism for screening antibacterial compounds,biological,model_organism,the Gram-negative model organism Escherichia coli,1.0,False,9,1.0,13.151791,1.5539304
31640553,E. coli,2019,BMC Genomics,ecoli_model_organism,True,True,,E. coli C produces robust biofilms compared to other lab strains,biological,biofilm_formation,Escherichia coli C forms more robust biofilms than other laboratory strains,1.0,False,0,0.5702967186727153,12.429323,5.2680387
31640553,E. coli,2019,BMC Genomics,ecoli_model_organism,True,True,,E. coli C is safe for laboratory use,technical,biosafety,"It is the last of five E. coli strains (C, K12, B, W, Crooks) designated as safe for laboratory purposes whose genome has not been sequenced",1.0,False,-1,0.0,13.743054,2.144854
31640553,E. coli,2019,BMC Genomics,ecoli_model_organism,True,True,,E. coli C retains biofilm-forming ability unlike lab-adapted strains,biological,phenotypic_stability,"Most laboratory strains of E. coli grown for decades in vitro have evolved and lost their ability to form biofilm, while environmental isolates that can cause infections and diseases are not safe to work with",1.0,False,0,0.5769606424618713,12.444192,5.2054324
31640553,E. coli,2019,BMC Genomics,ecoli_model_organism,True,True,,E. coli C is suitable as a model for multicellular bacterial research due to biofilm production,biological,model_system_applicability,"Here, we show that the historic laboratory strain of E. coli C produces a robust biofilm and can be used as a model organism for multicellular bacterial research",1.0,False,0,0.6976002836737658,12.41922,5.2878075
31517366,E. coli,2019,Metallomics,ecoli_model_organism,True,True,,E. coli is used because it is a well-studied model organism for molybdenum- and iron-dependent regulation of molybdoenzyme and Moco biosynthesis genes,historical,model_organism_status,In this review we focus on what is known about the molybdenum- and iron-dependent regulation of molybdoenzyme and Moco biosynthesis genes in the model organism E. coli,1.0,False,-1,0.0,11.918649,1.6620667
31487417,E. coli,2019,J Appl Microbiol,ecoli_model_organism,True,True,,used as a model to study resuscitation of lactic acid-injured bacteria,biological,stress_response,"Using injured E. coli induced by lactic acid as a model organism, we validated the significant role of zinc on resuscitation of injured cells.",1.0,False,8,1.0,13.785541,1.539356
31214986,E. coli,2019,Subcell Biochem,ecoli_model_organism,True,True,,E. coli is a well-established model organism for studying bacterial processes,historical,model_organism_status,In the model organism Escherichia coli there are two complexes required for the elongation and division,1.0,False,11,0.6805760724220055,12.054099,0.4273542
31156562,E. coli,2019,Front Microbiol,ecoli_model_organism,True,True,,E. coli was used to explore the detectability and suitability of organic molecules as biosignatures,biological,biosignature_detection,The detectability and suitability of a small subset of organic molecules to adequately describe a living system is explored using the bacterium Escherichia coli as a model organism.,1.0,False,-1,0.0,13.005882,0.7195336
30962355,E. coli,2019,J Bacteriol,ecoli_model_organism,True,True,,E. coli was used because its FHL-1 complex is well studied and serves as a reference system,biological,reference_system,the prototype FHL-1 (Ec) complex in E. coli is well studied,1.0,False,-1,0.0,12.146592,1.4043498
30962355,E. coli,2019,J Bacteriol,ecoli_model_organism,True,True,,E. coli was used as a heterologous host to enable unambiguous proof and biochemical characterization of the T. guamensis FHL-2 complex,technical,heterologous_expression,"Cloning of the entire 13-kbp FHL-2 (Tg) operon in the heterologous E. coli host has now enabled us to unambiguously prove FHL-2 (Tg) activity, and it allowed us to characterize the FHL-2 (Tg) complex biochemically",1.0,False,6,0.618502247046502,11.055806,2.449212
30837344,E. coli,2019,mBio,ecoli_model_organism,True,True,,E. coli was used because it is a well-established model organism for studying small proteins,historical,model_organism_status,the model organism Escherichia coli,1.0,False,-1,0.0,11.506502,2.1180968
30830594,E. coli,2019,Biomol NMR Assign,ecoli_model_organism,True,True,,E. coli is used as a model organism for studying Gram-negative bacteria,biological,model_organism,T4 and T7 phages of Gram-negative model organism Escherichia coli,1.0,False,8,0.786468562201844,13.576511,1.2693413
30792443,E. coli,2019,Sci Rep,ecoli_model_organism,True,True,,E. coli is used as a prokaryotic model organism for studying eukaryotic membrane protein biogenesis,biological,model_organism_selection,"in the prokaryotic model organism Escherichia coli, important, e.g., for isotope-labeling for NMR",1.0,False,-1,0.0,11.071811,0.8325441
30786165,E. coli,2019,Curr Protoc Bioinformatics,ecoli_model_organism,True,True,,E. coli is a well-annotated model organism with comprehensive existing knowledge on transcriptional regulation,biological,transcriptional_regulation,"which has the advantage that results can be compared with the most up-to-date collection of existing knowledge about transcriptional regulation in this model organism, extracted from the RegulonDB database",1.0,False,11,0.737209083966894,11.536399,0.36735824
30761987,E. coli,2019,EcoSal Plus,ecoli_model_organism,True,True,,E. coli was central to prior discoveries in disulfide bond formation,historical,prior_discoveries,Escherichia coli played a central role as a model organism for the elucidation of the disulfide bond-forming machinery,1.0,False,-1,0.0,12.07344,0.4679432
32995528,E. coli,2019,Synth Biol (Oxf),ecoli_model_organism,True,True,,E. coli was used as a model organism for developing new ON-switching aptazymes,biological,model_organism,We developed new ON-switching aptazymes in the model organism Escherichia coli and in mammalian cell culture using the intensely studied guanine-sensing xpt aptamer.,1.0,False,12,0.8921465862479808,13.108541,0.4876868
30462289,E. coli,2019,Nucleic Acids Res,ecoli_model_organism,True,True,,E. coli is the best researched model organism,historical,research_history,"in the best researched model organism, Escherichia coli",1.0,False,11,1.0,11.767633,-0.5511964
30381890,E. coli,2019,Microbiologyopen,ecoli_model_organism,True,True,,UPEC is a common cause of urinary tract infections,biological,pathogenic_relevance,"Although a number of bacteria can cause UTIs, most cases are due to infection by uropathogenic Escherichia coli (UPEC)",1.0,False,7,0.6597096403963072,13.314981,3.1504545
30369053,E. coli,2018,FEBS J,ecoli_model_organism,True,True,,E. coli was used as a model organism for expressing ancestral proteins,historical,model_organism_use,upon expression in the model organism Escherichia coli,1.0,False,-1,0.0,11.408987,2.1941261
30367005,E. coli,2019,Appl Environ Microbiol,ecoli_model_organism,True,True,,used as a model organism in a prior sink dispersal study,historical,prior_use_in_study_system,An earlier study using green fluorescent protein (GFP)-expressing Escherichia coli (GFP-E. coli) as a model organism demonstrated dispersal from drain biofilms in contaminated sinks.,1.0,False,3,1.0,7.8267303,3.3453295
30241531,E. coli,2018,Microb Cell Fact,ecoli_model_organism,True,True,,E. coli is a suitable chassis strain for L-PAPA production,biological,chassis_suitability,Here we show that E. coli is a suitable chassis strain for L-PAPA production,1.0,False,-1,0.0,11.767126,2.1852298
30172296,E. coli,2018,Microbiol Res,ecoli_model_organism,True,True,,E. coli OP50 is the primary bacterium used in laboratory cultivation of C. elegans,technical,laboratory_practice,majorly on Escherichia coli OP50 when grown in the laboratory,1.0,False,-1,0.0,14.964189,1.1055775
30055324,E. coli,2018,Metab Eng,ecoli_model_organism,True,True,,E. coli was used because it is a non-carotenogenic model organism,biological,metabolic_deficiency,the non-carotenogenic model organism Escherichia coli,1.0,False,-1,0.0,12.739292,2.121752
30025248,E. coli,2018,Int J Food Microbiol,ecoli_model_organism,True,True,,E. coli O157:H7 is a significant food-borne pathogen,biological,pathogenicity,Escherichia coli O157:H7 is an important food-borne pathogenic microorganism,1.0,False,7,1.0,13.539464,2.8377342
30025248,E. coli,2018,Int J Food Microbiol,ecoli_model_organism,True,True,,E. coli is used as a model organism for studying microbial inactivation and mechanisms in sterilization technologies,historical,model_organism_use,has been used as a model organism for studying microbial inactivation effects and inactivation mechanism in various sterilization technologies,1.0,False,-1,0.0,13.189104,1.0495605
29982721,E. coli,2018,Nucleic Acids Res,ecoli_model_organism,True,True,,E. coli is used as a model organism for the study,biological,model_organism,in this model organism,1.0,False,12,0.9979749038751837,13.087052,0.5686426
29911102,E. coli,2018,Front Chem,ecoli_model_organism,True,True,,E. coli was chosen to investigate the application of the capsules in a biological system,biological,model_organism_use,"To investigate the application of the capsules in a biological system, Escherichia Coli (E. coli) was chosen as a model organism.",1.0,False,4,0.8292157043624555,12.799193,2.217421
29891673,E. coli,2018,Proc Natl Acad Sci U S A,ecoli_model_organism,True,True,,E. coli was chosen due to its genetic tractability,technical,genetic_tractability,Taking advantage of the genetic tractability of E. coli,1.0,False,4,1.0,12.47559,2.2963405
29790644,E. coli,2018,Biotechnol J,ecoli_model_organism,True,True,,E. coli was used because it is a model organism,historical,model_organism,"Although developed in model organism, the strategy of CMGE can be adapted to other prokaryotic cells.",1.0,False,-1,0.0,12.757475,2.0536504
29550333,E. coli,2018,Free Radic Biol Med,ecoli_model_organism,True,True,,E. coli is a well-established model organism for studying hydrogen peroxide stress,historical,model_organism_status,Escherichia coli is a model organism that has been exploited to reveal key details of hydrogen peroxide stress,1.0,False,-1,0.0,12.345366,1.5259124
29541066,E. coli,2018,Front Microbiol,ecoli_model_organism,True,True,,use of E. coli as a model due to historical significance in research,historical,research_legacy,In this review we will give a historical overview of significant findings which have led to the very detailed knowledge we now possess about the initiation process in bacteria using Escherichia coli as the model organism,1.0,False,5,0.2759230471693828,14.558243,2.2386827
29518040,E. coli,2018,Cells,ecoli_model_organism,True,True,,E. coli is widely used in basic biological research,historical,research_tradition,Escherichia coli (E. coli) has long been a popular model organism for basic biological research,1.0,False,-1,0.0,13.691579,1.9505804
29511080,E. coli,2018,mBio,ecoli_model_organism,True,True,,E. coli is the best-studied model bacterium,historical,model_organism_status,"in E. coli, the best-studied model bacterium",1.0,False,11,0.9842743264952736,11.845136,-0.49670514
29504925,E. coli,2018,Microbiology (Reading),ecoli_model_organism,True,True,,E. coli was used because it is a well-studied model organism for cardiolipin domains,historical,model_organism_status,Cardiolipin domains were originally identified in the Gram-negative model organism Escherichia coli,1.0,False,-1,0.0,12.172044,1.9127815
29446803,E. coli,2017,Int Microbiol,ecoli_model_organism,True,True,,E. coli is the most well-studied bacterial model organism,historical,model_organism_status,"Escherichia coli, the most well studied bacterial model organism",1.0,False,11,1.0,11.773581,-0.56349564
29387799,E. coli,2018,Sci Adv,ecoli_model_organism,True,True,,chosen as a heterotrophic model organism,biological,metabolic_type,establish a platform for engineering photosynthesis in a heterotrophic model organism,1.0,False,3,0.8955278496444321,7.9364,4.267851
29311274,E. coli,2018,J Bacteriol,ecoli_model_organism,True,True,,used as a model organism for studying polyP synthesis,biological,model_organism_use,"Using Escherichia coli as a model organism, we have identified the first known mutations in polyP kinase that lead to increases in cellular polyP content.",1.0,False,3,1.0,7.864654,3.263787
29250936,E. coli,2018,Microbiologyopen,ecoli_model_organism,True,True,,E. coli was used because it lacks a rpoE2 homolog,technical,genetic_background,"in Escherichia coli, which lacks a rpoE2 homolog",1.0,False,-1,0.0,12.606734,1.9656898
29161804,E. coli,2017,Environ Health Toxicol,ecoli_model_organism,True,True,,E. coli is used as a representative model organism for Gram-negative bacteria,biological,model_organism_representation,Escherichia coli is a model organism of Gram-negative Enterobacteriaceae.,1.0,False,8,1.0,13.843992,1.384317
29133402,E. coli,2017,Proc Natl Acad Sci U S A,ecoli_model_organism,True,True,,E. coli is used as a model organism for chemotaxis,biological,model_organism,a model organism for chemotaxis,1.0,False,-1,0.0,13.2699,-0.37245956
28968100,E. coli,2017,J Proteome Res,ecoli_model_organism,True,True,,E. coli was chosen because it is a widely studied model organism,historical,model_organism_status,applied to the widely studied model organism Escherichia coli,1.0,False,4,1.0,12.293749,2.0704672
28951266,E. coli,2017,Metab Eng,ecoli_model_organism,True,True,,E. coli is a frequently used model organism under the studied growth conditions,historical,model_organism_usage,a frequently used model organism and growth condition,1.0,False,-1,0.0,12.863131,0.6110539
28904250,E. coli,2018,J Gen Appl Microbiol,ecoli_model_organism,True,True,,E. coli is a well-established model organism for prokaryotic transcription studies,historical,research_tradition,Scientists working in the field of prokaryotic transcription in Japan have made considerable contributions to the elucidation of genetic frameworks and regulatory modes of the genome transcription in E. coli K-12.,1.0,False,-1,0.0,11.570195,0.38827488
28903046,E. coli,2017,Cell Rep,ecoli_model_organism,True,True,,E. coli is used as a model organism,historical,model_organism,the model organism Escherichia coli,1.0,False,12,1.0,13.225203,0.41923293
28871248,E. coli,2017,Front Microbiol,ecoli_model_organism,True,True,,used for genetic complementation to demonstrate enzyme activity,technical,genetic_complementation,The predicted pyrophosphokinase activity of RelS(Cg) was demonstrated by means of genetic complementation of an Escherichia coli DeltarelADeltaspoT strain.,1.0,False,-1,0.0,11.087208,2.0337536
28842878,E. coli,2017,Methods Mol Biol,ecoli_model_organism,True,True,,chosen as a model organism for studying DNA-protein interactions and gene expression,biological,model_organism,in the model organism Escherichia coli K12 MG1655 (E. coli),1.0,False,3,0.8872986468092643,8.039209,2.7450652
28820904,E. coli,2017,PLoS One,ecoli_model_organism,True,True,,E. coli was used because it is a model organism in which metabolic cross-feeding has been previously demonstrated,historical,model_organism_status,"as demonstrated in a recent study of the model organism Escherichia coli, metabolic cross-feeding can arise in monoclonal colonies of bacteria driven merely by spatial heterogeneity in the availability of growth substrates; namely, acetate, glucose and oxygen",1.0,False,-1,0.0,12.972721,2.1320076
28715702,E. coli,2017,Curr Opin Biotechnol,ecoli_model_organism,True,True,,E. coli is a well-known model organism,historical,model_organism_status,into the well-known model organism Escherichia coli,1.0,False,11,0.9763942081232727,11.80597,-0.18977024
28484047,E. coli,2017,J Bacteriol,ecoli_model_organism,True,True,,E. coli is traditionally used to study chemotaxis signaling and motility,historical,model_organism_tradition,Escherichia coli is the traditional model organism to study chemotaxis signaling and motility,1.0,False,-1,0.0,13.249434,-0.35245672
28379538,E. coli,2017,Nucleic Acids Res,ecoli_model_organism,True,True,,E. coli is a well-established model organism in scientific research,historical,model_organism_status,Escherichia coli BL21(DE3) has long served as a model organism for scientific research,1.0,False,11,0.8269338221893119,11.807608,0.019217635
28379538,E. coli,2017,Nucleic Acids Res,ecoli_model_organism,True,True,,E. coli BL21(DE3) is widely used in biotechnology,technical,biotech_applications,as well as a workhorse for biotechnology,1.0,False,-1,0.0,10.302374,3.019482
28217125,E. coli,2017,Front Microbiol,ecoli_model_organism,True,True,,E. coli has been extensively studied for several decades,historical,research_history,The study of the Escherichia coli degradosome has been performed extensively for the last several decades,1.0,False,11,1.0,11.540081,-0.3956733
28045126,E. coli,2017,Sci Rep,ecoli_model_organism,True,True,,E. coli is a well-established model organism with a comprehensive genome-scale metabolic reconstruction available,historical,model_organism_status,has been particularly successful for the model organism Escherichia coli,1.0,False,11,0.7111409670140331,11.215687,-0.08854894
27899573,E. coli,2017,Nucleic Acids Res,ecoli_model_organism,True,True,,E. coli is the best-studied bacterial model organism,historical,model_organism_status,the best-studied bacterial model organism,1.0,False,11,0.9247958434189577,11.787131,-0.5623637
27842452,E. coli,2017,Acta Microbiol Immunol Hung,ecoli_model_organism,True,True,,E. coli has been used as a model organism in molecular genetics and physiology since the 1960s,historical,model_organism_history,It has served as a model organism for studies in molecular genetics and physiology since the 1960s,1.0,False,-1,0.0,12.674901,0.6142989
27595277,E. coli,2016,J Proteome Res,ecoli_model_organism,True,True,,E. coli is a well-established model organism for studying fatty acid metabolism,historical,model_organism_use,a model organism for studies of fatty acid metabolism,1.0,False,-1,0.0,10.600467,0.27834398
27494903,E. coli,2016,J Antimicrob Chemother,ecoli_model_organism,True,True,,used as a representative Gram-negative bacterium for antibacterial testing,technical,model_organism_use,Escherichia coli (as a model organism),1.0,False,8,0.98889152278249,13.83648,1.5739478
27342196,E. coli,2016,BMC Genomics,ecoli_model_organism,True,True,,E. coli was used as a model organism for generating a training set of gene fusions,biological,model_organism_use,121 fusions in the model organism Escherichia coli,1.0,False,-1,0.0,11.571226,0.92778045
27147053,E. coli,2016,Methods Mol Biol,ecoli_model_organism,True,True,,E. coli provides the DNA adenine methyltransferase enzyme used in the DamID technique,technical,enzyme_source,"DamID is based on the in vivo expression of a chromatin-associated protein of interest fused to the Escherichia coli DNA adenine methyltransferase, which produces unique identification tags at binding site in the genome",1.0,False,10,0.7421941394474376,10.794964,1.4343625
27072110,E. coli,2016,J Proteomics,ecoli_model_organism,True,True,,E. coli is a suitable model for studying antibiotic resistance mechanisms,biological,antibiotic_resistance,it is an excellent model organism for the study of antibiotic resistance mechanisms,1.0,False,9,1.0,13.01017,1.6808871
26919463,E. coli,2016,Chembiochem,ecoli_model_organism,True,True,,used as a model organism without further justification,historical,model_organism,Using Escherichia coli as a model organism,1.0,False,3,1.0,7.865058,3.4576569
26778551,E. coli,2016,Methods Enzymol,ecoli_model_organism,True,True,,BirA enzyme used in the method originates from E. coli,technical,enzyme_origin,an Escherichia coli biotinylase,1.0,False,6,0.9156484720607998,10.976571,2.602157
26731482,E. coli,2016,Curr Opin Microbiol,ecoli_model_organism,True,True,,extensive experimental characterization of its pathways and molecular components,historical,experimental_characterization,due to the extensive experimental characterization of its pathways and molecular components,1.0,False,3,0.9198764831707886,6.3719974,3.2255135
26644431,E. coli,2015,J Bacteriol,ecoli_model_organism,True,True,,E. coli is a well-established bacterial model organism for studying the stringent response,historical,model_organism_establishment,"The physiology of the stringent response has been the subject of investigation for more than 4 decades, with the majority of the work carried out using the bacterial model organism Escherichia coli",1.0,False,11,0.7375639252954181,12.120409,0.27356163
26528473,E. coli,2015,Front Bioeng Biotechnol,ecoli_model_organism,True,True,,used for validation of motif and degree distributions in network models,technical,model_validation,we validated by contrasting their resultant motif and degree distributions against existing network-growth models and data from the model organism of the bacterium Escherichia coli,1.0,False,-1,0.0,11.590931,1.2218065
26498643,E. coli,2015,J Biol Inorg Chem,ecoli_model_organism,True,True,,E. coli was used as a well-defined model organism for in vivo observations,biological,model_organism,These first in vivo observations in a well-defined model organism,1.0,False,12,0.6521408834135787,13.109589,0.6373971
26431771,E. coli,2015,J Theor Biol,ecoli_model_organism,True,True,,E. coli was used because previous studies on noise-plasticity correlations have been conducted in E. coli,historical,prior_studies,"In recent studies on yeast and E. coli, only some gene groups with specific properties of promoter architecture, average expression levels, and functions exhibited strong noise-plasticity correlations",1.0,False,-1,0.0,11.934477,1.8418404
26355499,E. coli,2016,Mol Microbiol,ecoli_model_organism,True,True,,E. coli is the historical model organism for studying chemotaxis,historical,model_organism_history,"Escherichia coli, the historical model organism for studying chemotaxis, has five well-studied chemoreceptors.",1.0,False,-1,0.0,13.273362,-0.39759028
26251500,E. coli,2015,Genome Announc,ecoli_model_organism,True,True,,chosen for its robust physiologic phenotypes,biological,physiological_robustness,robust physiologic phenotypes,1.0,False,3,0.8619375997553399,7.0523295,2.701286
26101887,E. coli,2015,PLoS One,ecoli_model_organism,True,True,,Non-pathogenic strain MTCC433 has similar survival pattern to pathogenic O157-TNAU in tropical soils,biological,survival_pattern,"As the survival pattern of non-pathogenic strain, MTCC433 is similar to O157-TNAU in tropical soils, the former can be used as safe model organism for open field studies.",1.0,False,7,0.5805381781004028,13.804662,3.1012273
25962741,E. coli,2015,Protein Expr Purif,ecoli_model_organism,True,True,,E. coli is an easy to handle bacterial system,technical,experimental_handling,the isolation of high amounts of active eukaryotic oxidosqualene cyclase in an easy to handle bacterial system,1.0,False,-1,0.0,11.28596,0.46487626
25945399,E. coli,2015,Langmuir,ecoli_model_organism,True,True,,E. coli is used as a model organism,historical,model_organism,Escherichia coli-a model organism and potential pathogen,1.0,False,12,1.0,13.223868,0.3944457
25888312,E. coli,2015,Vet Microbiol,ecoli_model_organism,True,True,,E. coli is used as a model organism for studying iron regulation via Fur and RyhB,historical,model_organism_status,RyhB in the model organism Escherichia coli,1.0,False,-1,0.0,11.7811,1.3511791
25865178,E. coli,2015,N Biotechnol,ecoli_model_organism,True,True,,E. coli is the most efficient and widely used prokaryotic host for recombinant protein and metabolite production,technical,recombinant_protein_production,The Gram-negative bacterium Escherichia coli is currently the most efficient and widely used prokaryotic host for recombinant protein and metabolite production,1.0,False,6,0.8274436144771943,10.768692,2.6207018
25862689,E. coli,2016,FEMS Microbiol Rev,ecoli_model_organism,True,True,,E. coli was historically the main model organism for studying bacterial membrane lipids,historical,model_organism_precedent,"For many decades, Escherichia coli was the main model organism for the study of bacterial membrane lipids",1.0,False,-1,0.0,10.6922245,0.5878726
25796394,E. coli,2014,Orig Life Evol Biosph,ecoli_model_organism,True,True,,E. coli is biology's best understood model organism,historical,model_organism_status,"biology's best understood model organism, Escherichia coli",1.0,False,11,0.948532945912417,11.750598,-0.41629714
25683088,E. coli,2015,Astrobiology,ecoli_model_organism,True,True,,E. coli was chosen because its growth and death are well understood in laboratory settings,biological,growth_kinetics,since its growth and death in the laboratory are well understood,1.0,False,4,1.0,12.267314,2.2965202
25661029,E. coli,2015,Chemosphere,ecoli_model_organism,True,True,,E. coli is suitable for studying toxicity and adaptation mechanisms to xenobiotic chemicals,biological,toxicity_mechanisms,Escherichia coli is a suitable model organism to investigate toxicity and adaptation mechanisms in bacteria exposed to xenobiotic chemicals,1.0,False,9,0.7675843063820326,12.780531,1.5332863
25481100,E. coli,2015,J Biotechnol,ecoli_model_organism,True,True,,E. coli was used because prior studies in this organism established the molecular mechanism of rifampicin resistance,historical,prior_knowledge,Studies in the model organism Escherichia coli helped to define the molecular mechanism of rifampicin-resistance demonstrating that resistance is mostly due to chromosomal mutations in rpoB gene encoding the RNA polymerase beta chain,1.0,False,9,0.8728308264687816,12.969211,1.7019297
25440997,E. coli,2015,Microbiol Res,ecoli_model_organism,True,True,,E. coli was used as a model organism to demonstrate XerC-mediated DNA inversion in a synthetic locus,biological,model_organism_use,"Here, we provide evidence that XerC mediates DNA inversion at the inverted repeats located on a synthetic locus that was introduced into the model organism Escherichia coli",1.0,False,10,1.0,10.511233,1.3526492
25325406,E. coli,2014,J Am Chem Soc,ecoli_model_organism,True,True,,chosen as a model organism for study,historical,model_organism,from the model organism Escherichia coli (EcFDH-H),1.0,False,3,1.0,7.9030967,3.8806045
25178863,E. coli,2014,J Appl Microbiol,ecoli_model_organism,True,True,,E. coli was chosen as a simple model organism for initial technology development,biological,model_organism,The suggested technology based on a simple model organism is one of the first attempts to develop a real-time monitor for reliable detection of airborne bacteria.,1.0,False,-1,0.0,12.561732,1.9085177
25141987,E. coli,2014,Mol Biosyst,ecoli_model_organism,True,True,,E. coli is referred to as a model organism,historical,model_organism_status,the model organism Escherichia coli,1.0,False,12,1.0,13.308272,0.3018772
25138074,E. coli,2014,World J Microbiol Biotechnol,ecoli_model_organism,True,True,,E. coli was chosen as a representative Gram-negative model organism,biological,model_organism,when tested against Gram negative model organism Escherichia coli K-12 were highly effective under certain conditions,1.0,False,8,1.0,13.888662,1.3892599
25059608,E. coli,2014,Methods Mol Biol,ecoli_model_organism,True,True,,E. coli was used because it is a lysine auxotroph that can be pre-labeled with heavy isotope-labeled lysine for feeding to C. elegans,technical,amino_acid_labeling,feeding the nematode on pre-labeled lysine auxotroph Escherichia coli,1.0,False,-1,0.0,14.917337,1.1244164
25014014,E. coli,2014,PLoS One,ecoli_model_organism,True,True,,E. coli is used as a model organism,historical,model_organism,the model organism Escherichia coli,1.0,False,12,1.0,13.193246,0.4317698
25009788,E. coli,2014,Redox Biol,ecoli_model_organism,True,True,,E. coli was chosen to evaluate the role of reactive oxygen species in resveratrol's antibacterial mechanism,biological,mechanism_of_action,Employing Escherichia coli as a model organism we have evaluated the role of diffusible reactive oxygen species in the events leading to inhibition of this organism by resveratrol,1.0,False,9,1.0,13.103753,1.5726572
24706134,E. coli,2013,Biointerphases,ecoli_model_organism,True,True,,use of GFP-expressing bacteria for staining,technical,fluorescent_labeling,as demonstrated here using GFP expressing Escherichia coli as model organism,1.0,False,-1,0.0,13.074269,6.884602
24699140,E. coli,2014,PLoS Genet,ecoli_model_organism,True,True,,E. coli is used as a model organism in studies of electron acceptor sensing and response,historical,model_organism_status,"However, even in the model organism Escherichia coli, established mechanisms only explain a small fraction of the hundreds of genes that are regulated during electron acceptor shifts.",1.0,False,-1,0.0,12.519604,1.1326511
24463506,E. coli,2014,Nature,ecoli_model_organism,True,True,,E. coli K-12 is a widely studied prokaryotic model organism,historical,model_organism_status,"Escherichia coli K-12, the most widely studied prokaryotic model organism",1.0,False,11,1.0,11.834098,-0.0912665
25780495,E. coli,2014,Stand Genomic Sci,ecoli_model_organism,True,True,,E. coli is the most widely studied bacterial model organism,historical,model_organism_status,"Although Escherichia coli is the most widely studied bacterial model organism and often considered to be the model bacterium per se, its type strain was until now forgotten from microbial genomics.",1.0,False,11,0.9449586975285561,11.820293,-0.55333334
25732334,E. coli,2014,J Mol Microbiol Biotechnol,ecoli_model_organism,True,True,,E. coli is a model organism for studying chromosome organization,historical,model_organism_status,the model organism Escherichia coli,1.0,False,11,0.7915278326609407,12.046077,-0.0066600605
24265943,E. coli,2013,Eur J Microbiol Immunol (Bp),ecoli_model_organism,True,True,,E. coli is a valuable model for studying metal ion homeostasis mechanisms,biological,metal_ion_homeostasis,"Escherichia coli proved a valuable in vitro model organism to elucidate essential mechanisms involved in uptake, storage, and export of metal ions",1.0,False,-1,0.0,12.3075,0.83848345
24224529,E. coli,2013,J Proteome Res,ecoli_model_organism,True,True,,E. coli is the most commonly used model organism,historical,common_usage,the most commonly used model organism,1.0,False,12,0.6134212895457282,13.104319,0.24360739
23881445,E. coli,2013,J Chem Ecol,ecoli_model_organism,True,True,,heterologous expression of the gene cluster was performed in E. coli,technical,heterologous_expression,"heterologous expression of the gene cluster in Escherichia coli were combined with mass spectrometry to demonstrate that iac-based degradation of IAA is likely to involve 2-hydroxy-IAA, 3-hydroxy-2-oxo-IAA, and catechol as intermediates",1.0,False,6,1.0,10.787056,2.8421113
23812979,E. coli,2013,Bioinformatics,ecoli_model_organism,True,True,,E. coli is the major model organism for prokaryotic biochemistry,historical,model_organism_status,the major model organism for biochemistry (Escherichia coli for prokaryotes and Homo sapiens for eukaryotes),1.0,False,11,0.6814897285405698,11.862897,0.014176641
23712352,E. coli,2013,Nat Rev Microbiol,ecoli_model_organism,True,True,,E. coli is the model organism with the most well-developed understanding of oxidative stress damage and defense,biological,stress_response,the model organism for which our understanding of damage and defence is most well developed,1.0,False,-1,0.0,11.9778805,1.5298318
23701827,E. coli,2013,BMC Microbiol,ecoli_model_organism,True,True,,E. coli is a model organism for studying pH homeostasis,biological,pH_homeostasis,"under conditions of alkaline stress. We hypothesised that the multidrug resistance protein MdtM, a recently characterised homologue of MdfA and a member of the major facilitator superfamily, also functions in alkaline pH homeostasis",1.0,False,11,0.7201798266527002,12.210962,0.41339356
23633942,E. coli,2013,PLoS Comput Biol,ecoli_model_organism,True,True,,E. coli is used due to its potential as a model organism for studying aging,biological,model_organism_potential,"Because of the potential of E. coli as a model organism, elucidating aging and protein aggregation in this bacterium may pave the way to significant advances in our global understanding of aging.",1.0,False,2,1.0,3.3294594,0.5281583
23564174,E. coli,2013,J Bacteriol,ecoli_model_organism,True,True,,E. coli is used as a model organism for studying menaquinone biosynthesis,biological,metabolic_pathway_elucidation,Escherichia coli is used as a model organism for elucidation of menaquinone biosynthesis,1.0,False,12,0.984454896152628,13.298793,0.35515505
23493878,E. coli,2013,Mol Biosyst,ecoli_model_organism,True,True,,previous study in E. coli suggested gene order and superhelicity gradient determine growth phase-dependent transcription,historical,prior_research,Our previous study in the model organism Escherichia coli suggested that the chromosomal gene order and a spatiotemporal gradient of DNA superhelicity associated with DNA replication determine the growth phase-dependent gene transcription,1.0,False,-1,0.0,11.91215,0.42242485
23469355,E. coli,2013,Genome Announc,ecoli_model_organism,True,True,,E. coli is widely used as a prokaryotic model organism,historical,model_organism_usage,Escherichia coli is employed widely as a prokaryotic model organism in the fields of biotechnology and microbiology,1.0,False,-1,0.0,12.874065,0.17027691
23414000,E. coli,2013,Environ Microbiol,ecoli_model_organism,True,True,,E. coli is recognized as an important model organism for bacterial research,historical,model_organism_status,Although Escherichia coli is an important model organism for bacterial research,1.0,False,11,0.6656837608687989,12.3793545,0.35389656
23350972,E. coli,2013,Mol Microbiol,ecoli_model_organism,True,True,,E. coli has been widely used as a model organism due to its historical role in molecular biology,historical,model_organism_legacy,"Escherichia coli has been the leading model organism for many decades. It is a fundamental player in modern biology, facilitating the molecular biology revolution of the last century.",1.0,False,-1,0.0,12.829801,0.59634334
23340801,E. coli,2013,Curr Top Microbiol Immunol,ecoli_model_organism,True,True,,E. coli has a broad spectrum of lifestyles and phenotypes,biological,lifestyle_diversity,"Because of this broad spectrum of lifestyles and phenotypes, E. coli is a well-suited model organism to study bacterial evolution and adaptation to different growth conditions and niches.",1.0,False,11,0.7091838281051408,11.32622,-0.32221586
23109553,E. coli,2013,Nucleic Acids Res,ecoli_model_organism,True,True,,E. coli is important as a model organism for biologists,biological,model_organism,Because of E. coli's importance as a model organism for biologists and as a biofactory for industry,1.0,False,-1,0.0,12.472685,0.2627653
23109553,E. coli,2013,Nucleic Acids Res,ecoli_model_organism,True,True,,E. coli is used as a biofactory for industrial applications,economic,industrial_application,Because of E. coli's importance as a model organism for biologists and as a biofactory for industry,1.0,False,-1,0.0,9.910561,3.1716366
23096577,E. coli,2013,Biotechnol Bioeng,ecoli_model_organism,True,True,,used as host cells for expression of a mutant thiolase gene library,technical,gene_expression,was developed employing Escherichia coli as host cells for expression of a mutant thiolase gene library,1.0,False,6,0.5592120498343327,11.165245,2.4093742
22994490,E. coli,2012,Annu Rev Microbiol,ecoli_model_organism,True,True,,E. coli is used as a model organism in the study of bacterial persistence,historical,model_organism,the model organism Escherichia coli,1.0,False,-1,0.0,13.325246,0.7763818
22956318,E. coli,2012,Rapid Commun Mass Spectrom,ecoli_model_organism,True,True,,E. coli is a relatively simple model organism,biological,model_organism_simplicity,this relatively simple model organism,1.0,False,11,0.6797984146015836,12.392884,-0.25624233
28959742,E. coli,2017,mSphere,ecoli_model_organism,True,True,,E. coli was used as a model organism to study susceptibility to carolacton,biological,model_organism,"we investigated if carolacton could act against Gram-negative bacteria, which are difficult targets because of their double-layered cytoplasmic envelope. We found that the model organism Escherichia coli is susceptible to carolacton",1.0,False,9,1.0,13.198193,1.4864633
28912490,E. coli,2017,Nat Commun,ecoli_model_organism,True,True,,E. coli was chosen as a model organism for studying interdependent gene regulatory and metabolic networks,biological,model_organism_usage,for the model organism Escherichia coli,1.0,False,-1,0.0,11.510908,0.9979069
22685012,E. coli,2012,Proteomics,ecoli_model_organism,True,True,,E. coli was chosen as a model organism for studying cellular response to MP196,biological,model_organism,Escherichia coli as model organism to the hexapeptide MP196,1.0,False,4,1.0,12.628415,2.03633
22662873,E. coli,2012,ACS Chem Biol,ecoli_model_organism,True,True,,E. coli was used because RF1 knockout strains enable unambiguous reassignment of the UAG stop codon for studying code evolution and incorporating unnatural amino acids,biological,genetic_code_engineering,"The RF1-knockout strains were autonomous and unambiguously reassigned UAG to encode natural or unnatural amino acids (Uaas) at multiple sites, affording a previously unavailable model for studying code evolution and a unique host for exploiting Uaas to evolve new biological functions",1.0,False,-1,0.0,11.243551,1.8140383
22349406,E. coli,2012,Anal Bioanal Chem,ecoli_model_organism,True,True,,used as a representative model for Gram-negative bacteria,biological,model_organism,using Escherichia coli as a model organism,1.0,False,8,1.0,13.839105,1.5523158
22256963,E. coli,2012,J Proteome Res,ecoli_model_organism,True,True,,E. coli lacks N-glycosylation machinery,biological,absence_of_pathway,since it lacks the N-glycosylation machinery found in mammalian systems and some pathogenic microbes,1.0,False,-1,0.0,13.130918,1.0878078
22245553,E. coli,2012,J Proteomics,ecoli_model_organism,True,True,,E. coli is a well-characterized model organism,biological,model_organism,"E. coli, a very well described prokaryote, has served as a model organism for several biological and biotechnological studies increasingly so since the completion of the E. coli genome-sequencing project",1.0,False,11,1.0,11.76383,-0.21060745
22202651,E. coli,2012,Protein Expr Purif,ecoli_model_organism,True,True,,E. coli was used because it enabled high expression and sufficient solubility of the recombinant protein,technical,protein_expression,Recombinant CeHsp70-1 was found to be highly expressed and sufficiently soluble in Escherichia coli,1.0,False,6,1.0,10.881893,2.8351204
22201544,E. coli,2012,Biochim Biophys Acta,ecoli_model_organism,True,True,,E. coli is used as a model organism,historical,model_organism,the model organism Escherichia coli,1.0,False,12,1.0,13.248754,0.39298764
22197036,E. coli,2012,Dev Comp Immunol,ecoli_model_organism,True,True,,high-level expression of the recombinant protein,technical,protein_expression,SDS-PAGE and western blotting analysis indicated a high-level expression of soluble EGFP/zsAPRIL protein in Escherichia coli BL21 (DE3),1.0,False,6,0.9021370393937879,10.671836,2.922996
22092855,E. coli,2011,FEMS Microbiol Lett,ecoli_model_organism,True,True,,E. coli has been widely used in prior Tat pathway studies,historical,prior_research,"To date, most of our understanding of Tat function has been obtained from studies using Escherichia coli as a model organism",1.0,False,-1,0.0,12.744911,1.3451929
22064863,E. coli,2012,Nucleic Acids Res,ecoli_model_organism,True,True,,E. coli is used as a model organism,biological,model_organism,biological knowledge about E. coli as a model organism,1.0,False,12,1.0,13.215173,0.3876183
21992408,E. coli,2011,BMC Res Notes,ecoli_model_organism,True,True,,E. coli is a well-studied prokaryotic model organism,biological,model_organism,Escherichia coli has been extensively studied as a prokaryotic model organism whose whole genome was determined in 1997,1.0,False,11,0.9093312500762204,11.7195425,-0.15822385
21895338,E. coli,2011,J Biomed Opt,ecoli_model_organism,True,True,,used as a prokaryotic model organism,historical,model_organism,the prokaryotic model organism Escherichia coli,1.0,False,-1,0.0,12.926947,0.20512904
21796380,E. coli,2011,Appl Microbiol Biotechnol,ecoli_model_organism,True,True,,E. coli is used as a well-established model for studying cell wall recycling,historical,model_organism_status,"in the Gram-negative model organism Escherichia coli, peptidoglycan recovery has been recognized as a complex pathway, named cell wall recycling",1.0,False,-1,0.0,13.6921015,1.2849389
21710566,E. coli,2011,Proteomics,ecoli_model_organism,True,True,,E. coli is used as a model organism for studying fundamental cellular processes,biological,fundamental_cellular_processes,Escherichia coli is a versatile model organism used in the analysis of fundamental cellular processes,1.0,False,-1,0.0,12.085742,0.7699313
21710566,E. coli,2011,Proteomics,ecoli_model_organism,True,True,,Much knowledge about protein quality control has been discovered in E. coli,historical,prior_knowledge_discovery,Much of what we know about protein quality control has been discovered in this microorganism,1.0,False,6,0.561600508112116,10.921623,2.4760995
21320602,E. coli,2011,Methods,ecoli_model_organism,True,True,,E. coli is a well-studied model organism with extensive genetic and metabolic data available,biological,genetic_knowledge,"Based on the extensive data available on the genetic and metabolic mechanisms of this model organism, conditions for optimal production can be derived.",1.0,False,11,0.7254152833208278,11.371675,-0.052405722
21265784,E. coli,2011,Biochem Soc Trans,ecoli_model_organism,True,True,,E. coli has long-known PII protein regulation of glutamine synthetase,biological,nitrogen_metabolism,These trimeric proteins (12 kDa per subunit) have in Escherichia coli long been known to regulate GS (glutamine synthetase) activity via its adenylyltransferase/adenylyl-removing enzyme,1.0,False,-1,0.0,13.298652,0.8968256
21255362,E. coli,2010,Microb Biotechnol,ecoli_model_organism,True,True,,E. coli is used as a well-established model for sRNA prediction in Gram-negative bacteria,biological,model_organism,Several experimental technologies to predict sRNA have been established for the Gram-negative model organism Escherichia coli,1.0,False,8,0.8229047787543963,13.960626,1.3222061
21189471,E. coli,2010,J Vis Exp,ecoli_model_organism,True,True,,E. coli is one of the best-characterized prokaryotes,biological,model_organism_characterization,one of the best-characterized prokaryotes,1.0,False,11,1.0,11.437045,-0.43867728
21189471,E. coli,2010,J Vis Exp,ecoli_model_organism,True,True,,"E. coli has been widely used as a model organism in biochemical, biological, and biotechnological studies",historical,research_history,"has served as the preferred model organism in countless biochemical, biological, and biotechnological studies",1.0,False,-1,0.0,12.673903,0.7127053
21167214,E. coli,2011,Mol Biochem Parasitol,ecoli_model_organism,True,True,,E. coli was used to propagate the expression vectors in their circular form,technical,plasmid_propagation,These expression vectors were propagated in Escherichia coli as circular plasmids and converted into linear episomes with telomere-like structures prior to transfection of L. tarentolae.,1.0,False,-1,0.0,10.983913,2.590793
21087385,E. coli,2011,Environ Microbiol,ecoli_model_organism,True,True,,E. coli is one of the primary model organisms used in bacterial taxis studies,historical,model_organism_usage,Studies of taxis have primarily used Escherichia coli and Salmonella as model organism,1.0,False,12,1.0,13.226835,0.39252254
21051340,E. coli,2011,Nucleic Acids Res,ecoli_model_organism,True,True,,use of DNA structural properties for modeling binding sites in E. coli,biological,dna_structure_recognition,explore the benefit of employing the structural characteristics of DNA to create binding-site models that encompass indirect recognition for the Escherichia coli model organism,1.0,False,10,1.0,10.653182,1.3034478
20961052,E. coli,2010,Anal Chem,ecoli_model_organism,True,True,,used as a nonpathogenic surrogate for pathogenic E. coli O157:H7,biological,pathogenicity_surrogate,as a nonpathogenic surrogate for pathogenic E. coli O157:H7,1.0,False,7,0.5666157589256205,13.891612,2.8933866
20946843,E. coli,2010,Methods Enzymol,ecoli_model_organism,True,True,,E. coli is used as a model organism for studying two-component signal transduction systems,biological,model_organism,These systems have been studied systematically in Escherichia coli as a model organism,1.0,False,-1,0.0,12.334959,0.9159891
20876091,E. coli,2010,Proc Natl Acad Sci U S A,ecoli_model_organism,True,True,,E. coli is a model organism,historical,model_organism,"the model organism, Escherichia coli",1.0,False,-1,0.0,12.373114,-0.21273272
20601498,E. coli,2010,Appl Environ Microbiol,ecoli_model_organism,True,True,,E. coli was chosen because it is genetically tractable,technical,genetic_tractability,"a prerequisite that is not often fulfilled. This study describes a novel functional genomic screen that is based on expression of inhibitors in a heterogeneous recombinant host (i.e., Escherichia coli)",1.0,False,4,1.0,12.371806,2.3101127
20587804,E. coli,2010,Sci Signal,ecoli_model_organism,True,True,,chemotaxis is well characterized in E. coli at phenotype and genotype levels,biological,phenotype_genotype_characterization,Although chemotaxis is well characterized at both the phenotype and genotype levels in the model organism Escherichia coli,1.0,False,-1,0.0,13.209038,-0.38937527
20418633,E. coli,2010,Water Sci Technol,ecoli_model_organism,True,True,,E. coli was chosen because it is the most commonly used faecal indicator strain,historical,indicator_organism_use,the most commonly used faecal indicator strain Escherichia coli,1.0,False,7,0.5507192824944562,13.588412,2.2569098
19916504,E. coli,2010,J Proteome Res,ecoli_model_organism,True,True,,used as a food source for isotopic labeling of C. elegans,technical,isotopic_labeling,we used stable isotopic labeling of whole animals by feeding them either (14)N or (15)N labeled Escherichia coli,1.0,False,-1,0.0,14.913271,1.1008717
19838305,E. coli,2009,PLoS One,ecoli_model_organism,True,True,,E. coli is a well-established model organism in molecular genetics research,historical,model_organism_status,Despite almost 40 years of molecular genetics research in Escherichia coli... this model organism,0.835,False,-1,0.0,11.50986,0.20257558
19816966,E. coli,2010,Biotechnol Bioeng,ecoli_model_organism,True,True,,E. coli has desired characteristics for a biotechnological platform cell,biological,desired_characteristics,Escherichia coli possess many of the desired characteristics of a platform cell and could serve as a useful model organism for the design and construction of a synthetic platform organism.,1.0,False,-1,0.0,11.323627,0.40883833
19735750,E. coli,2009,N Biotechnol,ecoli_model_organism,True,True,,used as a model organism to test method parameters in a proof-of-principle study,technical,proof_of_concept,"used Escherichia coli K12 MG1655 as a model organism to test parameters such as method fidelity, capacity or reproducibility as a proof-of-principle",1.0,False,3,1.0,7.850848,3.2227924
19703488,E. coli,2010,Prog Lipid Res,ecoli_model_organism,True,True,,E. coli is used as a bacterial model organism,historical,model_organism_status,In the bacterial model organism Escherichia coli,1.0,False,12,0.947860951585145,13.263328,0.44691125
19508279,E. coli,2009,FEMS Microbiol Lett,ecoli_model_organism,True,True,,E. coli is widely used in persistence studies,historical,research_precedent,Most studies on persistence have focused on the model organism Escherichia coli,1.0,False,-1,0.0,13.352758,1.6659374
19286665,E. coli,2009,J Biol Chem,ecoli_model_organism,True,True,,E. coli was used to express PpoA for functional analysis,technical,heterologous_expression,"To analyze the reaction catalyzed by Ppo enzymes, PpoA was expressed in Escherichia coli as an active enzyme",1.0,False,6,0.7256769837075631,11.188921,2.4754074
19215775,E. coli,2009,Prog Mol Biol Transl Sci,ecoli_model_organism,True,True,,E. coli is the major model organism for Gram-negative bacteria,historical,model_organism_status,"the major model organism for Gram-negatives, Escherichia coli, which dominates our view on RNA degradation in Bacteria",1.0,False,8,1.0,13.821892,1.288789
19118996,E. coli,2009,Biosens Bioelectron,ecoli_model_organism,True,True,,E. coli K12 D21 was used as a non-pathogenic model organism,biological,model_organism,"E. coli K12 D21, a non-pathogenic model organism",1.0,False,-1,0.0,13.99426,2.6849968
18957433,E. coli,2009,J Biol Chem,ecoli_model_organism,True,True,,E. coli was used because it produced a similar spectrum of mutagenic products as observed in human disease,biological,mutagenic_similarity,Studies of deletion mutants of CGG.CCG tracts in Escherichia coli plasmids revealed a similar spectrum of mutagenic products,1.0,False,-1,0.0,12.766911,2.2310162
18772288,E. coli,2008,Microbiol Mol Biol Rev,ecoli_model_organism,True,True,,E. coli was chosen because its heat shock response is one of the most well-characterized,biological,well_characterized_pathway,"one of the most well-characterized HSRs, that of Escherichia coli",1.0,False,4,1.0,12.283387,2.2914941
18628877,E. coli,2002,Comp Funct Genomics,ecoli_model_organism,True,True,,E. coli is a simple model organism,biological,model_organism,The results obtained here with a simple model organism are different from those obtained with most mammalian knockouts,1.0,False,11,0.6438452021169813,12.354561,-0.22502634
18592199,E. coli,2008,Methods Mol Biol,ecoli_model_organism,True,True,,E. coli is used as a model organism,biological,model_organism,for the model organism Escherichia coli,1.0,False,12,1.0,13.274789,0.3467561
18515854,E. coli,2008,J Biochem,ecoli_model_organism,True,True,,E. coli was used for functional characterization through over-expression and reconstitution,technical,heterologous_expression,the fruit fly protein coding by the CG6782 gene has been functionally characterized by over-expression in Escherichia coli and reconstitution into liposomes,1.0,False,6,0.6605782160347259,11.157772,2.418816
18483577,E. coli,2008,PLoS Comput Biol,ecoli_model_organism,True,True,,E. coli is the best-understood model for bacterial chemotaxis,biological,chemotaxis_pathway,"The best-understood is chemotaxis in the model organism Escherichia coli, where the dynamics and the structure of the underlying pathway are well characterised.",1.0,False,-1,0.0,13.251837,-0.3752411
18453280,E. coli,2008,Curr Top Microbiol Immunol,ecoli_model_organism,True,True,,E. coli is commonly found in the gastrointestinal tract with a community lifestyle,biological,habitat_prevalence,Escherichia coli is a predominant species among facultative anaerobic bacteria of the gastrointestinal tract. Both its frequent community lifestyle,1.0,False,7,0.8578126560362052,13.381236,2.705215
18453280,E. coli,2008,Curr Top Microbiol Immunol,ecoli_model_organism,True,True,,Genetic tools are available for E. coli,technical,genetic_manipulability,the availability of a wide array of genetic tools contributed to establish E. coli as a relevant model organism for the study of surface colonization,1.0,False,-1,0.0,10.785242,0.13088141
18445471,E. coli,2008,Biochim Biophys Acta,ecoli_model_organism,True,True,,E. coli was used as a host for heterologous expression of proteins,technical,heterologous_expression,"Both CtaG and apo-subunit I were purified after expression in Escherichia coli to develop an in vitro copper transfer system, probing the posttranslational insertion hypothesis.",1.0,False,6,1.0,10.742732,2.8325362
18350571,E. coli,2008,Proteins,ecoli_model_organism,True,True,,E. coli is a common model organism for studying prokaryotic gene expression dynamics,historical,model_organism_status,Escherichia coli bacterial cells (a common model organism for work on the dynamics of prokaryotic gene expression),1.0,False,11,0.6665399349439831,11.598923,0.45318988
18311074,E. coli,2009,J Mol Microbiol Biotechnol,ecoli_model_organism,True,True,,used for heterologous expression to restore growth on glucose,technical,heterologous_expression,Heterologous expression of msmeg4187 in an Escherichia coli glucose-negative mutant led to the restoration of growth on glucose.,1.0,False,6,0.8085276859407756,10.689074,2.8253975
18179240,E. coli,2008,Anal Chem,ecoli_model_organism,True,True,,E. coli is used as a model organism,historical,model_organism,Using the model organism Escherichia coli,1.0,False,12,1.0,13.225634,0.38312995
17910757,E. coli,2007,Microb Cell Fact,ecoli_model_organism,True,True,,E. coli is used as a model organism for molecular biology studies,historical,model_organism_status,especially in Escherichia coli as a model organism for molecular biology studies,1.0,False,-1,0.0,12.724555,0.58020794
17877539,E. coli,2007,Int J Exp Pathol,ecoli_model_organism,True,True,,used as a reference for bioinformatics and comparative genomics analysis,technical,genomic_analysis,We applied a combination of bioinformatics and comparative genomics approach on C. diphtheriae genome using Escherichia coli as a model organism to find some structural and functional homologoues for the two genes in question,1.0,False,2,0.8321819858356071,4.3933363,3.0639665
17725229,E. coli,2007,Sci Prog,ecoli_model_organism,True,True,,E. coli is a well-established bacterial model organism,historical,model_organism_status,this bacterial model organism and important pathogen,1.0,False,11,0.8445132421973971,11.990572,0.016393913
17631497,E. coli,2007,J Biol Chem,ecoli_model_organism,True,True,,E. coli was used to overproduce recombinant proteins for in vitro functional assays,technical,recombinant_protein_production,in Escherichia coli overproduced recombinant proteins AnTrxA and AnTrxR were able to reduce insulin and oxidized glutathione in an NADPH-dependent manner,1.0,False,6,0.9529026141631464,10.971628,2.6209726
17600141,E. coli,2007,Protein Sci,ecoli_model_organism,True,True,,E. coli was used because the screening method requires expression of the target enzyme and a fluorescent reporter,technical,expression_system,the screen used here could be adapted to identify cyclic peptide inhibitors of any enzyme that can be expressed in E. coli in conjunction with a fluorescent reporter,1.0,False,-1,0.0,11.877087,2.3503015
17595003,E. coli,2007,Rapid Commun Mass Spectrom,ecoli_model_organism,True,True,,E. coli was chosen as a model organism for structural and functional studies of Gram-negative cell walls,biological,cell_wall_structure,"In this respect, Escherichia coli has been chosen as a model organism for several structural and functional studies aimed at understanding the biophysical and biochemical organization of proteins in Gram-negative cell walls.",1.0,False,8,0.8098933522236713,13.593662,1.2285864
17459114,E. coli,2007,FEMS Microbiol Rev,ecoli_model_organism,True,True,,E. coli is used as a model organism to study DNA replication mechanisms,historical,model_organism_use,"In Escherichia coli, a model organism used to study the mechanism of DNA replication and its regulation",1.0,False,10,1.0,10.434658,1.3538194
17331609,E. coli,2007,J Biotechnol,ecoli_model_organism,True,True,,E. coli is a well-established model organism in biomolecular sciences,historical,model_organism_status,The use of Escherichia coli as a model organism has provided a great deal of basic information in biomolecular sciences.,1.0,False,11,0.8725434790850551,11.834935,0.11157204
16950903,E. coli,2006,Appl Environ Microbiol,ecoli_model_organism,True,True,,E. coli is highly characterized as a prokaryotic model organism,biological,model_organism_characterization,Escherichia coli is the most completely characterized prokaryotic model organism,1.0,False,11,1.0,11.66474,-0.2736204
16950903,E. coli,2006,Appl Environ Microbiol,ecoli_model_organism,True,True,,E. coli is a dominant indicator organism for food and water quality testing,technical,indicator_organism_use,one of the dominant indicator organisms for food and water quality testing,1.0,False,-1,0.0,13.626494,2.2535307
16819787,E. coli,2006,J Bioinform Comput Biol,ecoli_model_organism,True,True,,E. coli is used as a model organism for systems biology studies,biological,model_organism,"In our effort to elucidate the systems biology of the model organism, Escherichia coli",1.0,False,-1,0.0,12.094328,0.84393173
16604155,E. coli,2006,PLoS Genet,ecoli_model_organism,True,True,,E. coli was the first model organism in which gene amplification was described,historical,first_discovery,Though first described in the model organism Escherichia coli in the early 1960s,1.0,False,-1,0.0,12.5539665,0.8539654
16447985,E. coli,2005,Proc IEEE Comput Syst Bioinform Conf,ecoli_model_organism,True,True,,E. coli is a well-established model organism for systems biology studies,historical,model_organism_status,"the model organism, Escherichia coli",1.0,False,11,0.6988528415283367,11.829317,0.34667802
16376524,E. coli,2006,Res Microbiol,ecoli_model_organism,True,True,,E. coli was used because gonococcal MinE was previously shown to be functional in it,biological,functional_compatibility,"We previously determined that MinE from Neisseria gonorrhoeae (Ng) was functional in Escherichia coli (Ec). Thus, using E. coli as a model organism, gonococcal MinE (MinE(Ng)) function was examined",1.0,False,5,0.4381424624750436,14.602086,2.1683328
26443518,E. coli,2005,EcoSal Plus,ecoli_model_organism,True,True,,E. coli is a relevant model organism for studying molecular mechanisms of surface colonization,biological,molecular_mechanisms,E. coli is a relevant model organism for the study of the molecular mechanisms underlying surface colonization,1.0,False,-1,0.0,13.50696,2.2328832
15817387,E. coli,2005,Trends Microbiol,ecoli_model_organism,True,True,,E. coli is used as a model organism,historical,model_organism,In the model organism Escherichia coli,1.0,False,12,1.0,13.28444,0.37579972
15757509,E. coli,2005,BMC Genomics,ecoli_model_organism,True,True,,E. coli is used as a model organism for genome annotation,biological,genome_annotation,Escherichia coli a model organism provides information for annotation of other genomes,1.0,False,12,0.7248617716957136,13.352893,0.309635
15690043,E. coli,2005,Nature,ecoli_model_organism,True,True,,E. coli has a long history as a model organism,historical,model_organism_history,Despite its long history as a model organism,1.0,False,11,0.9884996540698961,11.899038,-0.17461649
15657047,E. coli,2005,J Biol Chem,ecoli_model_organism,True,True,,E. coli is a model organism for systems biology studies,biological,model_organism,the systems biology of the model organism Escherichia coli,1.0,False,-1,0.0,11.955532,0.4093336
15608210,E. coli,2005,Nucleic Acids Res,ecoli_model_organism,True,True,,E. coli is a prototypical model organism,historical,model_organism_status,the prototypical model organism Escherichia coli K12,1.0,False,-1,0.0,12.326885,-0.29338872
14961349,E. coli,2001,Mar Biotechnol (NY),ecoli_model_organism,True,True,,E. coli is a successful model organism due to its susceptibility to genetic manipulation,biological,genetic_manipulability,"The remarkable success of Escherichia coli as a model organism in molecular genetics was dependent, among other things, on its susceptibility to genetic manipulation.",1.0,False,-1,0.0,11.208402,0.3577556
14761306,E. coli,2004,J Biochem Mol Biol,ecoli_model_organism,True,True,,E. coli has the largest amount of available basic biological information among all organisms,biological,data_availability,No organism can rival E. coli with respect to the amount of available basic information,1.0,False,11,0.7902602681501933,11.482914,-0.12565687
14761306,E. coli,2004,J Biochem Mol Biol,ecoli_model_organism,True,True,,E. coli is highly amenable to experimental manipulation using existing technologies,technical,experimental_tractability,experimental tractability for the technologies needed for this undertaking,1.0,False,-1,0.0,11.031359,0.39010912
14761306,E. coli,2004,J Biochem Mol Biol,ecoli_model_organism,True,True,,E. coli is the best studied free-living model organism,historical,research_history,E. coli is not only the best studied free-living model organism,1.0,False,11,1.0,11.732573,-0.48214486
14761306,E. coli,2004,J Biochem Mol Biol,ecoli_model_organism,True,True,,E. coli is widely used in industrial applications for producing small molecules,economic,industrial_applications,"is also an extensively used microbe for industrial applications, especially for the production of small molecules of interest",1.0,False,-1,0.0,10.086841,3.0682144
14761306,E. coli,2004,J Biochem Mol Biol,ecoli_model_organism,True,True,,E. coli is a representative of Gram-negative commensal bacteria,biological,phylogenetic_representativeness,It is an excellent representative of Gram-negative commensal bacteria,1.0,False,-1,0.0,13.877979,1.8910179
14708121,E. coli,2003,Biotechnol Bioeng,ecoli_model_organism,True,True,,E. coli is a useful model due to the extensive existing knowledge about it,biological,knowledge_base,The large body of knowledge about Escherichia coli makes it a useful model organism for the expression of heterologous proteins,1.0,False,5,0.3821124686824416,14.585568,2.2450066
14708121,E. coli,2003,Biotechnol Bioeng,ecoli_model_organism,True,True,,E. coli is ideal for testing new analytical technologies because of extensive knowledge available,technical,technology_development,E. coli is an ideal organism for testing new analytical technologies because of the extensive knowledge base available about the organism,1.0,False,7,0.5652398098866108,13.733063,2.1127877
14627830,E. coli,2003,Nucleic Acids Res,ecoli_model_organism,True,True,,E. coli is a well-established model organism for studying codon usage bias,historical,model_organism_status,Escherichia coli has long been regarded as a model organism in the study of codon usage bias (CUB),1.0,False,-1,0.0,11.602184,0.3896723
12787352,E. coli,2003,Mol Microbiol,ecoli_model_organism,True,True,,used for propagation of the shuttle vector,technical,vector_propagation,We have introduced pUC18 for propagation in Escherichia coli,1.0,False,-1,0.0,10.714432,1.9750583
12706587,E. coli,2003,Biosens Bioelectron,ecoli_model_organism,True,True,,E. coli was used as a model organism for method development,technical,model_organism_use,the model organism E. coli O55,1.0,False,-1,0.0,12.607929,1.3888723
12657059,E. coli,2003,Mol Microbiol,ecoli_model_organism,True,True,,E. coli was chosen because it is a well-established model organism for studying biofilm formation,historical,model_organism_status,Escherichia coli has been used as a model organism to study the mechanisms of growth within adhered communities,1.0,False,0,0.7820889135675242,12.372176,5.3398647
12618447,E. coli,2003,J Bacteriol,ecoli_model_organism,True,True,,E. coli is a model organism for studying bacterial genome evolution,biological,genome_evolution,"Escherichia coli is considered a model organism to analyze the processes involved in bacterial genome evolution, as the species comprises numerous pathogenic and commensal variants.",1.0,False,11,0.6559602166592782,11.997095,0.23194116
12518017,E. coli,2003,J Lipid Res,ecoli_model_organism,True,True,,E. coli has been the established model organism for studying bacterial fatty acid synthesis,historical,established_model_system,Escherichia coli has been the model organism for the study of FAS II,1.0,False,-1,0.0,10.47187,0.4319426
12006111,E. coli,2002,J Biomol Screen,ecoli_model_organism,True,True,,E. coli was chosen as a model organism for studying beta-lactam antibiotics,biological,model_organism,the gram-negative model organism E. coli SNO301/pBlaLux1,1.0,False,9,1.0,13.091377,1.7375667
11932248,E. coli,2002,Genome Res,ecoli_model_organism,True,True,,E. coli is used as a model organism for genome science,biological,model_organism,Our goal is to construct an improved Escherichia coli to serve both as a better model organism and as a more useful technological tool for genome science.,1.0,False,12,1.0,13.303668,0.28039563
11680886,E. coli,2001,Proteomics,ecoli_model_organism,True,True,,E. coli is highly characterized as a prokaryote,biological,genetic_characterization,it is one of the best characterised prokaryote,1.0,False,11,1.0,11.472911,-0.40656263
11545276,E. coli,2001,J Mol Microbiol Biotechnol,ecoli_model_organism,True,True,,E. coli is a gram-negative model organism,historical,model_organism_status,In the gram-negative model organism Escherichia coli,1.0,False,8,1.0,13.855742,1.3504344
11092891,E. coli,2001,J Biol Chem,ecoli_model_organism,True,True,,"E. coli was used because it was engineered to produce beta-carotene, enabling the study of beta-CD activity",technical,genetic_engineering,beta-CD expression in Escherichia coli cells engineered to produce beta-carotene led to the accumulation of all-trans-retinal at the expense of beta-carotene,1.0,False,6,0.5311983043971854,11.418092,2.6932514
10865957,E. coli,2000,Res Microbiol,ecoli_model_organism,True,True,,E. coli is a well-established model bacterium,historical,model_organism_status,the model bacterium Escherichia coli,1.0,False,11,0.6797984146015836,12.10371,-0.2144575
10610772,E. coli,1999,J Mol Biol,ecoli_model_organism,True,True,,E. coli was used to express the InsP3 binding domain for functional testing,technical,protein_expression,"When the putative InsP3 binding domain was expressed in Escherichia coli, specific binding of InsP3 was detected",1.0,False,6,0.6270697976329882,11.1715555,2.5008092
8914590,E. coli,1996,Biochim Biophys Acta,ecoli_model_organism,True,True,,E. coli mutants with varying phospholipid composition are available,biological,phospholipid_composition,since mutants are available which differ in phospholipid composition,1.0,False,-1,0.0,10.528891,0.4936541
16348916,E. coli,1993,Appl Environ Microbiol,ecoli_model_organism,True,True,,used for optimizing the magnetic deposition protocol,technical,protocol_optimization,The optimization of the magnetic deposition protocol was accomplished with Escherichia coli as a model organism in 150 mM NaCl and 5 mM ErCl(3) solution.,1.0,False,3,0.8715266718010928,8.707585,2.9988084
2181258,E. coli,1990,Microbiol Rev,ecoli_model_organism,True,True,,E. coli has been extensively studied for nucleotide excision repair,historical,prior_research,Escherichia coli has served as a model organism for the study of this process,1.0,False,10,0.8051934231040748,10.492407,1.3945946
41391174,E. coli,2025,J Am Chem Soc,ecoli_model_system,True,True,,E. coli serves as a model system for studying covalent drug binding in live cells,biological,model_system,This system effectively serves as a model for investigating covalent drug binding in a cellular environment.,1.0,False,9,0.7571981534092909,12.895167,1.2643701
41116609,E. coli,2025,Proteomics,ecoli_model_system,True,True,,used as benchmark for method validation,technical,method_validation,MOFIP has been benchmarked using an E. coli model system,1.0,False,3,0.7290831048707669,8.756643,2.7332845
40901850,E. coli,2025,PLoS Biol,ecoli_model_system,True,True,,E. coli is one of the most studied bacterial model systems,historical,research_precedent,Escherichia coli is arguably one of the most studied bacterial model systems in modern biology,1.0,False,11,0.8309194773580358,11.823936,-0.4063037
40894613,E. coli,2025,bioRxiv,ecoli_model_system,True,True,,use of existing long-term evolution experiment data,historical,long_term_experiment,beneficial mutations from early generations of the Escherichia coli Long-Term Evolution Experiment (LTEE),1.0,False,-1,0.0,12.249061,1.2376193
40777506,E. coli,2025,bioRxiv,ecoli_model_system,True,True,,E. coli is the causative agent of urinary tract infections,biological,pathogenic_role,"Urinary tract infections (UTIs) are among the most common bacterial infections, and their initiation depends on the ability of uropathogenic Escherichia coli (UPEC) to adhere to bladder cells.",1.0,False,7,1.0,13.346512,3.0339134
40550508,E. coli,2025,Biochemistry,ecoli_model_system,True,True,,E. coli was chosen because its ribosome has a wide and varied set of RNA modifications,biological,diverse_modifications,leveraging its extensive and diverse array of modifications,1.0,False,-1,0.0,11.38521,1.9647185
40189564,E. coli,2025,Microbiome,ecoli_model_system,True,True,,E. coli was used for experimental verification of gene functionality through heterologous expression,technical,heterologous_expression,The functionality of these CPR-derived folA genes was experimentally verified by heterologous expression in the folA-deletion mutant Escherichia coli MG1655 DeltafolA.,1.0,False,6,0.9299690018573865,10.914475,2.5889957
40156937,E. coli,2025,Bioorg Med Chem,ecoli_model_system,True,True,,used as a model system to study protein aggregation in prokaryotic cells,biological,model_system_relevance,explored YAT2150's utility in Escherichia coli as a model system for studying protein aggregation and amyloid formation in a procaryotic cellular context,1.0,False,-1,0.0,10.430576,1.7085321
39974931,E. coli,2025,bioRxiv,ecoli_model_system,True,True,,E. coli was chosen because its ribosome has a wide and varied set of RNA modifications,biological,diverse_modifications,leveraging its extensive and diverse array of modifications,1.0,False,-1,0.0,11.411415,1.9549626
39714320,E. coli,2025,Emerg Infect Dis,ecoli_model_system,True,True,,used as a model system to observe increasing FDC MICs with plasmid combinations,technical,model_system,"We observed increasing FDC MICs in an Escherichia coli model system carrying different natural pKpQIL plasmids, encoding different K. pneumoniae carbapenemase (KPC) variants, in combination with a conjugative low copy number vector carrying the fec gene cluster from pKPN.",1.0,False,-1,0.0,12.867267,1.3122203
39576109,E. coli,2025,mBio,ecoli_model_system,True,True,,E. coli is the primary producer of colibactin,biological,toxin_production,"The bacterial toxin colibactin, produced primarily by the B2 phylogroup of Escherichia coli, underlies some cases of colorectal cancers.",1.0,False,7,0.5993521939009495,13.604344,2.5065775
39139129,E. coli,2024,Anal Methods,ecoli_model_system,True,True,,used as a bacterial model system for studying enzymatic processes,biological,model_system,provides a sensitive means for unraveling the intricate enzymatic processes associated with CCD-mediated carotenoid cleavage in a bacterial model system,1.0,False,-1,0.0,11.465396,1.2541839
39124311,E. coli,2024,Materials (Basel),ecoli_model_system,True,True,,E. coli was among the first organisms to have its complete genome published,historical,genome_sequencing_milestone,E. coli was among the first organisms to have its complete genome published (Genome Sequence of E. coli 1997 Science),0.957,False,3,0.7046940013487429,6.369282,3.7536821
38968904,E. coli,2024,Bioorg Chem,ecoli_model_system,True,True,,used as a model to study recognition and cleavage by RNase H1,biological,enzyme_model,"Here, we used Escherichia coli RNase H1 as a model to study an unprecedented mode of recognition and cleavage, that is mainly dictated by the topology of our RNA.DNA-based hybrid construct",1.0,False,-1,0.0,9.710971,2.1046727
38948699,E. coli,2024,bioRxiv,ecoli_model_system,True,True,,E. coli is the primary producer of colibactin,biological,toxin_production,"The bacterial toxin colibactin, produced primarily by the B2 phylogroup of Escherichia coli, underlies some cases of colorectal cancers.",1.0,False,7,0.5666157589256205,13.628642,2.466556
38683989,E. coli,2024,Proc Natl Acad Sci U S A,ecoli_model_system,True,True,,"The lac system in E. coli is used as a model to study protein stability, degradation, and aggregation",biological,protein_stability,We demonstrate that the classical lac system of Escherichia coli can be leveraged as a model system to study this relation,1.0,False,-1,0.0,11.001163,1.6433613
38501920,E. coli,2024,mBio,ecoli_model_system,True,True,,E. coli is the most well-known model system among Enterobacteriaceae for studying CsgA,historical,model_system_precedence,"CsgA has been identified in members of Enterobacteriaceae, with pathogenic E. coli being the most well-known model system.",1.0,False,-1,0.0,11.878091,-0.21825972
38386706,E. coli,2024,Proc Natl Acad Sci U S A,ecoli_model_system,True,True,,E. coli DHFR is a model system for studying protein dynamics in catalysis,historical,model_system,a model system for the role of protein dynamics in catalysis,1.0,False,-1,0.0,11.08642,1.4526638
37317263,E. coli,2023,Microorganisms,ecoli_model_system,True,True,,used to standardize the RAJ-IVOC adherence assay due to known adherence differences,technical,assay_standardization,O157 strain EDL933 and E. coli K12 with known adherence differences were used to standardize the RAJ-IVOC adherence assay,1.0,False,2,0.6706723826988273,4.9741726,2.6460676
37209461,E. coli,2023,J Inorg Biochem,ecoli_model_system,True,True,,E. coli was used for heterologous expression of the recombinant enzyme,technical,heterologous_expression,C. armatus CYP51 was heterologously expressed in Escherichia coli following N-terminal truncation and purified to homogeneity.,1.0,False,6,0.9350650303893167,10.829338,2.6855385
36938133,E. coli,2022,Front Microbiol,ecoli_model_system,True,True,,E. coli is used for expressing mutant thermostable enzymes through site-directed mutagenesis,technical,genetic_manipulation,site-directed mutagenesis using the Escherichia coli model system expresses mutant thermostable enzymes,1.0,False,6,0.5544291337287507,11.159861,2.38283
36622232,E. coli,2023,J Bacteriol,ecoli_model_system,True,True,,E. coli is a well-studied model for bacterial cell division,historical,model_system,E. coli is the most well studied model system for bacterial cell division,1.0,False,11,0.7412293696575011,11.900981,-0.19865026
36497091,E. coli,2022,Cells,ecoli_model_system,True,True,,E. coli was used because it enables production of AKT1 phospho-variants with programmed phosphorylation,technical,protein_expression_system,We recently established a method to produce AKT1 phospho-variants from Escherichia coli with programmed phosphorylation,1.0,False,6,0.5753844547263465,11.394283,2.3767097
36035441,E. coli,2022,ACS Sustain Chem Eng,ecoli_model_system,True,True,,E. coli protects against oxygen damage for oxygen-sensitive enzymes,biological,oxygen_tolerance,"E. coli provides protection against O(2) damage, underscoring the suitability of this host organism for oxygen-sensitive enzymes in the development of (photo) catalytic biohybrid systems",1.0,False,-1,0.0,11.778862,1.7943816
35967845,E. coli,2022,Front Cell Infect Microbiol,ecoli_model_system,True,True,,E. coli is a common pathogen responsible for neonatal meningitis and sepsis,biological,pathogenicity,Escherichia coli is one of the most common Gram-negative pathogens and is responsible for infection leading to neonatal meningitis and sepsis,1.0,False,7,1.0,13.480623,2.9528885
35560988,E. coli,2022,FEBS Open Bio,ecoli_model_system,True,True,,E. coli is used as a model system to study various life processes,historical,model_organism_usage,"As a model system, Escherichia coli has been used to study various life processes.",1.0,False,11,0.6539510756045893,11.940559,1.043454
35343788,E. coli,2022,mBio,ecoli_model_system,True,True,,used as a heterologous model system to study NgAgo function,technical,model_system,using a heterologous Escherichia coli-based model system,1.0,False,-1,0.0,10.423569,2.2342741
35234296,E. coli,2022,FEBS Lett,ecoli_model_system,True,True,,E. coli is used as a model system to study complex I mutations,technical,experimental_accessibility,"Here, we use Escherichia coli as a model system to characterize the effect of a 7 bps inversion in mtND1 (m.3902-3908inv7) that results in a triple mutation",1.0,False,-1,0.0,11.863837,0.9727682
35208246,E. coli,2022,Metabolites,ecoli_model_system,True,True,,E. coli is a well-characterized model system,biological,model_organism_characterization,using Escherichia coli as a well characterised model system,1.0,False,11,0.6704049726808936,11.888861,0.44339302
35073745,E. coli,2022,mBio,ecoli_model_system,True,True,,E. coli is a gut commensal bacterium used to study colonization mechanisms,biological,colonization_mechanisms,we report the use of MP1 and Kapi1 as a model system to explore the molecular mechanisms of mammalian colonization by E. coli to ask what the role(s) of prophages in this context might be,0.952,False,7,0.7537139614318334,13.573254,2.4327726
34751128,E. coli,2021,Elife,ecoli_model_system,True,True,,E. coli is a model system for biofilm studies,historical,model_organism_status,even for model systems like Escherichia coli colony biofilms grown on agar-solidified media,1.0,False,0,0.6995759783628452,12.372606,5.3072805
34723953,E. coli,2021,J Vis Exp,ecoli_model_system,True,True,,E. coli was used as a model system with reporter proteins to study EV isolation,technical,model_system,Escherichia coli was used as a model system expressing EV-associated nanoluciferase and non-EV-associated mCherry as reporter proteins,1.0,False,11,0.6539510756045893,12.261842,1.3834119
34434797,E. coli,2021,MethodsX,ecoli_model_system,True,True,,E. coli has the most extensively characterized and studied prokaryotic proteome,biological,proteome_characterization,The Escherichia coli proteome is the most extensively characterized and studied of all prokaryotic proteomes,1.0,False,11,0.9600798284079095,11.480278,-0.5177311
34335520,E. coli,2021,Front Microbiol,ecoli_model_system,True,True,,used as a model system to study adaptation from rich to minimal medium,biological,adaptation_process,we used the growth of Escherichia coli BL21(DE3) in succinate minimal medium as a model system,1.0,False,-1,0.0,8.456635,2.2270703
34012037,E. coli,2021,Sci Rep,ecoli_model_system,True,True,,MalFGK(2)E importer is a model system for type I ABC transporters,historical,model_system,The Escherichia coli MalFGK(2)E maltose importer is an example of a type I ABC importer and a model system for this class of ABC transporters.,1.0,False,-1,0.0,12.959994,0.8560192
33851002,E. coli,2021,One Health,ecoli_model_system,True,True,,E. coli was chosen because veal calf farms are a known reservoir of ESBL-producing E. coli,biological,reservoir_presence,as they are a known reservoir of Extended Spectrum beta-Lactamase-producing Escherichia coli (ESBL-EC),1.0,False,7,0.5652398098866108,13.52078,2.3740757
33672862,E. coli,2021,Microorganisms,ecoli_model_system,True,True,,E. coli was used to establish AI-2 as a true signal with a physiological role,biological,physiological_role,"using Escherichia coli as the model system, to establish AI-2 as a true signal with an important physiological role in this bacterium",1.0,False,-1,0.0,12.445662,0.9023207
33436430,E. coli,2021,mBio,ecoli_model_system,True,True,,E. coli GroES/GroEL is a well-established model system for studying other chaperonins,historical,model_system_precedent,The GroES/GroEL chaperonin from E. coli has long served as the model system for other chaperonins.,1.0,False,-1,0.0,11.572503,0.93869704
33359463,E. coli,2021,Biophys J,ecoli_model_system,True,True,,E. coli allows expression of Ail to study Y. pestis virulence factors in a simpler system,biological,pathogen_surrogate,"we present an Escherichia coli model system that allows us to probe the structure and function of Ail, the major surface protein of the deadly pathogen Yersinia pestis",1.0,False,7,0.7100224615628826,13.579551,2.5986698
32842574,E. coli,2020,Molecules,ecoli_model_system,True,True,,"E. coli DHFR is a small, flexible enzyme",biological,enzyme_characteristics,"Escherichia coli dihydrofolate reductase (DHFR) is a small, flexible enzyme that is often used as a model system for understanding enzyme dynamics.",1.0,False,-1,0.0,11.147581,1.3453319
32842574,E. coli,2020,Molecules,ecoli_model_system,True,True,,E. coli DHFR is often used as a model system for enzyme dynamics,historical,established_model_system,"Escherichia coli dihydrofolate reductase (DHFR) is a small, flexible enzyme that is often used as a model system for understanding enzyme dynamics.",1.0,False,-1,0.0,11.282852,1.3563483
32544588,E. coli,2020,Int J Biol Macromol,ecoli_model_system,True,True,,E. coli OP50 was used because it is the sole food source for the C. elegans model organism,biological,food_source,which is the sole food source for worms,1.0,False,-1,0.0,14.968263,1.1203884
32498838,E. coli,2020,Talanta,ecoli_model_system,True,True,,used as a harmless model bacterium alongside pathogenic S. Typhimurium,biological,non_pathogenic,harmless Escherichia coli K12 (E. coli K12) were used as the model system to optimize the sample pretreatment protocol,1.0,False,-1,0.0,14.117469,2.7738366
32157360,E. coli,2020,Anal Bioanal Chem,ecoli_model_system,True,True,,E. coli was chosen as a representative model system,historical,model_organism,"Escherichia coli, serving as a model system",1.0,False,-1,0.0,11.943018,1.2338121
32043806,E. coli,2020,ChemMedChem,ecoli_model_system,True,True,,E. coli topoisomerase I serves as a model system for studying topoisomerase-DNA complexes,biological,model_system,EctopoI investigated here also serves as a model system for investigating a complex of topoisomerase and DNA in which DNA is covalently attached to the protein.,1.0,False,10,1.0,10.570936,1.2397407
32039891,E. coli,2020,Acta Crystallogr F Struct Biol Commun,ecoli_model_system,True,True,,E. coli is a primary model system for studying the Z-ring and divisome,historical,model_organism_precedent,Escherichia coli has served as a main model system for the study of the Z-ring and the associated divisome,1.0,False,-1,0.0,12.02488,0.48164555
31951080,E. coli,2020,ChemSusChem,ecoli_model_system,True,True,,E. coli can easily incorporate and overexpress enzymes via plasmids,technical,genetic_manipulation,"A variety of enzymes can be easily incorporated and overexpressed within Escherichia coli cells by plasmids, making it an ideal chassis for bioelectrosynthesis",1.0,False,6,0.7941671103104901,10.955044,2.5240521
31715189,E. coli,2020,Plasmid,ecoli_model_system,True,True,,used as a model system to examine ResP function in vivo,technical,model_system,The function of ResP in vivo was examined using an Escherichia coli model system,1.0,False,-1,0.0,11.707075,1.221102
31691575,E. coli,2020,Antioxid Redox Signal,ecoli_model_system,True,True,,"E. coli is used as a model system to study S-nitrosylation due to its anaerobic response regulated by OxyR, which is analogous to mitochondrial nitrosative stress in human diseases",biological,anaerobic_response,"In Escherichia coli, S-nitrosylation relies on an enzymatic cascade that regulates, and is regulated by, the transcription factor OxyR under anaerobic conditions.",1.0,False,-1,0.0,11.816316,1.5917101
31691575,E. coli,2020,Antioxid Redox Signal,ecoli_model_system,True,True,,"Proteins that are S-nitrosylated in E. coli are also modified in mitochondria, making E. coli a relevant model for studying human neurodegenerative diseases",biological,disease_analogy,Many proteins that are S-nitrosylated in mitochondria are also S-nitrosylated in E. coli.,1.0,False,-1,0.0,11.56665,1.4984756
31691575,E. coli,2020,Antioxid Redox Signal,ecoli_model_system,True,True,,Insights from E. coli can help identify regulatory mechanisms of S-nitrosylation in mammalian systems and dysfunctional mitochondria,biological,mechanistic_insight,Insights into enzymatic regulation of S-nitrosylation in E. coli may inform the identification of disease-relevant regulatory machinery in mammalian systems.,1.0,False,-1,0.0,11.67527,1.4612886
31555237,E. coli,2019,Front Microbiol,ecoli_model_system,True,True,,used as a model to study resistance and fitness costs,biological,antimicrobial_resistance,Here we used Escherichia coli and amoxicillin-clavulanic acid (AMC) resistance as a model to understand how the artificial environments utilized in studies of bacterial fitness could affect the emergence of resistance and associated fitness costs,1.0,False,9,0.9797020862531834,13.03717,1.6302522
31543341,E. coli,2020,J Chromatogr A,ecoli_model_system,True,True,,E. coli was chosen because of the simple evaluation of cell growth and product concentration using fluorescence,technical,easy_detection,due to the simple evaluation of cell growth and product concentration by fluorescence,1.0,False,-1,0.0,12.047413,2.379534
31331635,E. coli,2019,Biophys J,ecoli_model_system,True,True,,The lac operon in E. coli has regulatory features common to many operons,biological,regulatory_elements,The lac operon of Escherichia coli is a model system with regulatory elements such as multiple operators and DNA looping that are shared by many operons,1.0,False,-1,0.0,11.602258,0.7482708
31294227,E. coli,2018,AIMS Microbiol,ecoli_model_system,True,True,,E. coli was chosen because it is a well-studied model system,historical,model_organism_history,current models based on the well-studied model system Escherichia coli,1.0,False,-1,0.0,12.175119,1.424977
31117939,E. coli,2019,BMC Genomics,ecoli_model_system,True,True,,chosen as a model system for studying RNA-binding proteins,biological,model_organism,we have chosen the bacterial model system Escherichia coli,1.0,False,-1,0.0,9.685729,2.175426
30987875,E. coli,2019,J Biosci Bioeng,ecoli_model_system,True,True,,E. coli was used as a model system to evaluate the RuBisCO-mediated pathway for glycolate-based PHA synthesis,technical,model_system,using Escherichia coli JW2946 with the deletion of glycolate oxidase gene (DeltaglcD) as the model system,1.0,False,-1,0.0,10.991367,0.9626642
30936373,E. coli,2019,J Bacteriol,ecoli_model_system,True,True,,E. coli was used to assess the toxicity of VapC-1 toxin mutants,technical,toxicity_assay,"the effects of the mutations on protein-protein interactions, growth of Escherichia coli, and pathogenesis ex vivo were tested",1.0,False,-1,0.0,12.914485,1.5510387
30336005,E. coli,2018,J Am Chem Soc,ecoli_model_system,True,True,,used as a cellular model system to screen for PqsD inhibitors,technical,model_system,We developed an activity-based probe strategy that allows to screen for PqsD inhibitors in a cellular model system of live cells of Escherichia coli overexpressing PqsD,1.0,False,-1,0.0,12.602474,1.5192378
30296001,E. coli,2018,Microb Biotechnol,ecoli_model_system,True,True,,E. coli has well-characterized genetic tools,technical,genetic_manipulation,Recent studies have shown that the Mtr electron conduit from Shewanella oneidensis MR-1 can be produced in Escherichia coli to generate an exoelectrogenic model system with well-characterized genetic tools,1.0,False,-1,0.0,10.833091,0.069342226
30291119,E. coli,2018,Appl Environ Microbiol,ecoli_model_system,True,True,,E. coli is relevant for studying intestinal colonization due to its interaction with the microbiota in the mucus layer,biological,colonization_mechanisms,Both commensal and pathogenic strains of Escherichia coli appear to colonize the mammalian intestine by interacting physically and metabolically with other members of the microbiota in the mucus layer that overlays the cecal and colonic epithelium,1.0,False,7,0.8358162976717134,13.530788,2.5453937
30275448,E. coli,2018,Nat Commun,ecoli_model_system,True,True,,MdfA from E. coli is used as a model system for understanding drug efflux in MFS MDR antiporters,biological,model_system_relevance,we anticipate that MdfA will serve as a model system for understanding drug efflux in MFS MDR antiporters,1.0,False,-1,0.0,12.945079,1.0039903
30100899,E. coli,2018,Front Microbiol,ecoli_model_system,True,True,,used as a model system for testing CRISPRi metabolic engineering strategies,biological,model_system,This wild-type strain was used as a model system for testing clustered regularly interspaced short palindromic repeats (CRISPR) interference (CRISPRi) metabolic engineering strategies.,1.0,False,-1,0.0,11.349916,0.9074984
29538288,E. coli,2018,Antibiotics (Basel),ecoli_model_system,True,True,,E. coli serves as a benchmark for comparing DNA replication mechanisms,historical,benchmark_model,"Escherichia coli has been developed as a model system to study DNA replication, serving as a benchmark for comparison",1.0,False,10,1.0,10.41142,1.2771122
29400945,E. coli,2018,ACS Chem Biol,ecoli_model_system,True,True,,used as a model system to study UVA effects on modified nucleosides,biological,model_system,"By using Escherichia coli tRNA (tRNA) as a model system, we identify the UVA (370 nm) susceptible chemical groups and bonds in a large variety of modified nucleosides.",1.0,False,-1,0.0,9.395276,1.841774
29195013,E. coli,2018,Microbiologyopen,ecoli_model_system,True,True,,E. coli was chosen because it is a well-studied host organism,historical,well_studied,a well-studied phage T4 and Escherichia coli K-12 as a host was used,1.0,False,4,1.0,12.468649,2.3366337
29163425,E. coli,2017,Front Microbiol,ecoli_model_system,True,True,,E. coli is a model system for CRISPR-Cas regulation,historical,model_system,"A model system for CRISPR-Cas regulation, the Type I-E system from Escherichia coli",1.0,False,11,0.6986658108389834,11.74214,0.81127393
29162829,E. coli,2017,Nat Commun,ecoli_model_system,True,True,,BtuCD-F is an extensively studied model system,historical,model_system,The vitamin B(12) importer BtuCD-F in Escherichia coli is an extensively studied model system.,1.0,False,-1,0.0,9.701545,2.0507796
29084999,E. coli,2017,Sci Rep,ecoli_model_system,True,True,,used as a model system to study nanobody inhibition of ABC transporters,biological,model_system,as a model system by generating nanobodies against the periplasmic binding protein BtuF,1.0,False,-1,0.0,12.9394245,0.83876187
28763198,E. coli,2017,ACS Synth Biol,ecoli_model_system,True,True,,used as a model system for studying biosensor design,technical,model_system,Using the lac system in Escherichia coli as a model system,1.0,False,3,0.6847043749558198,8.823048,2.7832692
28635274,E. coli,2017,J Am Chem Soc,ecoli_model_system,True,True,,chosen as a model system for studying CO2 reduction to formate,biological,metabolic_function,Molybdenum-containing formate dehydrogenase H from Escherichia coli (EcFDH-H) is a powerful model system for studies of the reversible reduction of CO(2) to formate,1.0,False,-1,0.0,11.080961,0.90025294
28593759,E. coli,2017,J Agric Food Chem,ecoli_model_system,True,True,,ETEC K88 is a suitable model for studying childhood diarrhea,biological,disease_model,represent a suitable model system for ETEC causing childhood diarrhea,1.0,False,7,0.8437039723425483,13.613061,2.6259465
28493669,E. coli,2017,Biochemistry,ecoli_model_system,True,True,,chosen as a model system to study misfolding of membrane proteins,biological,membrane_protein_model,"we have studied as a model system an archetypical representative of the ubiquitous major facilitator superfamily, the Escherichia coli lactose permease (LacY)",1.0,False,-1,0.0,9.841479,2.0056467
28330875,E. coli,2017,J Biol Chem,ecoli_model_system,True,True,,NhaA antiporter in E. coli is the best studied Na+/H+ exchanger and serves as a model system,historical,model_system,"The NhaA antiporter of Escherichia coli is the best studied member of the Na(+)/H(+) exchanger family and a model system for all related Na(+)/H(+) exchangers, including eukaryotic representatives.",1.0,False,-1,0.0,12.727311,0.16243303
28240906,E. coli,2017,J Phys Chem B,ecoli_model_system,True,True,,E. coli enables translation of genetic sequences into functional fluorescent proteins,technical,protein_expression,"Translation of the genetic sequence in Escherichia coli leads to fully functional, highly soluble fluorescent proteins with distinct properties",1.0,False,6,0.6333254195479855,10.838961,2.4681478
28216260,E. coli,2017,Immunol Lett,ecoli_model_system,True,True,,E. coli was used as a host to develop a reliable expression system for functional Fab-effector fusion proteins,technical,expression_system,our approach can contribute the development of diverse bi-functional Fab-effector fusion proteins by providing a simple strategy that enables the reliable expression of a functional fusion proteins in E. coli,1.0,False,6,1.0,10.923919,2.9208045
28174316,E. coli,2017,mBio,ecoli_model_system,True,True,,E. coli is used as a model system to study survival mechanisms during long-term starvation,biological,survival_mechanisms,Starving Escherichia coli constitute a model system to understand survival mechanisms during long-term starvation,1.0,False,-1,0.0,12.450127,0.98157287
27992877,E. coli,2017,Nature,ecoli_model_system,True,True,,MS2 infects E. coli via the F-pilus,biological,host_infection_mechanism,MS2 infects Escherichia coli via the host 'sex pilus' (F-pilus),1.0,False,7,0.7167268810941805,12.9673605,2.9093835
27715045,E. coli,2017,J Phys Chem B,ecoli_model_system,True,True,,E. coli was chosen because it can be pathogenic for humans,biological,pathogenicity,"that from Escherichia coli, which can be pathogenic for humans",1.0,False,7,0.7915634534311945,13.38508,2.7804043
27334397,E. coli,2016,Exp Parasitol,ecoli_model_system,True,True,,used as food source for nematode culture,technical,food_source,"with Escherichia coli OP50 as food, exactly as described for the model nematode Caenorhabditis elegans",1.0,False,-1,0.0,14.966026,1.1307306
27291821,E. coli,2016,Gene,ecoli_model_system,True,True,,used for transient expression of BmDredd,technical,heterologous_expression,"When transiently expressed in Escherichia coli cells, BmDredd underwent spontaneous cleavage and exhibited high proteolytic activity for caspase-8 substrate but relatively low for caspase-3 or -9 substrate",1.0,False,-1,0.0,10.993236,2.1545727
27223821,E. coli,2016,EcoSal Plus,ecoli_model_system,True,True,,The lambda Red system enables efficient chromosomal modifications in E. coli,technical,genetic_manipulation_efficiency,it is utilized to make chromosomal modifications of E. coli with such efficiency that it changed the nature and number of genetic manipulations possible,1.0,False,-1,0.0,11.241649,1.8567963
26999393,E. coli,2016,Microbiol Spectr,ecoli_model_system,True,True,,E. coli is the most common cause of bacterial prostatitis,biological,pathogenic_prevalence,Because Escherichia coli represents the most common cause of bacterial prostatitis,1.0,False,7,1.0,13.361753,3.0214558
26992034,E. coli,2016,Mol Microbiol,ecoli_model_system,True,True,,used as a model system for studying biofilms,technical,model_system,"Using macrocolony biofilms of commensal and pathogenic E. coli as a model system, we demonstrate here that the green tea polyphenol epigallocatachin gallate (EGCG) is a potent antibiofilm agent",1.0,False,0,0.7871292765001997,12.25632,5.535381
26918149,E. coli,2015,F1000Res,ecoli_model_system,True,True,,used as a model system to study protein dynamics in enzyme catalysis,biological,protein_dynamics,Dihydrofolate reductase from Escherichia coli (ecDHFR) serves as a model system for investigating the role of protein dynamics in enzyme catalysis,1.0,False,-1,0.0,10.951211,1.5599492
26833730,E. coli,2016,Genes Dev,ecoli_model_system,True,True,,E. coli was used as the food source for C. elegans in the model system,biological,food_source,its food (Escherichia coli),1.0,False,-1,0.0,14.923684,1.064902
28510822,E. coli,2015,Bot Stud,ecoli_model_system,True,True,,E. coli was used as a model system to evaluate the antibacterial mode of action against Gram negative bacteria,biological,model_organism_for_Gram_negative_bacteria,"EEO at the MIC acted on the loss in viability of E. coli ATCC 43890, which was used as the model system for evaluation of the antibacterial mode of action of EEO against Gram negative bacteria.",1.0,False,9,1.0,13.203752,1.4244295
26415599,E. coli,2015,BMC Bioinformatics,ecoli_model_system,True,True,,E. coli was chosen because it has a well-known gene regulatory mechanism in the lactose operon used to demonstrate the model,biological,gene_regulatory_mechanism,"We use the classic gene regulatory mechanism of the lactose operon to demonstrate our model's resolution, visual presentation, and real-time interactivity",1.0,False,-1,0.0,11.792863,1.218402
26317492,E. coli,2015,PLoS Comput Biol,ecoli_model_system,True,True,,used as a model system to study oscillation and energy dissipation,technical,model_system,Using the Escherichia coli MinCDE oscillator as a model system,1.0,False,11,0.6539510756045893,11.73023,1.3386698
26230630,E. coli,2015,PLoS Pathog,ecoli_model_system,True,True,,E. coli was used as a representative of gram-negative bacteria,biological,bacterial_classification,E. coli that represents gram-negative bacteria,0.957,False,8,1.0,13.932002,1.5997567
26169771,E. coli,2015,Prog Biophys Mol Biol,ecoli_model_system,True,True,,E. coli was chosen based on recent developments in cellular signaling research,technical,cellular_signaling,"based on the latest developments in cellular signaling, we will discuss... An in-depth analysis of the particular transcriptional responses of a bacterium (Escherichia coli K-12 strain), taking as a model system, will follow.",0.707,False,4,0.9173173765240603,12.206653,1.8087679
26056261,E. coli,2015,Proc Natl Acad Sci U S A,ecoli_model_system,True,True,,E. coli was used for heterologous expression and purification of the fungal protein,technical,heterologous_expression,Heterologous expression and purification of BbBqrA in Escherichia coli confirmed NAD(P)H-dependent benzoquinone reductase activity,1.0,False,6,0.9547973943509577,10.906108,2.7421408
26052320,E. coli,2015,Front Microbiol,ecoli_model_system,True,True,,E. coli is used as a simple model system for studying transcription and chromosome dynamics,biological,model_organism_simplicity,"Using E. coli as a simple model system, co-imaging of RNAP with DNA and other factors during growth and stress responses will continue to be a useful tool for studying bacterial growth and adaptation in changing environment.",1.0,False,10,0.6882590295334557,11.097833,1.0407189
26000062,E. coli,2015,Biophys Rev,ecoli_model_system,True,True,,CAP is a well-studied protein in E. coli that exemplifies entropically driven allostery,biological,protein_function,The Catabolite Activator Protein (CAP) of Escherichia coli is an important experimental exemplar for entropically driven allostery,1.0,False,-1,0.0,11.06513,1.9629192
25958074,E. coli,2015,Curr Microbiol,ecoli_model_system,True,True,,used as a representative model for bacterial biofilms,biological,model_organism,used as a model system of bacterial biofilms,1.0,False,0,0.8174655450591102,12.275892,5.549724
25735820,E. coli,2015,FEBS J,ecoli_model_system,True,True,,E. coli Lpt system has been extensively studied,historical,research_precedent,The Lpt system has been widely studied in Escherichia coli,1.0,False,-1,0.0,12.116668,0.6625059
25665556,E. coli,2015,Methods Mol Biol,ecoli_model_system,True,True,,E. coli transcriptional apparatus is the best characterized,biological,gene_expression,the Escherichia coli transcriptional apparatus is by far the best characterized,1.0,False,-1,0.0,11.414395,-0.09962225
25665556,E. coli,2015,Methods Mol Biol,ecoli_model_system,True,True,,ability to express E. coli RNA polymerase in large quantities and high activity,technical,protein_expression,by the use of multicistronic vectors for expression of the E. coli enzyme in large quantities and in a highly active form,1.0,False,6,0.8122935587439049,10.465229,2.621538
25636231,E. coli,2015,Anal Bioanal Chem,ecoli_model_system,True,True,,E. coli was chosen because prior studies have confirmed DNA binding and cleavage by RAYT in this organism,historical,prior_evidence,"Although RAYT has been subject of numerous studies, where DNA binding and cleavage by RAYT have been confirmed for Escherichia coli, the molecular mechanism of DNA insertion has not been fully understood",1.0,False,10,0.703983445747459,10.593349,1.5540572
25621715,E. coli,2015,Int J Food Microbiol,ecoli_model_system,True,True,,comparison with previous study on E. coli in the same model system,historical,prior_research,"Growth dynamics and microscopic images of S. cerevisiae were compared with those obtained for Escherichia coli in the same model system (Boons et al., 2014).",1.0,False,-1,0.0,12.067052,0.82683253
25325398,E. coli,2014,J Am Chem Soc,ecoli_model_system,True,True,,The results from smFRET experiments were validated with cell-based gene expression experiments in E. coli,biological,gene_expression_validation,"The results of complementary cell-based gene expression experiments conducted in Escherichia coli are highly correlated with the smFRET results, suggesting that KL formation is directly responsible for regulating gene expression.",1.0,False,11,0.6539510756045893,11.764761,1.1159443
25142185,E. coli,2015,Environ Microbiol,ecoli_model_system,True,True,,chosen as a model system for controlled transition to and reversion from L-form state,technical,experimental_control,We have adopted Escherichia coli as a model system for the controlled transition to and reversion from the L-form state,1.0,False,-1,0.0,11.685308,1.3731546
25112199,E. coli,2014,Biotechnol J,ecoli_model_system,True,True,,bacteria were chosen because inclusion bodies formed by amyloid proteins in their cytosol resemble toxic amyloids in structure and function,biological,structural_similarity,since the inclusion bodies formed by amyloid proteins in the cytosol of bacteria resemble toxic amyloids both structurally and functionally,1.0,False,2,0.8038442967545747,4.3036447,0.60658485
25097750,E. coli,2014,Interface Focus,ecoli_model_system,True,True,,E. coli is used to model cooperative and selfish behaviors due to its spatial competition dynamics,biological,cooperative_behavior,we focus on how Escherichia coli bacteria with a growth advantage in stationary phase (GASP) phenotype maintain a proliferative phenotype when faced with overcrowding to gain a fitness advantage over wild-type populations,1.0,False,5,0.44721650700401183,14.781751,2.3015609
25081568,E. coli,2014,Genetics,ecoli_model_system,True,True,,E. coli is a simple and tractable model system for studying fundamental properties of DNA sequences,technical,model_tractability,Escherichia coli provides a simple and tractable model system to understand the fundamental properties of these DNA sequences,1.0,False,10,0.8647269373937764,10.9001465,1.02264
25076135,E. coli,2014,PLoS One,ecoli_model_system,True,True,,used as a model to mimic bacterial DNA in bloodstream infections,biological,pathogen_model,a model system was set up with human and Escherichia coli (E. coli) DNA to mimic the conditions of bloodstream infections,1.0,False,0,0.5729491381378164,12.989916,6.8831677
25042085,E. coli,2014,J Basic Microbiol,ecoli_model_system,True,True,,E. coli K-12 was used as a model system to develop a laboratory technique for screening biofilm mechanical integrity,technical,model_system_utilization,Escherichia coli K-12 was used as a model system to develop a laboratory technique that can be used to quickly screen the mechanical integrity or stability of laboratory cultivated bacterial biofilms,1.0,False,0,0.6779146048685167,12.37482,5.262375
24841754,E. coli,2014,Biochim Biophys Acta,ecoli_model_system,True,True,,use of a previously identified assembly motif in E. coli Tar-1 receptor,biological,previously_identified_motif,Our model system is the assembly motif ((22)QxxS(25)) found previously in TMDs of the Escherichia coli aspartate receptor (Tar-1).,1.0,False,-1,0.0,10.944413,1.0560058
24747401,E. coli,2014,Nature,ecoli_model_system,True,True,,E. coli is a model system for studying efflux pumps,historical,model_system,A model system for such a pump is the acridine resistance complex of Escherichia coli.,1.0,False,-1,0.0,12.913497,0.9348572
24746518,E. coli,2014,Biochim Biophys Acta,ecoli_model_system,True,True,,E. coli has been used for over 50 years to study bacteriocin import and mechanisms of action,historical,research_continuity,"For over 50years, colicins have provided a working platform for elucidating the structure/function studies of bacteriocin import and modes of action",1.0,False,-1,0.0,13.179125,1.3124038
24725389,E. coli,2014,Environ Microbiol,ecoli_model_system,True,True,,used as a model system to describe molecular control networks in biofilm differentiation,technical,model_system,"Using Escherichia coli as a model system, this review also describes our detailed current knowledge about the underlying molecular control networks - prominently featuring sigma factors, transcriptional cascades and second messengers - that drive this spatial differentiation and points out directions for future research.",1.0,False,0,0.8115889868619931,12.256723,5.533921
17354017,E. coli,2008,J Math Biol,ecoli_model_organism,True,True,,E. coli is used as a model organism with many identified sRNA genes,biological,gene_annotation,"In the model organism Escherichia coli, over 70 sRNA genes have been identified, and the existence of many more has been hypothesized.",1.0,False,12,0.9981357059903435,13.313098,0.38797843
35625201,E. coli,2022,Antibiotics (Basel),ecoli_model_system,True,True,,E. coli is a multidrug-resistant pathogen,biological,pathogenicity,a bacterium included in the priority list of multidrug-resistant pathogens,1.0,False,7,0.8713124735255338,13.34859,2.8301532
29632258,E. coli,2018,Philos Trans R Soc Lond B Biol Sci,ecoli_model_system,True,True,,E. coli Min system is a model system for protein self-organization,biological,model_system,"the Escherichia coli Min system, a model system for protein self-organization",1.0,False,-1,0.0,11.752091,0.7018029
26567153,E. coli,2015,Proc Natl Acad Sci U S A,ecoli_model_system,True,True,,chosen as a model system for genotype-environment interactions,biological,genotype_environment_interactions,using the Escherichia coli lac operon as a model system for genotype-environment interactions,1.0,False,3,0.8852181332539758,8.129715,2.8239753
24428922,E. coli,2014,BMC Syst Biol,ecoli_model_system,True,True,,E. coli was chosen because it serves as a prototype biological system for perfect adaptation dynamics,biological,perfect_adaptation_dynamics,"We demonstrate our methodology on a prototype biological system of perfect adaptation dynamics, namely the chemotaxis model for Escherichia coli",1.0,False,-1,0.0,12.066225,1.234941
24299458,E. coli,2014,Anal Chem,ecoli_model_system,True,True,,used as a representative model system for demonstrating the method,technical,model_system,Using recombinant M13KE-TC phage and Escherichia coli ER2738 as a model system,1.0,False,3,0.7233303744348458,8.644257,2.7351038
24255125,E. coli,2013,mBio,ecoli_model_system,True,True,,E. coli is a model system for studying nitrogen regulation in bacteria,historical,model_system_precedent,Nitrogen regulation in Escherichia coli is a model system for gene regulation in bacteria,1.0,False,-1,0.0,11.810617,1.1512544
24068908,E. coli,2013,PLoS Comput Biol,ecoli_model_system,True,True,,E. coli is a well-established model for studying sensory response and adaptation,historical,model_organism_established,"a canonical system for the study of how organisms sense, respond, and adapt to environmental stimuli",1.0,False,-1,0.0,12.601602,0.5363518
23995679,E. coli,2013,Nature,ecoli_model_system,True,True,,NhaA from E. coli is the best understood model system for Na(+)/H(+) antiport,biological,model_system_establishment,"The best understood model system for Na(+)/H(+) antiport is NhaA from Escherichia coli, for which both electron microscopy and crystal structures are available",1.0,False,-1,0.0,12.7772665,0.24258403
23932448,E. coli,2013,Bioorg Med Chem,ecoli_model_system,True,True,,used a permeable E. coli strain to study in vivo effects of FtsZ inhibitors,technical,membrane_permeability,"we developed a model system using a permeable Escherichia coli strain, envA1, together with an inducible FtsZ-yellow fluorescent protein construct to show by fluorescence microscopy that both chrysophaentin A and hemi-chrysophaentin disrupt Z-rings in live bacteria",1.0,False,9,1.0,13.073817,1.424119
23827415,E. coli,2013,J Biotechnol,ecoli_model_system,True,True,,E. coli BL21(DE3) lacks a copper chaperone needed for copper ion insertion into CotA laccase,biological,metal_homeostasis,E. coli BL21(DE3) seems to lack such a copper chaperone which can be partially complemented by heterologous expression thereof,1.0,False,-1,0.0,12.06451,1.7187933
23763905,E. coli,2013,Eur J Protistol,ecoli_model_system,True,True,,"E. coli is used because it can escape digestion and survive inside T. pyriformis, enabling endosymbiosis studies",biological,digestion_escape,"single bacteria leaving food vacuoles and escaping digestion, an important prerequisite for further experiments",1.0,False,-1,0.0,13.673229,2.343584
23758679,E. coli,2013,BMC Microbiol,ecoli_model_system,True,True,,E. coli W is a non-pathogenic model sharing SslE secretion system with pathogenic strains,biological,virulence_factor_conservation,"Our work provides a non-pathogenic model system for the study of SslE secretion, and informs future research into the function of SslE during host colonization.",1.0,False,-1,0.0,14.021132,2.1087766
23749975,E. coli,2013,J Bacteriol,ecoli_model_system,True,True,,E. coli is the best-studied model system for chemotaxis,historical,model_system_precedence,Chemotaxis in Escherichia coli is the best-studied model system,1.0,False,-1,0.0,13.248686,-0.3734881
23749975,E. coli,2013,J Bacteriol,ecoli_model_system,True,True,,many E. coli strains have been sequenced,technical,genomic_availability,a large number of E. coli strains have been sequenced,1.0,False,11,0.7747566734450307,11.35495,-0.4475832
23688051,E. coli,2013,ACS Synth Biol,ecoli_model_system,True,True,,chosen for lack of intrinsic growth coordination,biological,growth_kinetics,which exhibit little or no intrinsic coordination of growth,1.0,False,3,0.9440843306840345,6.124254,4.659096
23628288,E. coli,2013,Curr Opin Struct Biol,ecoli_model_system,True,True,,used as a model system to understand molecular mechanism of ABC importers,biological,molecular_mechanism,This review uses the maltose transporter of Escherichia coli as a model system to understand the molecular mechanism of ABC importers.,1.0,False,-1,0.0,12.910368,0.74805343
23500459,E. coli,2013,Prog Lipid Res,ecoli_model_system,True,True,,E. coli was chosen because decades of prior research established it as a model system for bacterial lipid synthesis,historical,prior_research,"For decades, research in bacterial lipid synthesis was largely confined to the Escherichia coli model system",1.0,False,-1,0.0,10.482099,0.6843572
23432591,E. coli,2013,Curr Med Chem,ecoli_model_system,True,True,,E. coli was used as a model system to study peptide inhibition of ATP synthase,technical,model_system,the effect of peptides on the inhibition of the Escherichia coli model system through their action on ATP synthase is presented,1.0,False,-1,0.0,12.213445,1.4705634
23422409,E. coli,2013,mBio,ecoli_model_system,True,True,,used as a classical model system for studying phage-host interactions,historical,model_system,our findings in the classical Escherichia coli-lambda model system,1.0,False,-1,0.0,12.472962,2.8050046
23421314,E. coli,2013,Langmuir,ecoli_model_system,True,True,,E. coli ZK1056 is a good model for pathogenic strains due to robust biofilm formation,biological,biofilm_formation,The laboratory strain E. coli ZK1056 provides an intriguing model system for pathogenic E. coli strains because it forms biofilms robustly on a wide range of surfaces.,1.0,False,7,0.5645975980407912,13.860256,2.8688343
23027754,E. coli,2012,Acta Crystallogr Sect F Struct Biol Cryst Commun,ecoli_model_system,True,True,,"E. coli has been widely used as a model for genetic, biochemical, and single-molecule studies of F-type ATP synthases",historical,prior_usage,"The bacterial ATP synthase (F(O)F(1)) of Escherichia coli has been the prominent model system for genetics, biochemical and more recently single-molecule studies on F-type ATP synthases.",1.0,False,-1,0.0,11.41149,1.4537035
22970759,E. coli,2012,Mol Microbiol,ecoli_model_system,True,True,,E. coli O9a is a model system for glycan biosynthesis and export via the ABC transporter pathway,biological,glycan_biosynthesis,The Escherichia coli serotype O9a O-antigen polysaccharide (O-PS) is a model for glycan biosynthesis and export by the ATP-binding cassette transporter-dependent pathway,1.0,False,-1,0.0,13.122195,1.0737642
22954223,E. coli,2012,Ann N Y Acad Sci,ecoli_model_system,True,True,,E. coli is used as a model system to study mechanisms of GCR formation,biological,mechanistic_study,We study amplification in Escherichia coli as a model system to understand mechanisms and circumstances of GCR formation,1.0,False,11,0.6539510756045893,11.933808,1.2035885
22940499,E. coli,2012,J Photochem Photobiol B,ecoli_model_system,True,True,,used as a model system to study PUVA-induced DNA damage and repair,biological,dna_repair,We have used Escherichia coli as model system in studying PUVA induced DNA damage and repair,1.0,False,-1,0.0,9.621286,1.6434228
22925633,E. coli,2013,Biochim Biophys Acta,ecoli_model_system,True,True,,E. coli was used to initiate studies of bacterial phospholipid metabolism,historical,pioneering_research,it was not until the early 1960s that Eugene Kennedy using Escherichia coli initiated studies of bacterial phospholipid metabolism,1.0,False,-1,0.0,10.515932,0.50545424
22925633,E. coli,2013,Biochim Biophys Acta,ecoli_model_system,True,True,,E. coli became a well-established model with available genetic tools and mutants for phospholipid research,technical,genetic_tool_availability,By the late 1990s conditional and null mutants were available along with clones of the genes for every step of phospholipid biosynthesis,1.0,False,-1,0.0,10.524172,0.40589938
22925633,E. coli,2013,Biochim Biophys Acta,ecoli_model_system,True,True,,E. coli allows systematic manipulation of phospholipid composition while maintaining viability,biological,metabolic_engineering,Strains of E. coli were developed in which phospholipid composition could be changed in a systematic manner while maintaining cell viability,1.0,False,-1,0.0,10.476735,0.5196316
22925633,E. coli,2013,Biochim Biophys Acta,ecoli_model_system,True,True,,E. coli serves as a broadly applicable model for phospholipid synthesis and function in other organisms,biological,model_generalizability,to study mechanisms underlying the synthesis and function of phospholipids that are widely applicable to other prokaryotic and eukaryotic systems,1.0,False,-1,0.0,10.476659,0.53668725
22921756,E. coli,2012,Trends Biotechnol,ecoli_model_system,True,True,,E. coli is widely used as a model system,historical,model_organism_use,Escherichia coli finds extensive use as a model system,1.0,False,11,0.6539510756045893,12.005525,1.0589216
26588977,E. coli,2012,J Chem Theory Comput,ecoli_model_system,True,True,,used as host organism for the enzyme studied,biological,enzyme_source,"As a model system, we choose the hydride transfer reaction in Escherichia coli dihydrofolate reductase (ecDHFR)",1.0,False,-1,0.0,11.439429,1.4525223
22768278,E. coli,2012,PLoS One,ecoli_model_system,True,True,,MscS in E. coli is a well-established model for structural and functional studies of mechanosensitive channels,historical,model_system_precedent,"MscS of Escherichia coli has become an excellent model system for the structural, biophysical, and functional study of mechanosensitive ion channels",0.953,False,-1,0.0,12.449281,0.5930289
22728460,E. coli,2012,Toxicon,ecoli_model_system,True,True,,E. coli was used as a host for heterologous expression of the fusion protein,technical,heterologous_expression,The fusion product has been expressed in recombinant form in Escherichia coli cells,1.0,False,6,1.0,10.785333,2.7962458
22720024,E. coli,2012,PLoS One,ecoli_model_system,True,True,,E. coli allows use of recB mutants as a model to study DSB resection mechanisms in bacteria,technical,model_system,"recB mutants used in this study, showing pronounced RecQ helicase and exonuclease I dependence, make up a suitable model system for studying mechanisms of DSB resection in bacteria.",1.0,False,10,1.0,10.455424,1.4558802
22720024,E. coli,2012,PLoS One,ecoli_model_system,True,True,,"E. coli serves as a simpler, defined model for studying conserved RecQ helicase functions and human oncogenesis",biological,conserved_function,"these mutants might be useful for investigating functions of the conserved RecQ helicase family members, and congruently serve as a simpler, more defined model system for human oncogenesis.",1.0,False,10,1.0,10.47959,1.365803
22700437,E. coli,2012,Biotechnol J,ecoli_model_system,True,True,,E. coli is considered the best model system,biological,model_organism_status,"the best model system, Escherichia coli",1.0,False,-1,0.0,11.988121,0.40589643
22689513,E. coli,2012,Scanning,ecoli_model_system,True,True,,used as a model system to demonstrate contrast mechanisms and dehydration effects,historical,model_system,"first, used as a model system, is Escherichia coli for which the contrast mechanisms of STEM are demonstrated along with the visual effects of a dehydration-induced collapse",1.0,False,3,0.8418814980247104,8.502172,2.5077248
22641560,E. coli,2012,Proteins,ecoli_model_system,True,True,,E. coli DHFR exhibits conformational changes during catalysis and product unbinding,biological,conformational_dynamics,"the enzyme dihydrofolate reductase (DHFR) from Escherichia coli, which exhibits characteristic conformational changes of the active-site loop during the catalytic step and during unbinding of the product",1.0,False,-1,0.0,11.186187,1.4013139
22589107,E. coli,2012,Electrophoresis,ecoli_model_system,True,True,,E. coli system used due to availability of X-ray structures,technical,structural_data_availability,thanks to the X-ray structures obtained for the Escherichia coli TolC/AcrA/AcrB model system,1.0,False,-1,0.0,12.068345,1.9587953
22404288,E. coli,2012,FEMS Microbiol Rev,ecoli_model_system,True,True,,E. coli is used as a model system for studying chromosomal replication fidelity,historical,model_system,the model system Escherichia coli,1.0,False,10,1.0,10.44135,1.3196486
22341221,E. coli,2012,Methods Enzymol,ecoli_model_system,True,True,,E. coli K1 is a causative agent of neonatal meningitis,biological,pathogenicity,The pathogenic Escherichia coli strain E. coli K1 is a primary causative agent of neonatal meningitis,1.0,False,7,1.0,13.470985,2.917055
22266241,E. coli,2012,Infect Genet Evol,ecoli_model_system,True,True,,E. coli is a well-established model system in biology,historical,model_system_history,"Escherichia coli is familiar to biologists as a classical model system, ubiquitous in molecular biology laboratories around the world",1.0,False,11,0.7420225361716012,11.757334,0.41419706
22247152,E. coli,2012,Appl Environ Microbiol,ecoli_model_system,True,True,,E. coli K-12 was chosen as a model system for studying plant interactions,historical,model_system,"comparing E. coli K-12, a model system, and E. coli O157:H7, a pathogen associated with a large number of outbreaks",1.0,False,-1,0.0,12.094669,1.4924831
22245752,E. coli,2012,Protein Expr Purif,ecoli_model_system,True,True,,use of E. coli as a model system for scFv expression,biological,model_system,We here examine in detail the E. coli expression of a scFv originating from an anti-carbohydrate MLS128 antibody as a model system.,1.0,False,6,0.6098992464750184,10.838034,2.792027
22224599,E. coli,2012,Annu Rev Biophys,ecoli_model_system,True,True,,E. coli DAGK serves as a model system for studying membrane protein properties,historical,model_system,"DAGK has also long served as a model system for studies of membrane protein biocatalysis, folding, stability, and structure",1.0,False,-1,0.0,11.030422,0.7776391
22214383,E. coli,2012,Biochemistry,ecoli_model_system,True,True,,E. coli was used for overexpression and purification of the recombinant enzyme,technical,recombinant_protein_expression,"the recombinant enzyme, overexpressed and purified from Escherichia coli",1.0,False,6,0.8913175087466995,11.063691,2.6145077
22081394,E. coli,2012,J Bacteriol,ecoli_model_system,True,True,,E. coli was chosen because most knowledge about SPS function comes from studies on E. coli SPS,historical,prior_research,Most of what is known about the function of SPS has derived from studies investigating Escherichia coli SPS (EcSPS) as a model system.,1.0,False,4,0.9530625135941346,12.185005,2.0004182
22011033,E. coli,2012,Acc Chem Res,ecoli_model_system,True,True,,E. coli ATCase is a well-studied model enzyme for allosteric regulation and cooperativity,biological,model_system,"Escherichia coli aspartate transcarbamoylase (ATCase) is the textbook example of an enzyme that regulates a metabolic pathway, namely, pyrimidine nucleotide biosynthesis, by feedback control and by the cooperative binding of the substrate, L-aspartate.",1.0,False,-1,0.0,11.242634,1.351026
21990359,E. coli,2011,J Biol Chem,ecoli_model_system,True,True,,E. coli O9a is a model system for glycan biosynthesis and export via ABC transporter pathway,biological,glycan_biosynthesis,The Escherichia coli O9a O-polysaccharide (O-PS) represents a model system for glycan biosynthesis and export by the ATP-binding cassette (ABC) transporter-dependent pathway.,1.0,False,-1,0.0,13.086741,1.0407054
21981077,E. coli,2011,FEBS J,ecoli_model_system,True,True,,E. coli was used for efficient expression of rat DAAO,technical,recombinant_expression,rat DAAO was efficiently expressed in Escherichia coli,1.0,False,6,1.0,10.957166,2.6935494
21911974,E. coli,2011,Indian J Med Res,ecoli_model_system,True,True,,E. coli was used as a reporter strain for detecting AHLs,technical,reporter_strain,Screening and quantitation of AHLs was done by using cross feeding assay and by determining beta-galactosidase activity respectively using Escherichia coli MG4 as reporter strain,1.0,False,-1,0.0,12.3956585,1.8314363
21608144,E. coli,2011,Biotechnol Prog,ecoli_model_system,True,True,,used as a model system representative of current manufacturing challenges,technical,manufacturing_challenges,An Escherichia coli fed-batch fermentation expressing antibody fragments in the periplasm was used as a model system representative of current manufacturing challenges,1.0,False,3,0.9618607623912797,8.435975,2.9390907
21454609,E. coli,2011,J Biol Chem,ecoli_model_system,True,True,,E. coli was used to improve protein solubility and crystallization,technical,protein_expression,This enhances their solubility in Escherichia coli and improves their crystallization.,1.0,False,6,0.6849718843077173,11.079546,2.6018322
21343464,E. coli,2011,Antimicrob Agents Chemother,ecoli_model_system,True,True,,use of a simple model system,technical,model_simplicity,Using a simple Escherichia coli model system,1.0,False,3,0.6941944723783111,8.472528,2.9331248
21322489,E. coli,2011,Faraday Discuss,ecoli_model_system,True,True,,using E. coli copper amine oxidase as a model system to study oxygen delivery,biological,enzyme_function,We are using Escherichia coli copper amine oxidase as a model system to investigate the roles played by both local active site residues as well as long range interactions in this process,1.0,False,-1,0.0,12.449603,1.4883077
21255112,E. coli,2011,Mol Microbiol,ecoli_model_system,True,True,,E. coli chemotaxis system is used as a model to study Aer-2 signaling,technical,model_system,Using this model system to investigate signalling and poly-HAMP function,1.0,False,-1,0.0,13.216259,-0.31094068
21227918,E. coli,2011,Nucleic Acids Res,ecoli_model_system,True,True,,E. coli provides a suitable model system for studying gram-negative Qnr proteins,biological,model_system_relevance,thus providing an appropriate model system for gram-negative Qnr proteins,1.0,False,-1,0.0,13.473842,1.0478472
20923764,E. coli,2010,J Biol Chem,ecoli_model_system,True,True,,used as a model system to study gene regulation in response to food availability and cAMP levels,biological,gene_regulation,We used the galactose regulation in Escherichia coli as a model system for understanding how cells integrate information about food availability and cAMP levels to adjust the timing and intensity of gene expression,1.0,False,3,0.8288453122801356,8.068161,2.4305193
20856905,E. coli,2010,PLoS Biol,ecoli_model_system,True,True,,E. coli is well-characterized biochemically and genetically,biological,biochemical_characterization,The Escherichia coli transcription system is the best characterized from a biochemical and genetic point of view and has served as a model system.,1.0,False,11,0.8067639500563554,11.285366,-0.358337
20818735,E. coli,2010,Dev Disabil Res Rev,ecoli_model_system,True,True,,E. coli is useful for studying mitochondrial respiratory chain protein structure and function,biological,protein_structure_function,"E. coli are single cell, prokaryotic bacteria that have proven to be a useful model system in which to investigate mitochondrial respiratory chain protein structure and function",1.0,False,-1,0.0,11.280366,1.4510877
20680614,E. coli,2010,Anal Bioanal Chem,ecoli_model_system,True,True,,POPE and POPG lipid mixtures are a commonly used model for E. coli membranes,biological,membrane_composition,which form a commonly used model system for Escherichia coli membranes,1.0,False,-1,0.0,10.690454,0.5649421
24031540,E. coli,2010,Braz J Microbiol,ecoli_model_system,True,True,,used as a model system for controlling antibiotic-resistant pathogenic bacteria,biological,antibiotic_resistance,Escherichia coli are used as model system for the control of antibiotic resistant pathogenic bacteria,1.0,False,9,1.0,13.121567,1.6258274
20382818,E. coli,2010,Appl Environ Microbiol,ecoli_model_system,True,True,,used as a model system for studying lipid A analysis,technical,model_system,"Using lipid A from Escherichia coli O116 as a model system, we have investigated the effects of different matrices and comatrix compounds on the analysis of lipid A.",1.0,False,-1,0.0,9.939424,0.70543617
20231390,E. coli,2010,Antimicrob Agents Chemother,ecoli_model_system,True,True,,UPEC is a major cause of urinary tract infections,biological,pathogenic_relevance,Most UTIs are caused by strains of uropathogenic Escherichia coli (UPEC),1.0,False,7,0.8511262633790874,13.298709,3.1385732
20206698,E. coli,2010,J Struct Biol,ecoli_model_system,True,True,,assess compatibility of challenging targets with E. coli expression system,technical,expression_system_compatibility,analysis of the human kinase TBK1 is presented to show how the ESPRIT technology rapidly addresses the compatibility of challenging targets with the Escherichia coli expression system,1.0,False,6,0.9580927536536232,10.774388,2.798098
20175986,E. coli,2010,Biochim Biophys Acta,ecoli_model_system,True,True,,SQR from E. coli is homologous to mitochondrial complex II,biological,evolutionary_homology,SQR from E. coli is homologous to mitochondrial complex II and has proven to be an excellent model system for structure/function studies of the enzyme,1.0,False,-1,0.0,11.398164,1.3183787
20175986,E. coli,2010,Biochim Biophys Acta,ecoli_model_system,True,True,,SQR from E. coli has proven to be an excellent model system for structure/function studies,technical,model_system_suitability,SQR from E. coli is homologous to mitochondrial complex II and has proven to be an excellent model system for structure/function studies of the enzyme,1.0,False,-1,0.0,11.658164,1.0840312
20113208,E. coli,2010,Foodborne Pathog Dis,ecoli_model_system,True,True,,used as a model system to examine phage treatment effects,biological,model_system,Phage T4 and Escherichia coli were used as a model system to examine this possibility,1.0,False,-1,0.0,12.566591,2.8315198
20064524,E. coli,2010,J Mol Biol,ecoli_model_system,True,True,,use of E. coli as a monitor strain for measuring QS response,technical,monitor_strain,the Escherichia coli monitor strain MH205,1.0,False,-1,0.0,12.669783,1.4008883
20042079,E. coli,2009,BMC Syst Biol,ecoli_model_system,True,True,,E. coli has the most comprehensive genome-scale metabolic model available,technical,model_comprehensiveness,the genome-scale metabolic model of E. coli is the most comprehensive model at this time,1.0,False,-1,0.0,11.259947,-0.18494211
19844856,E. coli,2009,IDrugs,ecoli_model_system,True,True,,used as a model system to study adhesion as an antivirulence target,biological,adhesion_mechanisms,using pili of uropathogenic Escherichia coli as a model system,1.0,False,0,0.7764746944345584,12.310528,5.2319694
19763343,E. coli,2009,Mol Biosyst,ecoli_model_system,True,True,,E. coli is easy to grow and genetically manipulate,technical,genetic_manipulation,"Given its ease of growth and genetic manipulation, the Gram-negative bacterium Escherichia coli appears to be an ideal model system for performing comprehensive genome-scale examinations of genetic redundancy in bacteria.",1.0,False,-1,0.0,11.021834,0.3510822
19731906,E. coli,2009,J Am Chem Soc,ecoli_model_system,True,True,,used as a model system for studying adhesion to mannose,biological,adhesion_mechanism,"using a model system, the adhesion of Escherichia coli to mannose",1.0,False,0,0.8174655450591102,12.32103,5.256755
19576778,E. coli,2009,Trends Microbiol,ecoli_model_system,True,True,,E. coli is used as a model system to improve GO annotation for bacteria,biological,model_organism,describe recent efforts to build and maintain high-quality GO annotation for Escherichia coli as a model system,1.0,False,5,0.3741242417114418,14.539528,1.9920868
19547746,E. coli,2009,PLoS Biol,ecoli_model_system,True,True,,E. coli is a model system for biological signal processing,biological,model_system,The Escherichia coli chemotaxis network is a model system for biological signal processing.,1.0,False,-1,0.0,12.26808,0.8392486
19433552,E. coli,2009,Antimicrob Agents Chemother,ecoli_model_system,True,True,,used as a model system to study GOB-18 biogenesis,technical,model_system,Using the expression of the complete gob-18 gene from the gram-negative opportunistic pathogen Elizabethkingia meningoseptica in Escherichia coli as a model system,1.0,False,2,0.6797158233313764,6.40111,1.8962718
19374016,E. coli,2009,J Struct Biol,ecoli_model_system,True,True,,E. coli was used as a biological model system to study temperature-induced lipid phase separation,biological,model_system,temperature induced lipid phase separation in the biological model system of the Escherichia coli bacteria was used,1.0,False,-1,0.0,10.947396,1.3625547
19362650,E. coli,2009,Methods Enzymol,ecoli_model_system,True,True,,E. coli allows genetic manipulation of biosynthetic gene clusters prior to expression in Streptomyces,technical,genetic_manipulation,"Prior to heterologous expression in S. coelicolor, cosmids containing the complete biosynthetic clusters can be manipulated in Escherichia coli by lambda RED-mediated recombination, creating single or multiple gene replacements or gene deletions.",1.0,False,-1,0.0,11.07883,0.46484998
19235150,E. coli,2009,Curr Protoc Microbiol,ecoli_model_system,True,True,,used as a specific example in the protocol,technical,protocol_example,using a specific example of signaling inhibitor identification using enterohemorrhagic Escherichia coli as a model system,1.0,False,3,0.9021182624140016,8.590672,2.9096768
19224339,E. coli,2009,Mol Cell Biochem,ecoli_model_system,True,True,,E. coli is a safe Biosafety Level I organism,technical,biosafety,Our choice of a safe Biosafety Level I E. coli bacteria,1.0,False,-1,0.0,11.896353,0.034900106
19118341,E. coli,2009,Microbiology (Reading),ecoli_model_system,True,True,,E. coli K1 is a medically important pathogen,biological,pathogenicity,the medically important extraintestinal pathogen Escherichia coli K1,1.0,False,7,1.0,13.545231,2.8149793
19060138,E. coli,2009,J Bacteriol,ecoli_model_system,True,True,,used as a model system for studying hicAB locus,technical,model_system,"Using the hicAB locus of Escherichia coli K-12 as a model system, we present evidence that supports this inference",1.0,False,-1,0.0,10.712408,2.3972692
19054114,E. coli,2009,FEMS Microbiol Rev,ecoli_model_system,True,True,,E. coli is a well-established model system for studying microbial cell-envelope biology,historical,model_system_establishment,Escherichia coli has long been investigated as a leading model system to elucidate the fundamental mechanisms underlying microbial cell-envelope biology,1.0,False,-1,0.0,12.036889,0.55806375
19007188,E. coli,2008,Anal Chem,ecoli_model_system,True,True,,E. coli is a well-characterized model system for studying ribosomal self-assembly,biological,model_system_characterization,The Escherichia coli small (30S) ribosomal subunit is a particularly well-characterized model system for studying in vitro self-assembly,1.0,False,-1,0.0,10.799533,0.99288213
18820051,E. coli,2008,Appl Environ Microbiol,ecoli_model_system,True,True,,E. coli was chosen due to the plasticity of its native ubiquinone biosynthesis pathway,biological,pathway_plasticity,"By utilizing the known plasticity of E. coli's native ubiquinone biosynthesis pathway and the unusual activity of CrtN, modified ubiquinone structures with prenyl side chains containing conjugated double bonds were generated.",1.0,False,-1,0.0,11.629651,2.1224103
18807027,E. coli,2008,Appl Microbiol Biotechnol,ecoli_model_system,True,True,,E. coli was used as a model system to study intrinsic multidrug resistance,biological,model_system,"In this study, Escherichia coli was used as a model system to explore the genetic basis of intrinsic multidrug resistance.",1.0,False,9,1.0,13.006854,1.3748167
18713004,E. coli,2008,Biol Chem,ecoli_model_system,True,True,,chose E. coli TrpRS as a model system for docking studies,technical,model_system_selection,We chose tryptophanyl-tRNA synthetase from Escherichia coli as a model system for docking studies with various tryptophan analogs using the FlexX-Pharm strategy,1.0,False,-1,0.0,11.312153,1.4683082
18636651,E. coli,1997,Biotechnol Bioeng,ecoli_model_system,True,True,,chosen as a model system for the bioconversion study,technical,model_system,The Escherichia coli transketolase-catalyzed condensation of glycolaldehyde with beta-hydroxypyruvate to yield L-erythrulose (and carbon dioxide) was chosen as a model system.,1.0,False,-1,0.0,11.08145,1.1313808
18631241,E. coli,2008,Mol Microbiol,ecoli_model_system,True,True,,used PhoB as a model system within E. coli to study two-component signaling,biological,model_system,Using the Escherichia coli RR PhoB as a model system,1.0,False,-1,0.0,12.329377,0.93882465
18606737,E. coli,2008,J Bacteriol,ecoli_model_system,True,True,,E. coli is a well-studied model organism for TMAO reductase operons,historical,model_organism_precedent,"The regulation and expression of TMAO reductase operons have been well studied in model genera such as Escherichia, Shewanella, and Rhodobacter",1.0,False,-1,0.0,11.548648,0.044815812
18573332,E. coli,2008,Free Radic Biol Med,ecoli_model_system,True,True,,chosen for its simplicity as a model system,technical,model_simplicity,in a relatively simple model system such as starving E. coli cells,1.0,False,3,0.6663975388053357,8.514377,2.9197283
18524933,E. coli,2008,Microbiology (Reading),ecoli_model_system,True,True,,"E. coli serves as a model system for studying bacteriocin structure-function, genetics, ecology, and evolution",biological,model_system,"Colicins, those bacteriocins produced by Escherichia coli, serve as a model system for investigations of bacteriocin structure-function relationships, genetic organization, and their ecological role and evolutionary history.",1.0,False,-1,0.0,11.935754,0.9711294
18326037,E. coli,2008,J Biol Chem,ecoli_model_system,True,True,,"PspF, a AAA+ protein involved in transcription activation, is naturally present in E. coli",biological,native_protein_expression,"Here we use PspF, a specialized AAA+ protein required for enhancer-dependent transcription activation in Escherichia coli, as a model system to address this question",1.0,False,-1,0.0,13.6472025,1.328754
18271571,E. coli,2008,J Phys Chem B,ecoli_model_system,True,True,,E. coli biotin carboxylase has available crystal structures with and without ATP bound,technical,structural_data_availability,"Biotin carboxylase from Escherichia coli, whose crystal structures with and without ATP bound have been determined, has served as a model system for this component of the acetyl-CoA carboxylase complex",1.0,False,-1,0.0,11.117465,1.3519384
18085201,E. coli,2007,Methods Mol Med,ecoli_model_system,True,True,,E. coli was used as a host for producing purified transducible Cre protein,technical,protein_expression_system,"Here, we present methods for generating purified transducible Cre protein from Escherichia coli and its transduction into ES cells and their neural progeny.",1.0,False,6,1.0,10.902502,2.6944537
17964259,E. coli,2007,Mol Cell,ecoli_model_system,True,True,,use of MalT as a model system to study STAND ATPases,biological,model_system,"Here we use MalT, the transcription activator of the Escherichia coli maltose regulon, as a model system to address this question",1.0,False,-1,0.0,11.202873,1.3936683
17942694,E. coli,2007,Proc Natl Acad Sci U S A,ecoli_model_system,True,True,,"T4 phage, which infects E. coli, is a well-established model system in molecular biology",historical,model_system_establishment,"a large, tailed Escherichia coli virus that is an important model system in molecular biology",1.0,False,-1,0.0,12.6657505,2.6476138
17921263,E. coli,2007,Appl Environ Microbiol,ecoli_model_system,True,True,,chosen as a model system for NADPH-dependent bioconversion,biological,metabolic_function,for use as a model system for NADPH-dependent bioconversion,1.0,False,-1,0.0,11.184787,1.0498277
17913479,E. coli,2007,Artif Intell Med,ecoli_model_system,True,True,,E. coli chemotaxis is a well-characterized model system for studying bacterial chemotaxis networks,biological,model_system_characterization,Escherichia coli chemotaxis provides a well-characterized model system for the bacterial chemotaxis network,1.0,False,-1,0.0,13.2641945,-0.3931374
17894548,E. coli,2008,Biochem J,ecoli_model_system,True,True,,used as a model system due to homology with human mitochondrial complex I subunit,biological,homology,We have now examined the effects of ND6 mutations on the function of complex I using the homologous NuoJ subunit of Escherichia coli NDH-1 (NADH:quinone oxidoreductase) as a model system.,1.0,False,2,1.0,5.949127,1.7481829
17803448,E. coli,2007,Cancer Biother Radiopharm,ecoli_model_system,True,True,,E. coli was used for recombinant expression of the beta subunit of HLA-DR10,technical,recombinant_protein_expression,we express a recombinant form of the beta subunit of HLA-DR10 in Escherichia coli,0.951,False,6,0.8162185278567708,10.946415,2.8796072
17668295,E. coli,2007,J Struct Funct Genomics,ecoli_model_system,True,True,,E. coli has been historically important for understanding biological processes,historical,model_organism_history,Escherichia coli has historically been an important organism for understanding a multitude of biological processes,1.0,False,-1,0.0,12.356077,0.3746098
17668295,E. coli,2007,J Struct Funct Genomics,ecoli_model_system,True,True,,E. coli is a model system for simulating living cells,biological,cell_simulation_model,represents a model system as we attempt to simulate the workings of living cells,1.0,False,-1,0.0,11.985094,0.46120667
17668295,E. coli,2007,J Struct Funct Genomics,ecoli_model_system,True,True,,Many E. coli strains are important pathogens requiring new therapies,biological,pathogenicity,Many E. coli strains are also important human and animal pathogens for which new therapeutic strategies are required,1.0,False,7,1.0,13.377803,2.8314707
17660063,E. coli,2007,J Struct Biol,ecoli_model_system,True,True,,E. coli AmtB is established as a preferred model for mechanistic studies,historical,model_system_precedent,"The Escherichia coli channel AmtB has become the model system of choice for analysis of the mechanism of ammonia conductance, increasingly also through molecular dynamics simulations.",1.0,False,-1,0.0,13.183595,1.3249367
17606920,E. coli,2007,Proc Natl Acad Sci U S A,ecoli_model_system,True,True,,used as a model system for studying carrier protein recognition,biological,model_system,we have used the two-module Escherichia coli enterobactin synthetase as a model system,1.0,False,-1,0.0,9.951325,2.1436646
17592858,E. coli,2007,Biotechnol Prog,ecoli_model_system,True,True,,used as a model system for recombinant protein expression,technical,model_system,Recombinant expression of firefly luciferase in Escherichia coli was used as a model system.,1.0,False,-1,0.0,10.16529,2.3505127
17453422,E. coli,2007,Mol Membr Biol,ecoli_model_system,True,True,,used as a model system for Amt proteins,biological,model_system,Using the Escherichia coli AmtB protein as a model system for Amt proteins,1.0,False,-1,0.0,10.077686,2.2174463
17368911,E. coli,2007,J Struct Biol,ecoli_model_system,True,True,,E. coli AmtB is the established model system for studying ammonia conductance,historical,established_model_system,"The Escherichia coli channel AmtB has become the model system of choice for analysis of the mechanism of ammonia conductance, increasingly also through molecular dynamics simulations.",1.0,False,-1,0.0,13.116291,1.0820646
17220888,E. coli,2007,Nat Genet,ecoli_model_system,True,True,,used as a model system to study epigenetic switches,biological,epigenetic_switches,by using the agn43 gene in Escherichia coli as a model system,1.0,False,-1,0.0,11.829832,0.9322366
17215887,E. coli,2006,Biochem Cell Biol,ecoli_model_system,True,True,,SdhCDAB is a structural homologue of mitochondrial complex II,biological,structural_homology,"SdhCDAB is a good model system for the succinate dehydrogenase (Sdh) found in the mitochondrial respiratory chain (complex II), as the subunits are structural homologues",1.0,False,2,1.0,5.9706836,1.5108247
17214507,E. coli,2007,PLoS Biol,ecoli_model_system,True,True,,E. coli has a well-annotated regulatory network available in RegulonDB,biological,regulatory_annotation,"3,216 known E. coli regulatory interactions from RegulonDB",1.0,False,11,0.6591178067737138,11.601661,0.46709946
17214507,E. coli,2007,PLoS Biol,ecoli_model_system,True,True,,E. coli expression data is available at scale,technical,data_availability,445 Escherichia coli Affymetrix arrays,1.0,False,-1,0.0,11.424341,0.18302602
17214507,E. coli,2007,PLoS Biol,ecoli_model_system,True,True,,E. coli serves as a model system for algorithm development,biological,model_system,provides a valuable model system for further improvement of network inference algorithms using experimental data,1.0,False,12,0.509344541736175,12.207612,1.1542909
17064640,E. coli,2006,Curr Infect Dis Rep,ecoli_model_system,True,True,,E. coli is a common cause of urinary tract infections,biological,pathogenicity,Most UTIs are caused by Escherichia coli.,1.0,False,7,1.0,13.335887,3.01534
17064640,E. coli,2006,Curr Infect Dis Rep,ecoli_model_system,True,True,,UTI caused by E. coli is a productive and accessible model system for studying bacterial interaction with mucosal surfaces,technical,model_system_accessibility,UTI has become a productive and accessible model system for studying the molecular details of how bacteria interact with mucosal surfaces and the nature of the host response.,1.0,False,7,0.6651725244503246,13.245682,2.8541172
16945905,E. coli,2006,Proc Natl Acad Sci U S A,ecoli_model_system,True,True,,E. coli NikR provides a model system for studying ligand-mediated effects on transcription factor function,biological,transcription_factor_function,establishing a model system for the study of ligand-mediated effects on transcription factor function,1.0,False,-1,0.0,11.491658,0.6830867
16933977,E. coli,2006,PLoS Biol,ecoli_model_system,True,True,,E. coli was chosen because it serves as a model system with type I fimbriae that are well-characterized and relevant for studying cell adhesion under flow,biological,adhesive_structure_relevance,"The adhesive tethers of our model system, Escherichia coli, are type I fimbriae, which are anchored to the outer membrane of most E. coli strains.",1.0,False,0,0.5610182700893169,12.407111,5.09648
16753031,E. coli,2006,Annu Rev Microbiol,ecoli_model_system,True,True,,E. coli is used as a model system to study DNA replication and its regulation during the cell cycle,biological,dna_replication,Escherichia coli is a model system to study the mechanism of DNA replication and its regulation during the cell cycle,1.0,False,10,1.0,10.588825,1.299908
16672606,E. coli,2006,J Bacteriol,ecoli_model_system,True,True,,lipoprotein sorting rules are conserved in Enterobacteriaceae,biological,conservation_of_molecular_mechanisms,"These four lipoproteins exhibited identical localization patterns in a panel of members of the family Enterobacteriaceae, showing that the lipoprotein sorting rules are conserved in these bacteria and validating the use of E. coli as a model system.",1.0,False,-1,0.0,12.327295,1.6533685
16672476,E. coli,2006,Appl Environ Microbiol,ecoli_model_system,True,True,,E. coli was used because it enabled effective expression of scFvs,technical,expression_system,The isolated scFvs were effectively expressed in Escherichia coli and readily purified by affinity chromatography,1.0,False,6,0.7907620769074151,11.049949,3.0567632
16603270,E. coli,2006,J Biotechnol,ecoli_model_system,True,True,,E. coli SodM was used because it is commercially available in purified form,economic,commercial_availability,"By using a commercially available purified E. coli derived SodM preparation, it was possible to show that the amino acid sequence of this protein is responsible for the elicitation of an oxidative burst reaction in the tobacco cell culture model",1.0,False,-1,0.0,11.981238,2.1659372
16582930,E. coli,2006,Nat Rev Microbiol,ecoli_model_system,True,True,,E. coli virulence factors mimic host cell-signalling components,biological,molecular_mimicry,"pedestal assembly is triggered by E. coli virulence factors that mimic several host cell-signalling components, such as transmembrane receptors, their cognate ligands and cytoplasmic adaptor proteins",1.0,False,7,0.7506503938288911,13.6241045,2.5297418
16563828,E. coli,2006,Transfus Clin Biol,ecoli_model_system,True,True,,E. coli is used as a model system for studying ammonium uptake,biological,model_system,The Escherichia coli ammonium transport protein (AmtB) has become the model system of choice for analysis of the process of ammonium uptake by the ubiquitous Amt family of inner membrane proteins,1.0,False,9,0.8086934137641454,12.979495,0.9484429
16563828,E. coli,2006,Transfus Clin Biol,ecoli_model_system,True,True,,Genetic and biochemical tools have been developed in E. coli,technical,tool_development,Over the past 6 years we have developed a range of genetic and biochemical tools in this system,1.0,False,-1,0.0,10.790119,0.072131045
16563828,E. coli,2006,Transfus Clin Biol,ecoli_model_system,True,True,,E. coli AmtB studies provide insights into clinically important Rh proteins,biological,evolutionary_homology,studies on E. coli AmtB can potentially shed light on structure/function relationships in the clinically important Rh proteins,1.0,False,-1,0.0,13.285717,1.6470785
16555073,E. coli,2006,Arch Microbiol,ecoli_model_system,True,True,,used as a model system to study physiological changes induced by IAA treatment,biological,model_system,we used Escherichia coli K-12 as a model system,1.0,False,3,1.0,7.7750406,2.538981
16537389,E. coli,2006,Proc Natl Acad Sci U S A,ecoli_model_system,True,True,,use of conjugational replication and recombination as a model system in E. coli,technical,model_system,by using conjugational replication and recombination as a model system,1.0,False,10,1.0,10.296782,1.5207323
16272375,E. coli,2005,Microbiology (Reading),ecoli_model_system,True,True,,used as a model system for conjugation assay,biological,model_system,used plasmid R388 and a laboratory strain of Escherichia coli as a model system,1.0,False,-1,0.0,10.055954,1.8333685
16215741,E. coli,2006,Histochem Cell Biol,ecoli_model_system,True,True,,E. coli was chosen due to its extracellular infection mechanism,biological,infection_mechanism,"Both commensal bacteria and important bacterial pathogens were chosen for study based on their principally different infection mechanisms: obligate extracellular Escherichia coli, facultative intracellular Salmonella and obligate intracellular Chlamydia.",1.0,False,4,0.9796958390816803,12.586639,2.5208068
16143552,E. coli,2005,Metab Eng,ecoli_model_system,True,True,,E. coli was chosen because its oxygen and redox sensing/regulatory system controls metabolic pathways linked to glycolysis and the TCA cycle,biological,regulatory_networks,"The Escherichia coli oxygen and redox sensing/regulatory system, which controls the metabolic patterns connected to glycolysis and the TCA cycle, was used as a model system to illustrate the proposed approach.",1.0,False,-1,0.0,11.764433,1.6640993
15972487,E. coli,2005,Infect Immun,ecoli_model_system,True,True,,UPEC causes urinary tract infections,biological,pathogenicity,Urinary tract infections are most commonly caused by uropathogenic strains of Escherichia coli (UPEC),1.0,False,7,0.7036531691164815,13.348413,3.1720498
15770087,E. coli,2005,Microb Drug Resist,ecoli_model_system,True,True,,used as heterologous expression system for modeling mutations,technical,heterologous_expression,we chose to model the P. jirovecii mutations in the Saccharomyces cerevisiae FAS protein (encoded by FOL1) via its expression in Escherichia coli,1.0,False,-1,0.0,10.416195,2.4118536
15726819,E. coli,2004,Lipids,ecoli_model_system,True,True,,E. coli was used because its FAS II pathway enzymes have been crystallized,technical,structural_data_availability,Crystal structures of the FAS II pathway enzymes have been determined for not only the Escherichia coli model system but also other gram-negative and gram-positive pathogens,1.0,False,-1,0.0,11.608722,2.2634048
15623311,E. coli,2005,Anal Chem,ecoli_model_system,True,True,,used as a model system to develop and test the allele-specific oligonucleotide microarray,technical,model_system,"Using a panel of Escherichia coli strains as a model system, selected loci were sequenced to uncover differences, such as single- or multiple-nucleotide polymorphisms as well as insertion/deletions (indels)",1.0,False,3,0.8368802596626269,8.067583,2.7449374
15581358,E. coli,2004,Biochemistry,ecoli_model_system,True,True,,E. coli was used because it enabled expression and purification of the soluble C1b protein,technical,protein_expression_and_purification,"we constructed several soluble C1b proteins from type VII AC, arriving at one, 7C1b-S, which can be expressed and purified from Escherichia coli",1.0,False,6,1.0,10.961211,2.7910287
15545230,E. coli,2004,IUBMB Life,ecoli_model_system,True,True,,E. coli was used because selenium incorporation into selenoproteins is well established in this system,biological,selenoprotein_expression,The activation and incorporation of selenium into selenocysteine containing selenoproteins has been well established in an Escherichia coli model system,1.0,False,-1,0.0,11.911135,1.6073394
15052334,E. coli,2004,Biochem Cell Biol,ecoli_model_system,True,True,,E. coli is used because it has been extensively studied as a model system,historical,extensive_prior_research,FAS II has been extensively studied in the Escherichia coli model system,1.0,False,-1,0.0,12.077912,1.3221704
15014231,E. coli,2004,J Biomol NMR,ecoli_model_system,True,True,,chosen because it has a well-defined solution structure,biological,known_structure,A protein with a well-defined solution structure (Escherichia coli thioredoxin) was used as the model system,1.0,False,-1,0.0,9.444739,2.8626852
14711594,E. coli,2004,Int J Parasitol,ecoli_model_system,True,True,,chosen as a simple model system,technical,model_system,simple model system,1.0,False,-1,0.0,8.52411,2.9338782
14562906,E. coli,2003,Avian Dis,ecoli_model_system,True,True,,lacZ from E. coli was used because it serves as a transcriptional reporter,technical,reporter_gene,"To serve as a transcriptional reporter, a promoterless lacZ gene from Escherichia coli was cloned",1.0,False,-1,0.0,12.223275,2.1342611
12912910,E. coli,2003,EMBO J,ecoli_model_system,True,True,,E. coli sigma(S) serves as a model system for regulated proteolysis,biological,model_system,"sigma(S) (RpoS), the master regulator of the general stress response in Escherichia coli, is a model system for regulated proteolysis in bacteria.",1.0,False,11,0.6539510756045893,11.620831,1.3322793
15377509,E. coli,2004,Biophys J,ecoli_model_system,True,True,,"P pili are important in urinary tract pathogenesis, making E. coli a relevant model",biological,pathogenesis,P pili ... are particularly important in the pathogenesis of E. coli colonizing the upper urinary tract and kidneys.,0.922,False,7,0.7983655854097199,13.271926,3.0906374
15374664,E. coli,2004,FEMS Microbiol Rev,ecoli_model_system,True,True,,Existing knowledge of the genetics and biochemistry of aromatic compound catabolism in E. coli provides a basis to use these pathways as a model system for studying complex molecular mechanisms of gene expression in this paradigmatic organism.,biological,genetic_knowledge,The current knowledge on the genetics and biochemistry of the catabolism of aromatic compounds in Escherichia coli settles the basis to consider these pathways as a model system to study the complex molecular mechanisms that control the expression of the genes involved in the metabolism of less-preferred carbon sources in this paradigmatic organism.,1.0,False,-1,0.0,11.266687,0.7840757
15265736,E. coli,2004,Anal Biochem,ecoli_model_system,True,True,,"The interaction is well-characterized, making it a suitable model system",biological,well_characterized_interaction,"the well-characterized interaction of bacterial replication initiator DnaA with its cognate binding site, the DnaA box",1.0,False,3,0.879873825801799,8.328059,2.738409
15207864,E. coli,2004,Res Microbiol,ecoli_model_system,True,True,,E. coli provides a model system to study genetic and physiological bases of natural selection,technical,model_system,Starved cultures of the bacterium Escherichia coli present a model system with which to address the genetic and physiological bases of natural selection.,1.0,False,-1,0.0,11.609411,0.89572936
15207864,E. coli,2004,Res Microbiol,ecoli_model_system,True,True,,"E. coli reflects the prevalent state of bacteria in nature, as most microorganisms spend most of their lives under starvation",biological,environmental_relevance,"This is a model system that also reflects the prevalent state of bacteria in the natural world; due to intense competition for nutrients, microorganisms spend the majority of their lives under starvation conditions.",1.0,False,-1,0.0,12.539264,0.9100433
15039354,E. coli,2004,Infect Immun,ecoli_model_system,True,True,,C. rodentium is used as an in vivo model for the clinically significant A/E pathogens enterohemorrhagic and enteropathogenic E. coli,technical,model_system,C. rodentium ... is used as an in vivo model system for the clinically significant A/E pathogens enterohemorrhagic and enteropathogenic Escherichia coli.,0.908,False,-1,0.0,13.709354,1.3169817
13678824,E. coli,2003,Int J Antimicrob Agents,ecoli_model_system,True,True,,E. coli was chosen because promethazine is known to be effective as an antiplasmid agent in this species,technical,antiplasmid_efficacy,Promethazine has been recognised as an effective antiplasmid agent in cultures containing a single bacterial species such as Escherichia coli...,0.979,False,-1,0.0,13.5227375,2.1352901
13129604,E. coli,2003,FEMS Microbiol Lett,ecoli_model_system,True,True,,High sequence identity to the human enzyme makes it a good model,biological,sequence_similarity,The 47% sequence identity between the oxygen-dependent CPO from Escherichia coli and its human counterpart makes the bacterial enzyme a good model system for structural studies of this disease.,1.0,False,2,1.0,5.267291,0.9084471
12917804,E. coli,2003,Genet Mol Res,ecoli_model_system,True,True,,E. coli is widely used for studying eukaryotic DNA repair genes,historical,precedent_use,The bacteria Escherichia coli has been widely employed in studies of eukaryotic DNA repair genes.,1.0,False,10,0.8763014396655971,10.5130205,1.3543566
12902287,E. coli,2003,Appl Environ Microbiol,ecoli_model_system,True,True,,E. coli O157:H7 is an enteric pathogen known to contaminate fresh produce,biological,produce_contamination,"Enteric pathogens, such as Salmonella enterica and Escherichia coli O157:H7, have been shown to contaminate fresh produce.",1.0,False,7,0.7201324383181706,13.637627,2.6099408
12851391,E. coli,2003,J Biol Chem,ecoli_model_system,True,True,,"E. coli RNAP never encounters chromatin in vivo, making it a distinct system for comparison",technical,chromatin_absence,"Escherichia coli RNA polymerase (RNAP), which never encounters chromatin in vivo",1.0,False,10,0.8400892607127227,10.612591,1.0752407
12851391,E. coli,2003,J Biol Chem,ecoli_model_system,True,True,,"E. coli RNAP behaves similarly to Pol II, so it can serve as a suitable model for studying chromatin transcription",technical,model_system,"Thus, bacterial RNAP can be used as a suitable model system to study general aspects of chromatin transcription by Pol II",1.0,False,10,0.9251667955543663,10.570041,1.1600808
12748194,E. coli,2003,J Biol Chem,ecoli_model_system,True,True,,E. coli provides a model system for studying bacterial degradation of 3HPP,biological,model_system,The mhp gene cluster from Escherichia coli constitutes a model system to study bacterial degradation of 3-(3-hydroxyphenyl)propionic acid (3HPP).,1.0,False,-1,0.0,11.819909,0.84276617
12694622,E. coli,2003,Mol Microbiol,ecoli_model_system,True,True,,Citrobacter rodentium is used as an in vivo model for clinically significant enteric pathogens such as EHEC and EPEC,biological,model_system,Citrobacter rodentium is used as an in vivo model system for clinically significant enteric pathogens such as enterohaemorrhagic Escherichia coli (EHEC) and enteropathogenic E. coli (EPEC).,1.0,False,-1,0.0,13.645008,1.1416764
12694610,E. coli,2003,Mol Microbiol,ecoli_model_system,True,True,,E. coli is used because it is the canonical model system,historical,canonical_model,canonical Escherichia coli model system,1.0,False,5,0.32616110723016634,14.476774,2.2687995
12670960,E. coli,2003,J Biol Chem,ecoli_model_system,True,True,,E. coli enables an efficient recombinant expression system,technical,recombinant_expression,We have developed an efficient system for the recombinant expression of R. capsulatus XDH in Escherichia coli.,1.0,False,6,1.0,10.755985,2.823922
12668471,E. coli,2003,Biophys J,ecoli_model_system,True,True,,"E. coli are motile, making them suitable as a model system",biological,motility,using motile Escherichia coli bacteria as a model system,1.0,False,-1,0.0,13.15232,-0.15220048
12609721,E. coli,2003,J Microbiol Methods,ecoli_model_system,True,True,,E. coli provides a simple model system,technical,model_system,using a simple model system (pBR322 in Escherichia coli),1.0,False,-1,0.0,12.361956,-0.06946612
12585487,E. coli,2003,Anal Chem,ecoli_model_system,True,True,,"The phage typing and beta-D-galactosidase marker are specific to E. coli, making it suitable as the model system.",biological,specificity,"a combination that is specific for the bacterial strain Escherichia coli (K-12, MG1655)",1.0,False,-1,0.0,12.694432,2.6603768
12551924,E. coli,2003,J Biol Chem,ecoli_model_system,True,True,,CRP from E. coli was used as a model system to study the functional roles of the loops,technical,model_system,"The cAMP receptor protein of Escherichia coli, CRP, was employed as a model system to elucidate the functional roles of these loops.",1.0,False,-1,0.0,11.776009,1.2356013
23345814,E. coli,2002,J Biol Phys,ecoli_model_system,True,True,,"The species are well‑characterized and phylogenetically diverse, making them suitable model organisms.",technical,well_characterized,"Two well-characterized and phylogenetically diverse species, Escherichiacoli and Dictyostelium discoideum, were used as the modelorganisms.",1.0,False,3,1.0,6.7855873,4.2613134
12457704,E. coli,2002,Curr Opin Microbiol,ecoli_model_system,True,True,,E. coli is used as a model system that provides mechanistic molecular explanation for trade-offs,technical,mechanistic_insight,This model system has also provided a mechanistic molecular explanation for a trade-off between reproduction and survival activities,1.0,False,12,1.0,13.078344,0.4775105
12381324,E. coli,2002,J Mol Biol,ecoli_model_system,True,True,,to compare the effect of salts on a mesophilic and halophilic enzyme,biological,mesophilic_vs_halophilic_comparison,have been used as a model system to compare the effect of salts on a mesophilic and halophilic enzyme,1.0,False,-1,0.0,11.478349,1.9898869
12298090,E. coli,2002,Electrophoresis,ecoli_model_system,True,True,,"E. coli lysate was used as a model system to demonstrate reduction of digest complexity, sensitivity to low protein expression, and quantitative capability",technical,model_system_validation,"applied to an Escherichia coli lysate model system and has demonstrated facility in reducing global digest complexity, sensitivity to low protein expression levels, and significant quantitative capability",1.0,False,11,0.6539510756045893,11.821006,1.2512943
12234672,E. coli,2002,Gene,ecoli_model_system,True,True,,to obtain an active deoxyribonucleotidase,technical,protein_expression,Expression in Escherichia coli of the predicted processed form of the protein produced an active deoxyribonucleotidase.,1.0,False,-1,0.0,10.397933,2.5898113
12153113,E. coli,2002,Microbiol Immunol,ecoli_model_system,True,True,,"The lambda phage employed is restricted to infecting E. coli, so the model uses E. coli as the target bacterium.",biological,host_specificity,utilizes the temperate Escherichia coli-restricted bacteriophage lambda,1.0,False,-1,0.0,12.764637,2.7043123
12069721,E. coli,2002,Biosystems,ecoli_model_system,True,True,,E. coli is well-characterized and phylogenetically distinct from the other species,biological,well_characterized,"Two well-characterized and phylogeneticaly different species, Escherichia coli and Dictyostelium discoideum, were used as the model organisms.",1.0,False,11,0.7600584104154198,11.338725,-0.39009053
12032609,E. coli,2001,Microb Ecol,ecoli_model_system,True,True,,"E. coli shows temperature-inducible reporter activity, unlike other Gram-negative bacteria, enabling luminescence detection",technical,temperature_inducibility,"are temperature-inducible in Escherichia coli but not in other Gram-negative bacteria analyzed, enabling detection of luminescence when plasmids were mobilized from E. coli to those Gram-negative backgrounds",1.0,False,-1,0.0,12.202352,2.0562391
12023896,E. coli,2002,Biochem J,ecoli_model_system,True,True,,E. coli AmtB serves as a representative model for the Amt family,biological,representative_model,The Escherichia coli AmtB protein offers a good model system for the Amt family,1.0,False,-1,0.0,13.355952,1.319085
11996970,E. coli,2002,Mutat Res,ecoli_model_system,True,True,,E. coli is an established model system for studying genetic instability of repeated DNA,biological,model_system,Escherichia coli has provided an important model system for understanding the molecular basis for genetic instabilities associated with repeated DNA.,1.0,False,10,0.8921681409495561,10.733117,1.1920344
11996970,E. coli,2002,Mutat Res,ecoli_model_system,True,True,,E. coli is used to measure repeat instability via changes in triplet repeat length after transformation,technical,assay,Changes in triplet repeat length during growth following transformation in E. coli have been used as a measure of repeat instability.,1.0,False,-1,0.0,10.823825,1.2638093
11734003,E. coli,2001,J Mol Biol,ecoli_model_system,True,True,,It is a well‑characterized model system for protein folding and stability,biological,model_system,Escherichia coli RNase HI is a well-characterized model system for protein folding and stability.,1.0,False,-1,0.0,9.772232,2.1204717
11729263,E. coli,2001,Microbiol Mol Biol Rev,ecoli_model_system,True,True,,E. coli is the best‑understood living organism,biological,knowledge_completeness,Escherichia coli has long been recognized as the best-understood living organism,1.0,False,11,1.0,11.706579,-0.47041506
11729263,E. coli,2001,Microbiol Mol Biol Rev,ecoli_model_system,True,True,,E. coli is a very useful model system for studying aromatic catabolism,technical,model_utility,"makes this bacterium a very useful model system to decipher biochemical, genetic, evolutionary, and ecological aspects",1.0,False,-1,0.0,11.466978,0.83298427
11640984,E. coli,2001,J Biotechnol,ecoli_model_system,True,True,,E. coli was used as a model system for modeling and experimental verification of regulatory processes in bacteria,technical,model_system,as a model system for the modeling and experimental verification of regulatory processes in bacteria,1.0,False,11,0.6515748712749928,11.713468,1.2310053
11590022,E. coli,2001,Chem Biol,ecoli_model_system,True,True,,EcTS was used as a model system to develop more selective TS inhibitors for pathogenic bacteria,technical,model_system,The crystal structure of the EcTS/dUMP/DDT complex is a model system to develop more selective TS inhibitors aimed at pathogenic bacterial species.,1.0,False,9,1.0,13.223097,1.5684829
11551215,E. coli,2001,Biochemistry,ecoli_model_system,True,True,,E. coli AS-B was used as a model system for the human enzyme,biological,model_system,as a model system for the human enzyme,1.0,False,-1,0.0,11.46534,1.2603928
11524133,E. coli,2001,FEMS Microbiol Rev,ecoli_model_system,True,True,,"E. coli is well‑characterized, providing a reference system for comparison",technical,reference_model,the well‑characterized system of Escherichia coli,0.959,False,-1,0.0,13.601607,0.8913385
11479272,E. coli,2001,Glycobiology,ecoli_model_system,True,True,,"It produces the alternating α(2-8)/α(2-9) neuNAc structure, making it suitable for studying bacterial polysaccharide biosynthesis.",biological,polysaccharide_structure,which produces the alternating structure alpha(2-8)neuNAc alpha(2-9)neuNAc as a model system for studying bacterial polysaccharide biosynthesis,1.0,False,-1,0.0,12.948846,1.0867083
11403142,E. coli,2001,J Food Prot,ecoli_model_system,True,True,,the process had already been validated for destruction of E. coli O157:H7,technical,process_validation,validated for destruction of Escherichia coli O157:H7,1.0,False,7,0.5987660652195157,13.444064,2.6601033
11248236,E. coli,2001,FEBS Lett,ecoli_model_system,True,True,,E. coli expression provides a model system for studying site-directed mutant LHC proteins that are otherwise difficult to obtain,technical,recombinant_expression,"This procedure therefore represents a model system for the investigation of site-directed mutant LHC proteins, which are otherwise very difficult to obtain.",1.0,False,-1,0.0,11.772787,1.2543705
11154351,E. coli,2001,Plant Physiol,ecoli_model_system,True,True,,E. coli mutant cells lacking Na+/H+ antiporters were used to assess functional complementation,technical,genetic_background,"Escherichia coli mutant cells, which were deficient in Na(+)/H(+) antiporters",1.0,False,-1,0.0,12.814719,0.43031463
11080626,E. coli,2000,Structure,ecoli_model_system,True,True,,E. coli HPPK is thermostable and offers a convenient model for mechanistic studies,technical,protein_thermostability,HPPK from Escherichia coli is a 158-residue thermostable protein that provides a convenient model system for mechanistic studies.,1.0,False,-1,0.0,11.883382,0.6811942
10935930,E. coli,1999,Metab Eng,ecoli_model_system,True,True,,"E. coli enables engineered biosynthesis of 6‑methylsalicylic acid, facilitating mechanistic studies",technical,host_feasibility,MSAS has recently been functionally expressed in Escherichia coli ... leading to the engineered biosynthesis of 6-methylsalicylic acid in these hosts. These developments have set the stage for detailed mechanistic studies of this model system.,0.881,False,-1,0.0,10.992041,0.4616382
10935930,E. coli,1999,Metab Eng,ecoli_model_system,True,True,,E. coli demonstrates feasibility of metabolic engineering to produce unnatural polyketides,technical,metabolic_engineering,The ability to produce 4-hydroxy-6-methyl-2-pyrone in both E. coli and yeast illustrates the feasibility of metabolic engineering of these hosts to produce unnatural polyketides.,1.0,False,-1,0.0,11.132113,0.35813504
10931694,E. coli,2000,Radiat Res,ecoli_model_system,True,True,,E. coli was chosen as a model system to test whether ELF magnetic fields are a general stress factor,biological,model_organism,was used as a model system to determine whether ELF magnetic fields (MFs) are a general stress factor,1.0,False,-1,0.0,12.422891,1.147031
10931322,E. coli,2000,Mol Microbiol,ecoli_model_system,True,True,,AqpZ from E. coli is used as a model system to gain insight into aquaporin importance,technical,model_system_insight,The use of AqpZ as a model system will continue to provide insight into the understanding of the importance of aquaporins.,1.0,False,11,0.6539510756045893,12.064806,1.0059665
10878258,E. coli,2000,FEBS Lett,ecoli_model_system,True,True,,E. coli EmrE provides a simple model system for studying carboxylic residues in ion-coupled transporters,biological,model_system,it is a simple model system to study the role of carboxylic residues in ion-coupled transporters,1.0,False,-1,0.0,12.773935,0.8053831
10816506,E. coli,2000,Infect Immun,ecoli_model_system,True,True,,E. coli was used so the plasmid could replicate in it as part of a shuttle vector system,technical,shuttle_vector_construction,"the high-copy-number lactococcal plasmid pIL253 was equipped with the oriColE1 origin, generating pOri253 that could replicate in E. coli",1.0,False,-1,0.0,10.617907,1.8423148
10803894,E. coli,2000,Appl Microbiol Biotechnol,ecoli_model_system,True,True,,E. coli was chosen because its DXS enzyme can be overexpressed to increase the isoprenoid precursor pool,technical,genetic_manipulation,"overexpression of Escherichia coli D-1-deoxyxylulose 5-phosphate synthase (DXS) to increase deoxyxylulose 5-phosphate and, consequently, increase the isoprenoid precursor pool in E. coli",1.0,False,-1,0.0,11.398537,2.2444582
10727839,E. coli,2000,Vet Microbiol,ecoli_model_system,True,True,,Enterotoxigenic E. coli are important in causing post-weaning diarrhoea,biological,disease_relevance,Although enterotoxigenic E. coli are clearly important in the aetiology of post-weaning diarrhoea,1.0,False,7,1.0,13.519139,2.6824117
10647697,E. coli,2000,J Urol,ecoli_model_system,True,True,,"E. coli adherence is a major factor in ascending UTIs, making it a relevant pathogen to study",biological,pathogenesis,Adherence of type 1 piliated Escherichia coli to vaginal mucosa plays a major role in the pathogenesis of ascending urinary tract infections (UTIs) in women.,1.0,False,7,0.7768151333918328,13.291124,3.065765
10610809,E. coli,2000,Methods,ecoli_model_system,True,True,,P pili are common in pathogenic E. coli and serve as a major virulence determinant for urinary tract infections,biological,virulence_determinant,P pili are produced by 80-90% of all pyelonephritic Escherichia coli and are a major virulence determinant for urinary tract infections.,1.0,False,7,0.7788740011422187,13.258947,3.1454263
10536007,E. coli,1999,Proc Natl Acad Sci U S A,ecoli_model_system,True,True,,"E. coli is associated with human diarrheal disease, making it relevant for study",biological,disease_relevance,Enterotoxigenic Escherichia coli associated with human diarrheal disease,1.0,False,7,1.0,13.546895,2.6780674
10430606,E. coli,1999,J Clin Invest,ecoli_model_system,True,True,,"Pathogenic E. coli was chosen because it activates NF‑kappa B, unlike nonpathogenic strains, allowing study of pathogen‑induced Gal1‑R expression.",biological,pathogen_activation,"Pathogenic Escherichia coli, but not nonpathogenic E. coli, activate a p50/p65 NF-kappa B complex",1.0,False,7,0.6328151243437966,13.772558,2.9588587
10360685,E. coli,1999,Mech Ageing Dev,ecoli_model_system,True,True,,E. coli glutamine synthetase was used as an in vitro model system,technical,model_system,The effect of hydrogen peroxide exposure upon glutamine synthetase from Escherichia coli was studied as an in vitro model system.,1.0,False,-1,0.0,13.342218,0.8207789
10234816,E. coli,1999,FEMS Microbiol Lett,ecoli_model_system,True,True,,E. coli's ebg operon is used as a model to study evolutionary processes affecting catalytic efficiency and substrate specificity,biological,evolutionary_study,has been used since 1974 as a model system to dynamically study the evolutionary processes which have led to catalytic efficiency and substrate specificity in enzymes,1.0,False,-1,0.0,11.319401,1.0932811
10049807,E. coli,1998,J Struct Biol,ecoli_model_system,True,True,,"P pili are produced by most pyelonephritic strains of E. coli, making it a relevant organism for studying infection",biological,pathogenic_relevance,"P pili, which are produced by most pyelonephritic strains of Escherichia coli",1.0,False,7,0.8004206939667902,13.246544,3.0913222
10049807,E. coli,1998,J Struct Biol,ecoli_model_system,True,True,,P pilus biogenesis has been used as a model system to elucidate common themes in bacterial pathogenesis,technical,model_system,P pilus biogenesis has been used as a model system to elucidate common themes in bacterial pathogenesis,1.0,False,7,0.7250255482911123,13.229697,3.1422775
10047491,E. coli,1999,J Mol Biol,ecoli_model_system,True,True,,"DsbA is a monomeric protein of 189 amino acid residues, making it suitable as a model system",technical,monomeric_protein,"As a model system, we used the disulfide oxidoreductase DsbA from Escherichia coli, a monomeric protein of 189 amino acid residues.",1.0,False,-1,0.0,11.188838,6.450531
10026151,E. coli,1999,J Biol Chem,ecoli_model_system,True,True,,E. coli was used as a model system to test expression of the methyltransferase genes and assess selenium tolerance,technical,heterologous_expression,"A model system was set up in E. coli which demonstrated that expression of the plant and, although to a much lesser degree, of the bacterial methyltransferase gene increases selenium tolerance",1.0,False,-1,0.0,11.753947,1.3944895
28565201,E. coli,1999,Evolution,ecoli_model_system,True,True,,E. coli was chosen because the bacteriophages studied infect it,biological,host_pathogen_interaction,"two different viruses (bacteriophages), T4 and Lambda, that prey upon E. coli",1.0,False,4,1.0,12.626706,2.57334
9884220,E. coli,1998,Microbiology (Reading),ecoli_model_system,True,True,,"E. coli L-forms are interesting and relatively underused, making them a useful model system for bacterial physiology studies",biological,model_system,"Wall-less L-forms of Escherichia coli constitute an interesting, and relatively underused, model system for numerous studies of bacterial physiology",1.0,False,-1,0.0,12.512823,1.1208267
9791174,E. coli,1998,Mol Microbiol,ecoli_model_system,True,True,,E. coli was chosen as a model system to study the initiation of biofilm formation,biological,biofilm_initiation,We have used Escherichia coli as a model system to investigate the initiation of biofilm formation.,1.0,False,0,0.7806089559491529,12.359015,5.354315
9756765,E. coli,1998,Antimicrob Agents Chemother,ecoli_model_system,True,True,,E. coli provides a rapid and convenient model system,technical,rapid_and_convenient,E. coli expressing human salvage kinases is a rapid and convenient model system,1.0,False,-1,0.0,11.99183,0.5811681
9562546,E. coli,1998,Fold Des,ecoli_model_system,True,True,,"DsbA from E. coli is a strong oxidant, making it suitable as a model system",technical,strong_oxidant,Using the strong oxidant DsbA from Escherichia coli as a model system,1.0,False,-1,0.0,12.23521,1.5866153
9607037,E. coli,1998,Vaccine,ecoli_model_system,True,True,,E. coli expression yields a soluble AMA-1 domain that can be used to generate an effective vaccine in mice,technical,protein_expression,In view of this demonstration that E. coli expression of a soluble P. chabaudi AMA-1 domain can generate a vaccine that is effective in mice,1.0,False,6,1.0,10.850884,2.9109657
9558349,E. coli,1998,Biochemistry,ecoli_model_system,True,True,,"E. coli proteins are structurally similar to domains of eukaryotic P450 reductases, making them a useful model system",biological,structural_similarity,these bacterial proteins represent a potentially useful model system for eukaryotic P450 reductases,1.0,False,-1,0.0,11.315975,1.2718415
9558349,E. coli,1998,Biochemistry,ecoli_model_system,True,True,,E. coli flavodoxin and Fpr can function as an electron‑transfer system for microsomal cytochrome P450s,technical,functional_capability,the soluble flavoproteins flavodoxin (Fld) and NADPH-flavodoxin (ferredoxin) reductase (Fpr) can serve as an electron-transfer system for microsomal cytochrome P450s,1.0,False,-1,0.0,11.346312,1.536753
9562559,E. coli,1998,Structure,ecoli_model_system,True,True,,E. coli DnaB is a major replicative helicase and serves as a model system for studying hexameric helicases,biological,model_system,DnaB is the major replicative DNA helicase in Escherichia coli and has been used as a model system for studying the structure and function of hexameric helicases.,1.0,False,10,1.0,10.382848,1.3531451
9562556,E. coli,1998,Structure,ecoli_model_system,True,True,,E. coli threonine deaminase is a useful model for studying allosteric control mechanisms,biological,allosteric_model,This enzyme is thus a useful model system for studying the structural basis of allosteric control mechanisms.,1.0,False,-1,0.0,11.297947,1.3131963
9400018,E. coli,1997,J Pharmacol Exp Ther,ecoli_model_system,True,True,,to facilitate heterologous expression,technical,heterologous_expression,"To facilitate heterologous expression in Escherichia coli, the N-terminus of 3A26 was modified.",1.0,False,6,0.7430267077228109,10.672987,2.9503775
9361418,E. coli,1997,Appl Environ Microbiol,ecoli_model_system,True,True,,"E. coli was used as a new model system to study the effects of temperature, protein synthesis rates, and protein accumulation rates on protein solubility",technical,model_system,"This served as a new model system for the study of the effects of temperature, protein synthesis rates, and protein accumulation rates on protein solubility in E. coli.",1.0,False,-1,0.0,10.927687,1.7811313
9334262,E. coli,1997,J Biol Chem,ecoli_model_system,True,True,,E. coli expression system provides a useful model for analyzing inherited MKase mutations,technical,model_system,the bacterial expression system for human MKase will provide a useful model system in which to analyze inherited mutations,1.0,False,-1,0.0,11.367066,0.7486473
9231076,E. coli,1997,Gene Ther,ecoli_model_system,True,True,,E. coli RNase H1 was chosen because it was nontoxic and highly effective against the target virus,biological,toxicity,Escherichia coli RNase Hl was found to be nontoxic and highly effective against a murine leukemia virus,1.0,False,4,0.9446924118823498,12.500936,2.583466
9201811,E. coli,1997,Res Virol,ecoli_model_system,True,True,,"E. coli is a convenient model because Vpr affects conserved replication components, making it suitable for functional studies",biological,conserved_mechanisms,"Thus, E. coli appears to be a convenient model system for studies on the function of Vpr.",1.0,False,10,1.0,10.423206,1.4144065
9062113,E. coli,1997,Biochemistry,ecoli_model_system,True,True,,E. coli was chosen because high amounts of protein are needed for spectroscopic studies,technical,high_yield_expression,in which high amounts of protein are needed,1.0,False,6,0.5695477728113539,11.294153,2.4875112
9189755,E. coli,1997,Genes Cells,ecoli_model_system,True,True,,"E. coli's EnvZ-OmpR system monitors external osmolarity and regulates porin expression, making it a suitable model system",biological,osmolarity_response,which monitors external osmolarity and responds by differentially modulating the expression of the OmpF and OmpC major outer membrane porins,1.0,False,11,0.6539510756045893,11.781518,1.1923138
9056763,E. coli,1997,RNA,ecoli_model_system,True,True,,"The S8 binding site is confined to a small region, making it a model system for studying RNA/protein interaction rules.",technical,model_system,"The RNA binding site of ribosomal protein S8 of Escherichia coli is confined to a small region within the stem of a hairpin in 16S rRNA (nt 588-605/633-651), and thus represents a model system for understanding RNA/protein interaction rules.",1.0,False,-1,0.0,9.684812,2.0933766
9056486,E. coli,1997,Protein Expr Purif,ecoli_model_system,True,True,,E. coli was used as a model system to compare promoter efficiencies for expressing soluble recombinant polypeptides at reduced temperatures,technical,expression_system,was used as a model system to compare the efficiencies of the IPTG-inducible tac promoter and the low-temperature-inducible cspA promoter in directing the expression of soluble recombinant polypeptides at reduced growth temperatures in Escherichia coli,1.0,False,-1,0.0,10.925539,1.952209
9342847,E. coli,1997,EXS,ecoli_model_system,True,True,,E. coli allows obtaining lineages that have evolved in controlled and defined environments,technical,controlled_environment,the ability to obtain lineages that have evolved in controlled and defined environments,1.0,False,-1,0.0,12.112952,1.3336296
9342847,E. coli,1997,EXS,ecoli_model_system,True,True,,E. coli enables direct measurements of fitness,technical,fitness_measurement,to make direct measurements of fitness,1.0,False,-1,0.0,12.082268,1.1125481
9342847,E. coli,1997,EXS,ecoli_model_system,True,True,,E. coli permits quantifying the degree of stress imposed by different environments,technical,stress_quantification,to quantify the degree of stress imposed by different environments,1.0,False,-1,0.0,12.322653,1.2415174
8986759,E. coli,1996,Proc Natl Acad Sci U S A,ecoli_model_system,True,True,,E. coli glutamine synthetase was used as an in vitro model system,technical,model_system,was studied as an in vitro model system,1.0,False,-1,0.0,13.370644,0.7627075
8980631,E. coli,1996,Biochim Biophys Acta,ecoli_model_system,True,True,,to assess betaine protection against salt and urea stresses,technical,stress_protection_assay,Escherichia coli was used as a model system to evaluate a range of betaines for their ability to protect against salt and urea stresses.,1.0,False,-1,0.0,11.747574,2.1748445
8617788,E. coli,1996,J Biol Chem,ecoli_model_system,True,True,,"E. coli showed high levels of calcium-dependent ATP hydrolysis activity and proper protein expression, indicating its suitability as a host for functional studies",technical,heterologous_expression,"Escherichia coli, transformed with clone C, demonstrates high levels of calcium-dependent and vanadate-sensitive ATP hydrolysis activity, forms a 60-kDa phosphointermediate, and cross-reacts with antibodies to the purified Ca2+-ATPase.",1.0,False,6,0.6071437641013888,11.192613,2.3881938
7476872,E. coli,1995,Mol Gen Genet,ecoli_model_system,True,True,,E. coli's dnaB helicase is essential for chromosomal DNA replication,biological,essential_gene,The replicative DNA helicase encoded by the dnaB gene is essential for chromosomal DNA replication in Escherichia coli.,1.0,False,10,0.9160168450936894,10.378801,1.3771293
7476872,E. coli,1995,Mol Gen Genet,ecoli_model_system,True,True,,E. coli's DnaB protein is part of a primosome regarded as a model system for lagging strand synthesis,biological,model_system,The DnaB protein is a component of the phi X-type primosome which is regarded as a model system for lagging strand synthesis of the chromosome.,1.0,False,10,1.0,10.349449,1.251978
7487066,E. coli,1995,Arch Biochem Biophys,ecoli_model_system,True,True,,E. coli is used as a model system for peroxide toxicity,biological,model_organism,Previous studies in Escherichia coli as a model system for peroxide toxicity ... have shown that,0.865,False,9,0.7488284450075176,12.632456,1.6228931
7665081,E. coli,1995,Gene,ecoli_model_system,True,True,,E. coli provides high yield expression of recombinant Ova,technical,high_yield_expression,The Ova gene was expressed in Escherichia coli with high yield using the T7 phage promoter; the amount of the recombinant Ova (re-Ova) was 29.4% of cellular proteins.,1.0,False,6,1.0,10.821026,2.8610966
7768821,E. coli,1995,J Bacteriol,ecoli_model_system,True,True,,"Cyanase is an inducible enzyme in E. coli, making the organism suitable for studying cyanate metabolism",biological,enzyme_presence,Cyanase is an inducible enzyme in Escherichia coli that catalyzes the reaction of cyanate with bicarbonate to give two CO2 molecules.,1.0,False,-1,0.0,11.363672,0.2778343
7768821,E. coli,1995,J Bacteriol,ecoli_model_system,True,True,,E. coli strains with mutations in the cyn operon provide a unique model system for investigating bicarbonate/CO2 metabolism and its regulation,biological,model_system,strains with mutations in the cyn operon provide a unique model system for studying aspects of the metabolism of bicarbonate/CO(2) and its regulation in bacteria.,1.0,False,-1,0.0,11.222376,0.76961
7730333,E. coli,1995,J Biol Chem,ecoli_model_system,True,True,,E. coli serves as a model system to dissect the molecular effects of MCAD mutations,technical,heterologous_expression,as a model system for dissecting the molecular effects of two mutations,1.0,False,-1,0.0,11.32358,0.783075
7755971,E. coli,1995,J Biotechnol,ecoli_model_system,True,True,,E. coli was chosen because it possesses the RecF DNA repair pathway used for the study,biological,RecF_pathway,based on the properties of the RecF pathway in Escherichia coli,1.0,False,10,0.7778855899903675,10.573674,1.5340594
7704337,E. coli,1995,In Vitro Cell Dev Biol Anim,ecoli_model_system,True,True,,E. coli lac operon provides a stringent regulatory system,technical,regulatory_system,the components of the E. coli lac operon provide a stringent regulatory system,1.0,False,-1,0.0,11.633404,0.8023899
18618647,E. coli,1994,Biotechnol Bioeng,ecoli_model_system,True,True,,to use an E. coli expression vector for cloning,technical,expression_system,to facilitate cloning into an Escherichia coli expression vector,1.0,False,6,0.9733417038470786,10.849533,2.7367532
7720693,E. coli,1994,Electrophoresis,ecoli_model_system,True,True,,chosen as a convenient model for pressure response studies,technical,model_system_selection,to find a convenient model system for studies of the pressure response,1.0,False,3,0.8073625180583707,8.496933,2.8398352
8001774,E. coli,1994,FEMS Microbiol Lett,ecoli_model_system,True,True,,E. coli K5 antigen was employed as a model system to investigate regulators of gene expression affecting group II capsule production,technical,model_system,Expression of the Escherichia coli K5 antigen was used as a model system to study the role of known regulators of gene expression on production of group II capsules in E. coli.,1.0,False,-1,0.0,12.557664,1.8138433
7765413,E. coli,1994,J Biotechnol,ecoli_model_system,True,True,,E. coli was chosen because the PAS factor is functional in its cells,technical,functional_expression,functional in Escherichia coli cells,1.0,False,-1,0.0,11.929002,2.2214339
8090770,E. coli,1994,Proc Natl Acad Sci U S A,ecoli_model_system,True,True,,need an easily manipulated model system independent of plant replication,technical,ease_of_manipulation,"To study virus assembly in vivo requires an easily manipulated model system, independent of replication in plants.",1.0,False,3,0.8344565147409159,5.560557,3.510456
8201673,E. coli,1994,J Urol,ecoli_model_system,True,True,,E. coli is a prominent organism in polymicrobial bacteriuria of long-term catheterized urinary tract,biological,clinical_relevance,prominent organisms in the polymicrobial bacteriuria of the long-term catheterized urinary tract,1.0,False,7,0.9645026705631564,13.347701,2.999231
8206908,E. coli,1994,J Biol Chem,ecoli_model_system,True,True,,to provide a model system for study of PKC-mediated phosphorylation,technical,protein_expression,was expressed in Escherichia coli to provide a model system for study of PKC-mediated phosphorylation,1.0,False,3,1.0,7.1242795,2.4742
8189055,E. coli,1994,J Immunol,ecoli_model_system,True,True,,E. coli enables expression of antibodies with virtually any specificity,technical,expression_system,Recent advances in the expression of Abs in Escherichia coli have raised the possibility that virtually any specificity can be obtained,1.0,False,6,0.9656474038219733,10.865534,2.9523852
8144539,E. coli,1994,J Biol Chem,ecoli_model_system,True,True,,better functional single-chain Fv yield in E. coli,technical,protein_yield,better functional single-chain Fv yield in Escherichia coli,1.0,False,6,0.7199908533161202,11.114751,3.0466473
7518274,E. coli,1994,Arch Virol Suppl,ecoli_model_system,True,True,,E. coli allows site‑directed mutagenesis and fast recovery of progeny particles,technical,genetic_manipulation,model system amenable to site-directed mutagenesis and rapid recovery of progeny particles,1.0,False,-1,0.0,10.977356,2.0634227
7518274,E. coli,1994,Arch Virol Suppl,ecoli_model_system,True,True,,"E. coli provides a rapid, inexpensive, and convenient way to produce and recover chimeric gene transcripts of any length or sequence",technical,cost_efficiency,"providing a rapid, inexpensive and convenient system to produce, protect and recover chimeric gene transcripts of any length or sequence",1.0,False,6,0.5914700394066543,10.436538,2.5555522
7518274,E. coli,1994,Arch Virol Suppl,ecoli_model_system,True,True,,E. coli offers a fast platform for studying plant virus self‑assembly in vivo,technical,research_facilitation,"this E. coli system also offers a rapid approach for studying the molecular requirements for plant virus ""self-assembly"" in vivo",1.0,False,-1,0.0,11.092667,1.2554811
8347663,E. coli,1993,Biochim Biophys Acta,ecoli_model_system,True,True,,E. coli is used as a model system for peroxide toxicity,biological,model_organism,as a model system for peroxide toxicity,1.0,False,-1,0.0,12.668851,1.6173964
8412691,E. coli,1993,Mol Microbiol,ecoli_model_system,True,True,,E. coli ATPase is used to study the enzymology of ATP synthesis and energy coupling,biological,enzyme_mechanism,Besides being a system for analysing the enzymology of ATP synthesis and energy coupling,1.0,False,-1,0.0,11.107006,1.4314375
8412691,E. coli,1993,Mol Microbiol,ecoli_model_system,True,True,,E. coli ATPase serves as a model system to investigate synthesis and assembly of large oligomeric membrane‑bound proteins,technical,protein_assembly,the ATPase is a model system for determining how large oligomeric membrane-bound proteins are synthesized and assembled,1.0,False,-1,0.0,11.092735,1.3855333
8101508,E. coli,1993,Infect Immun,ecoli_model_system,True,True,,E. coli is the most common isolate from human urinary tract infections,biological,common_isolate,Escherichia coli is the microorganism most commonly isolated from human urinary tract infections.,1.0,False,7,1.0,13.32066,3.0249853
8390661,E. coli,1993,Proc Natl Acad Sci U S A,ecoli_model_system,True,True,,"E. coli DNA gyrase was used because it relaxes positive but not negative supercoils, acting as a swivelase.",technical,enzyme_selection,"DNA gyrase from Escherichia coli, which relaxes positive but not negative supercoils, was included as a ""swivelase.""",1.0,False,8,0.7676739708815202,13.83105,1.5744727
8501066,E. coli,1993,J Bacteriol,ecoli_model_system,True,True,,E. coli is used to propagate the plasmid at 37 °C,technical,plasmid propagation,contains a pBR322 replicon for propagation in Escherichia coli at 37 degrees C,1.0,False,-1,0.0,11.810641,2.4344077
8094955,E. coli,1993,Biochem Biophys Res Commun,ecoli_model_system,True,True,,E. coli is an effective heterologous model system for structure-function analysis of the receptor,technical,heterologous_expression,E. coli may be utilized as an effective heterologous model system to delineate the structure-function analysis of guanylate cyclase-coupled ANF receptor molecules,1.0,False,-1,0.0,11.430764,1.3244323
8094556,E. coli,1993,Proc Natl Acad Sci U S A,ecoli_model_system,True,True,,E. coli was used as a model system to show that genetic selections can enhance catalytic activity,technical,genetic_selection_feasibility,for use as a model system to demonstrate the feasibility of using genetic selections to enhance catalytic activity,1.0,False,-1,0.0,11.285898,1.4944685
7763412,E. coli,1993,Biotechnol Prog,ecoli_model_system,True,True,,E. coli enabled one-step purification of the recombinant protein from inclusion bodies,technical,protein_expression,"When the modified protein was expressed in Escherichia coli, a one-step purification of this recombinant protein was accomplished from resolubilized inclusion body material.",1.0,False,6,1.0,10.905092,2.8007524
1518089,E. coli,1992,J Mol Evol,ecoli_model_system,True,True,,"E. coli CPSase is encoded by two distinct cistrons, making it suitable for studying gene fusion",biological,gene_structure,"In prokaryotes, such as Escherichia coli CPSase is encoded by two distinct cistrons of the carAB operon.",1.0,False,-1,0.0,11.222864,0.84650326
1518089,E. coli,1992,J Mol Evol,ecoli_model_system,True,True,,E. coli serves as a model system to study genetic events leading to gene fusion,biological,model_system,The fusion in E. coli of the single gene counterparts of CAD demonstrates a potential model system to study the genetic events that lead to gene fusion and the creation of multienzymatic proteins.,1.0,False,-1,0.0,11.186269,1.023858
1420872,E. coli,1992,Biophys J,ecoli_model_system,True,True,,E. coli was used as a model system to establish quantitative relationships between parameters and transfection efficiency,biological,model_system,PEF-induced transfection of Escherichia coli JM105 ... has been used as a model system to establish quantitative relationships between these parameters and transfection efficiency.,0.75,False,-1,0.0,10.895535,1.3512821
1339458,E. coli,1992,J Biol Chem,ecoli_model_system,True,True,,E. coli provides high-yield protein expression,technical,high_yield_expression,functional protein was expressed in high yields in Escherichia coli,1.0,False,6,0.9241189325340425,10.86553,2.8515553
1540594,E. coli,1992,Biochemistry,ecoli_model_system,True,True,,"E. coli enables expression of CRBP II and creation of tryptophan substitution mutants, providing a useful model system for fluorescence studies",technical,protein_expression,Our ability to express CRBP II in Escherichia coli and to construct individual tryptophan substitution mutants by site-directed mutagenesis has provided a useful model system for studying the fluorescence of a multi-tryptophan protein.,1.0,False,-1,0.0,11.200999,1.8565981
1737934,E. coli,1992,J Immunol,ecoli_model_system,True,True,,E. coli enables high-level expression of IL-1 beta,technical,high_expression,expresses IL-1 beta to high levels (greater than 30% total cell protein) in E. coli,1.0,False,6,0.881027623959225,10.925157,2.8860922
1542116,E. coli,1992,J Mol Biol,ecoli_model_system,True,True,,"EF‑Tu interacts with proteins, nucleic acids and nucleotides, making it well suited as a model system for studying these interactions",biological,protein_interaction,"Elongation factor Tu interacts with proteins, nucleic acids and nucleotides, making this molecule well suited as a model system for the study of these interactions.",1.0,False,-1,0.0,10.002166,1.91011
1622202,E. coli,1992,Appl Biochem Biotechnol,ecoli_model_system,True,True,,E. coli serves as a model system for studying metabolic pathway engineering,technical,model_system,The engineered E. coli also provides a model system for the study of metabolic pathway engineering.,1.0,False,-1,0.0,11.251904,0.89294904
1556553,E. coli,1992,J Gen Microbiol,ecoli_model_system,True,True,,"E. coli is a useful model to study how relative humidity, particle size, and particle coating affect biolistic transformation efficiency",biological,model_system,"E. coli has proven to be a useful model system to determine the effects of relative humidity, particle size and particle coating on efficiency of biolistic transformation.",1.0,False,-1,0.0,10.934431,1.3107634
1809182,E. coli,1991,Ann N Y Acad Sci,ecoli_model_system,True,True,,E. coli expression greatly facilitates antibody engineering,technical,facilitates_engineering,express functional antibody fragments in E. coli greatly facilitates the engineering of antibodies,1.0,False,6,0.7550009274122829,10.876539,2.9667213
1809182,E. coli,1991,Ann N Y Acad Sci,ecoli_model_system,True,True,,E. coli allows convenient preparation of Fv fragments,technical,convenient_preparation,Fv fragments of these antibodies can now be conveniently prepared in E. coli,1.0,False,6,0.6325909980892962,11.012355,3.0806992
1838344,E. coli,1991,Genetics,ecoli_model_system,True,True,,E. coli lysogens provide a useful model system to study DNA activation for homologous recombination,biological,model_system,Nonreplicating lambda phage DNA in homoimmune Escherichia coli lysogens provides a useful model system for study of processes that activate DNA for homologous recombination.,1.0,False,10,0.9546446235643858,10.692927,1.2750821
1785929,E. coli,1991,Appl Environ Microbiol,ecoli_model_system,True,True,,E. coli serves as a useful model system to study the interaction of a biochemical pathway in a foreign host and to develop metabolic pathway engineering strategies,technical,model_system,"The 1,3-PD fermentation provides a useful model system for studying the interaction of a biochemical pathway in a foreign host and for developing strategies for metabolic pathway engineering.",1.0,False,-1,0.0,11.38585,1.0683411
2070489,E. coli,1991,Carcinogenesis,ecoli_model_system,True,True,,"The SOS chromotest is a simple, quantitative, well‑established short‑term bacterial genotoxicity assay",technical,assay_selection,"Employing a simple quantitative and well-established short-term bacterial genotoxicity assay, the SOS chromotest, as a model system",1.0,False,-1,0.0,12.682037,1.6050196
2070489,E. coli,1991,Carcinogenesis,ecoli_model_system,True,True,,E. coli PQ300 is a SOS tester strain specifically designed to detect oxidative genotoxins,technical,strain_design,a SOS tester strain designed to detect oxidative genotoxins,1.0,False,-1,0.0,12.736557,1.5870231
1901301,E. coli,1991,Isr J Med Sci,ecoli_model_system,True,True,,E. coli was chosen because the bacterial model system is well understood for studying PQ+2 toxicity,technical,bacterial_model,The mechanism of PQ+2 toxicity is best understood in the bacterial model system.,1.0,False,-1,0.0,12.669007,1.5793889
1706700,E. coli,1991,J Bacteriol,ecoli_model_system,True,True,,Used as a model system to identify specific sequence elements affecting mRNA stability,technical,model_system,The Escherichia coli lacZ gene was used as a model system to identify specific sequence elements affecting mRNA stability.,1.0,False,-1,0.0,9.571985,2.159298
1991733,E. coli,1991,J Bacteriol,ecoli_model_system,True,True,,E. coli was used to express the gene so the authors could confirm that T6 encodes the DNA‑binding activity observed biochemically,technical,heterologous_expression,"By expressing the gene in Escherichia coli, we confirmed that T6 specifies the DNA binding activity detected biochemically.",1.0,False,-1,0.0,11.029262,2.3313763
1987142,E. coli,1991,J Bacteriol,ecoli_model_system,True,True,,E. coli was used because a mutant lacking betaine biosynthesis allowed assessment of the transferred gene's ability to confer osmotolerance,technical,heterologous_expression,Transfer of this gene to an Escherichia coli mutant that is defective in betaine biosynthesis resulted in an osmotolerant phenotype.,1.0,False,-1,0.0,12.108904,2.1243818
2200534,E. coli,1990,Biophys J,ecoli_model_system,True,True,,E. coli transformants can be conveniently assayed by colony counting on selective medium,technical,assay_convenience,E. coli transformants are conveniently assayed by counting colonies in a selection medium containing 50 micrograms/ml ampicillin and 25 micrograms/ml streptomycin.,1.0,False,-1,0.0,11.73974,1.820273
2185844,E. coli,1990,Biochim Biophys Acta,ecoli_model_system,True,True,,"E. coli inner membrane lipids are ~95% phosphatidylethanolamine and phosphatidylglycerol, matching the probes studied",biological,membrane_lipid_composition,since phosphatidylethanolamine and phosphatidylglycerol species account for approximately 95% of these lipids.,1.0,False,-1,0.0,10.533849,0.53055274
1366592,E. coli,1990,Cytotechnology,ecoli_model_system,True,True,,Ampicillin-resistance gene enables selection of the plasmid in E. coli,technical,selection_marker,They can confer ampicillin resistance to Escherichia coli (E. coli),1.0,False,-1,0.0,12.581984,2.0138636
2405909,E. coli,1990,Biochim Biophys Acta,ecoli_model_system,True,True,,E. coli was used as a model system for studying organic peroxide toxicity,biological,model_organism,The action of t-butylhydroperoxide (tBOOH) on Escherichia coli cells has been studied as a model system for organic peroxide toxicity.,1.0,False,9,0.7601305721050086,12.596696,1.6037787
2186515,E. coli,1990,Trends Biochem Sci,ecoli_model_system,True,True,,E. coli ATCase is widely used as a model system to study protein interactions,biological,model_system,has become a model system for the study of both homotropic and heterotropic interactions in proteins,1.0,False,-1,0.0,10.98381,1.6298497
40981221,E. coli,2025,Methods Protoc,ecoli_abbrev_model_organism,True,True,,E. coli provides high purity and yield for overexpression and purification of seHtpG,technical,expression_system,"We developed a method for the overexpression and purification of seHtpG in E. coli, achieving high purity and yield suitable for biochemical and structural studies.",1.0,False,6,1.0,10.903531,2.854426
40694576,E. coli,2025,PLoS One,ecoli_abbrev_model_organism,True,True,,E. coli had been engineered to grow on CO2 and formate via the reductive glycine pathway,technical,engineered_metabolism,"Recently, progress was made in engineering the model organism E. coli to grow using CO2 and formate as its only carbon and energy sources using the reductive glycine pathway (rGlyP).",1.0,False,-1,0.0,11.052026,0.69965696
39235648,E. coli,2024,Biotechnol Lett,ecoli_abbrev_model_organism,True,True,,to efficiently produce dsRNA,technical,dsRNA production,to efficiently produce dsRNA,1.0,False,-1,0.0,10.208583,2.61851
38260684,E. coli,2024,bioRxiv,ecoli_abbrev_model_organism,True,True,,availability of experimental data for E. coli,technical,experimental_data,available experimental data for the model organism E. coli,1.0,False,11,0.7107417955170495,11.366118,-0.044035476
37076450,E. coli,2023,ACS Appl Bio Mater,ecoli_abbrev_model_organism,True,True,,to conduct in vitro drug release dynamic studies,technical,in_vitro_drug_release,E. coli has been utilized for in vitro drug release dynamic studies,1.0,False,3,0.9826384460141601,7.1735344,2.3229508
36952261,E. coli,2023,Microbiology (Reading),ecoli_abbrev_model_organism,True,True,,E. coli has three major membrane lipids,biological,membrane_lipid_composition,"The model organism, E. coli, has three major membrane lipids, which are glycerophosphoglycerol (phosphatidylglycerol), glycerophosphoethanolamine (phosphatidylethanolamine) and cardiolipin.",1.0,False,-1,0.0,10.558022,0.48429003
34260031,E. coli,2021,Adv Exp Med Biol,ecoli_abbrev_model_organism,True,True,,"E. coli is chosen for its rapid proliferation, ease of culture, and handling",technical,growth_kinetics,"It is almost equal to E. coli in terms of rapid proliferation, ease of culture, and handling.",1.0,False,4,0.8585976672606901,12.105871,2.418516
34220959,E. coli,2021,Front Genet,ecoli_abbrev_model_organism,True,True,,"The lac operator-repressor system is an E. coli component that has been adapted for use in many other species, providing a valuable, flexible tool for inducible modulation of gene expression.",technical,tool_adaptation,"the lac operator-repressor system, an E. coli lac operon component which has been adapted for use in many other species and is a valuable, flexible tool for inducible modulation of gene expression studies",1.0,False,-1,0.0,11.490088,1.0341768
33441107,E. coli,2021,BMC Biol,ecoli_abbrev_model_organism,True,True,,E. coli is a typical model organism,biological,model_organism,a typical model organism,1.0,False,-1,0.0,12.431231,-0.22829325
33404025,E. coli,2021,Biomater Sci,ecoli_abbrev_model_organism,True,True,,E. coli is used because it serves as a representative model for Gram-negative bacteria,biological,model_organism_gram_negative,Using E. coli as a model organism for Gram-negative bacteria,1.0,False,8,1.0,13.832717,1.5451318
33193215,E. coli,2020,Front Microbiol,ecoli_abbrev_model_organism,True,True,,to compare FS-1 effects across phylogenetically distant microorganisms,biological,comparative_study,"the results of a similar experiment conducted with another model organism, E. coli ATCC BAA-196",1.0,False,0,1.0,11.603902,7.1126504
31666516,E. coli,2019,Nat Commun,ecoli_abbrev_model_organism,True,True,,E. coli is used because it is a model organism,biological,model_organism,model organism E. coli,1.0,False,-1,0.0,14.12767,2.2336128
31330264,E. coli,2019,Microb Pathog,ecoli_abbrev_model_organism,True,True,,"E. coli is a widely known model organism for life science research, especially in modern bio-engineering and industrial microbiology.",biological,model_organism,"E. coli is a widely known model organism for life science research, especially in modern bio-engineering and industrial microbiology.",1.0,False,11,0.742773352555103,11.759246,0.0094179865
30766523,E. coli,2019,Front Microbiol,ecoli_abbrev_model_organism,True,True,,E. coli is used as a model organism for comparative analysis of PG degradation proteins,technical,reference_organism,"In comparison to the model organism E. coli, the pathogenic Neisseria have far fewer PG degradation proteins",1.0,False,-1,0.0,12.16525,0.8227254
30472445,E. coli,2019,Biosens Bioelectron,ecoli_abbrev_model_organism,True,True,,"E. coli was chosen because it produces H₂S via its metabolism, enabling detection by the H₂S‑targeted sensor.",biological,H2S_production,All the bacteria were found to produce H(2)S by their metabolism process.,1.0,False,-1,0.0,12.2513075,2.3202596
30472445,E. coli,2019,Biosens Bioelectron,ecoli_abbrev_model_organism,True,True,,E. coli was used to evaluate antibiotic‑resistant detection by growing it with ampicillin.,technical,antibiotic_resistance_testing,In order to detect the antibiotic resistant E. coli were grown in the presence of different concentration of ampicillin in Luria broth.,1.0,False,9,0.8367330467832595,12.991615,1.7451487
30254664,E. coli,2018,Front Genet,ecoli_abbrev_model_organism,True,True,,E. coli enables indefinite laboratory culture with a short generation time,technical,culture_feasibility,can be cultured in the laboratory on E. coli indefinitely with a four-day generation time,1.0,False,-1,0.0,12.1202345,0.39695948
30211673,E. coli,2018,Elife,ecoli_abbrev_model_organism,True,True,,E. coli is used as a model organism/readout to investigate microbial interactions,technical,model_organism,Our work provides a framework for using the model organism E. coli as a readout to investigate microbial interactions regardless of the genetic tractability of members of the studied ecosystem.,1.0,False,12,0.7434939307150066,13.160709,0.7825193
27900431,E. coli,2017,Anal Bioanal Chem,ecoli_abbrev_model_organism,True,True,,"to assess reporter stability across evolutionarily divergent species, including a prokaryotic model",biological,evolutionary_diversity,studies of reporter stability in a variety of organisms are needed to establish the robustness and broader utility of these molecular tools,1.0,False,-1,0.0,11.815824,0.5279013
26621467,E. coli,2015,Adv Exp Med Biol,ecoli_abbrev_model_organism,True,True,,E. coli has been a critically important model organism for over 50 years,historical,long_term_use,E. coli has been a critically important model research organism for more than 50 years,1.0,False,11,0.7122182756343077,12.304405,0.20445769
26621467,E. coli,2015,Adv Exp Med Biol,ecoli_abbrev_model_organism,True,True,,Post‑genomic techniques and resources enabled its use as a systems biology model,technical,genomic_resources,Post-genomic techniques and resources were then developed that allowed E. coli to become a model organism for systems biology,1.0,False,3,1.0,7.6605396,2.9047153
26466526,E. coli,2016,Proteomics,ecoli_abbrev_model_organism,True,True,,The authors chose E. coli because a recent extensive re-annotation of its inner membrane proteome provides detailed sub-cellular localization information.,technical,annotation_resources,We took advantage of the recent extensive re-annotation of the theoretical E. coli IMP regarding the sub-cellular localization of all its proteins.,1.0,False,-1,0.0,10.861152,0.7581162
26392051,E. coli,2015,Mol Cell Proteomics,ecoli_abbrev_model_organism,True,True,,"E. coli is part of the nematode's diet, enabling quick and easy incorporation of the heavy lysine label",biological,dietary_source,"By consuming labeled E. coli as part of their diet, C. elegans nematodes quickly and easily incorporate the NeuCode heavy lysine isotopologues",1.0,False,-1,0.0,14.856088,1.1828372
25807083,E. coli,2015,Elife,ecoli_abbrev_model_organism,True,True,,"hardiness, versatility, and broad palate",biological,physiological_traits,"hardiness, versatility, broad palate",1.0,False,3,1.0,5.801568,4.49485
25807083,E. coli,2015,Elife,ecoli_abbrev_model_organism,True,True,,ease of handling,technical,lab_handling,ease of handling,1.0,False,3,1.0,5.460467,5.0785275
23123556,E. coli,2013,Biochim Biophys Acta,ecoli_abbrev_model_organism,True,True,,E. coli is a model organism of industrial relevance,economic,industrial_relevance,"engineer a model organism of industrial relevance, such as E. coli",1.0,False,-1,0.0,11.450678,0.16379318
21450087,E. coli,2011,BMC Microbiol,ecoli_abbrev_model_organism,True,True,,"E. coli regulator Fnr shares high amino acid sequence identity with EtrA, providing a basis for comparison",technical,sequence_similarity,shares 73.6% ... amino acid sequence identity with the oxygen-sensing regulators Fnr in E. coli,0.916,False,-1,0.0,11.541312,0.3920959
21389771,E. coli,2011,Virulence,ecoli_abbrev_model_organism,True,True,,E. coli LF82 is a clinical isolate from Crohn's disease patients,biological,clinical_isolate,infection with E. coli strain LF82 isolated from patients suffering from Crohn's disease,1.0,False,7,1.0,13.39053,2.8436978
20821059,E. coli,2010,Mol Cells,ecoli_abbrev_model_organism,True,True,,E. coli is used because it is the standard laboratory food bacterium,technical,standard_lab_food,standard laboratory food bacterium E. coli,1.0,False,-1,0.0,14.158424,2.1776865
20444261,E. coli,2010,BMC Res Notes,ecoli_abbrev_model_organism,True,True,,E. coli was used because it is a model organism,biological,model_organism,model organism such as E. coli,1.0,False,-1,0.0,12.753365,2.0532317
20404935,E. coli,2010,PLoS One,ecoli_abbrev_model_organism,True,True,,E. coli strain lacking K+ uptake was used so that growth recovery could demonstrate SynK function,technical,growth_rescue_assay,"SynK, when expressed in a K(+)-uptake-system deficient E. coli strain, was able to recover growth of these organisms.",1.0,False,-1,0.0,12.958528,0.87752527
18783171,E. coli,2008,Adv Exp Med Biol,ecoli_abbrev_model_organism,True,True,,"The Min system is readily manipulated, enabling rapid advances",technical,manipulability,"Importantly, the Min system is readily manipulated allowing rapid advances in understanding key aspects of the oscillation.",1.0,False,3,1.0,5.1308255,4.7950177
18783171,E. coli,2008,Adv Exp Med Biol,ecoli_abbrev_model_organism,True,True,,The simplicity and ease of manipulating the Min system make it a tractable model,technical,experimental_accessibility,The simplicity and ease of manipulating the Min system make it a tractable model to obtain a complete understanding of a self-organizing system.,1.0,False,3,1.0,4.918992,4.8413954
16921581,E. coli,2006,Yeast,ecoli_abbrev_model_organism,True,True,,E. coli can be used for recombineering because the plasmids include prokaryotic promoters,technical,recombineering,dual eukaryotic/prokaryotic promoters so that they can be used for recombineering in E. coli,1.0,False,-1,0.0,10.86921,2.483322
14651613,E. coli,2004,Mol Microbiol,ecoli_abbrev_model_organism,True,True,,E. coli was chosen because it enabled detection of both plasmid-borne antibiotic resistance genes and a chromosomal housekeeping gene,technical,gene_detection,"Using E. coli as model organism we were able to detect in situ cells harbouring the antibiotic resistance gene beta lactamase on high, medium and low copy plasmids as well as the chromosomal encoded housekeeping gene glyceraldehyde-3-phosphate dehydrogenase (GAPDH).",1.0,False,-1,0.0,12.452478,2.1247048
41304241,E. coli,2025,Microorganisms,ecoli_model_bacterium,True,True,,E. coli is used as a model because it has a well‑studied prototypical chemotaxis system,biological,well_studied_prototypical,the well‑studied prototypical system in the model bacterium Escherichia coli,0.961,False,-1,0.0,13.251691,-0.34158194
41204093,E. coli,2025,BMC Genomics,ecoli_model_bacterium,True,True,,E. coli was used as a model chassis for studying transcriptional responses,technical,model_organism,"model chassis, Escherichia coli MG1655",1.0,False,-1,0.0,11.946476,1.1749948
41184588,E. coli,2025,EMBO J,ecoli_model_bacterium,True,True,,E. coli is a model bacterium with well‑characterized exponential and stationary growth phases,biological,growth_kinetics,While the exponential and stationary growth phases have been characterized in the model bacterium Escherichia coli,1.0,False,-1,0.0,12.1437,0.26694444
41148456,E. coli,2025,Extremophiles,ecoli_model_bacterium,True,True,,E. coli is used as a model bacterium where extremophile genes have previously been shown to increase tolerance to stress conditions,technical,model_organism,"In previous works of our group, several genes retrieved from environmental extremophiles using functional metagenomics were shown to increase the tolerance of the model bacterium Escherichia coli towards different stress conditions.",1.0,False,-1,0.0,13.861971,1.980773
40943289,E. coli,2025,Int J Mol Sci,ecoli_model_bacterium,True,True,,"E. coli is well studied, making it a model organism",technical,well_characterized,This system has been well studied in the model bacterium Escherichia coli,1.0,False,11,0.9900322161174264,11.804698,-0.26574928
40927394,E. coli,2025,Synth Biol (Oxf),ecoli_model_bacterium,True,True,,E. coli is used because it is a model bacterium,biological,model_organism,model bacterium Escherichia coli,1.0,False,5,1.0,14.862362,2.2502096
40661611,E. coli,2025,bioRxiv,ecoli_model_bacterium,True,True,,E. coli is used because it is a model bacterium,biological,model_organism,model bacterium Escherichia coli,1.0,False,5,1.0,14.848866,2.2375035
40527904,E. coli,2025,Commun Biol,ecoli_model_bacterium,True,True,,E. coli is central to recombinant gene technologies,technical,recombinant_gene_technologies,Plasmids and the model bacterium Escherichia coli are at the heart of recombinant gene technologies.,1.0,False,6,0.9130135699367812,10.636943,2.578341
40161823,E. coli,2025,bioRxiv,ecoli_model_bacterium,True,True,,"E. coli is used as a model because it has a single replicative polymerase, simplifying the study of clamp‑polymerase interactions.",biological,single_replicative_polymerase,"which has a single replicative polymerase, Pol III",1.0,False,10,1.0,10.401634,1.3830324
39809073,E. coli,2025,Talanta,ecoli_model_bacterium,True,True,,E. coli K12 was chosen because a specific bacteriophage that lyses it was available for detection.,technical,phage_specificity,"Escherichia coli K12 (E. coli K12) was used as the model bacterium, and bacteria lysed by the E. coli K12-specific bacteriophage were detected using qPCR.",1.0,False,4,0.9527882546367064,12.6514635,2.6103299
39543208,E. coli,2024,Commun Biol,ecoli_model_bacterium,True,True,,"to explore nucleosome assembly in prokaryotes, they used the model bacterium E. coli",technical,model_organism,"we developed an in vivo system for assembly of nucleosomes in the model bacterium, Escherichia coli",1.0,False,-1,0.0,10.756688,0.9171717
39333491,E. coli,2024,Nat Commun,ecoli_model_bacterium,True,True,,E. coli is used because it is a model bacterium,technical,model_organism,model bacterium Escherichia coli,1.0,False,5,1.0,14.870878,2.2336524
39302127,E. coli,2024,Microbiol Spectr,ecoli_model_bacterium,True,True,,E. coli is a model bacterium that enables cross-species comparisons of gene function,biological,model_organism,"These tools are also compatible with the model bacterium, Escherichia coli, enabling cross-species comparisons of gene function.",1.0,False,-1,0.0,11.731273,0.38923436
39283600,E. coli,2024,J Am Chem Soc,ecoli_model_bacterium,True,True,,E. coli was chosen because it is a model bacterium that naturally contains the GREs YbiW and PflD,biological,model_organism,"The model bacterium Escherichia coli MG1655 contains two GREs of unknown function, YbiW and PflD",1.0,False,4,0.8344996535635887,12.361916,1.993456
38853957,E. coli,2024,bioRxiv,ecoli_model_bacterium,True,True,,E. coli is used because it is a model bacterium,biological,model_organism,model bacterium Escherichia coli K-12,1.0,False,5,1.0,14.870557,2.2610168
38688559,E. coli,2024,RNA,ecoli_model_bacterium,True,True,,E. coli is used because it is a model bacterium,biological,model_organism,"model bacterium, Escherichia coli",1.0,False,5,1.0,14.885267,2.2219641
38659787,E. coli,2025,bioRxiv,ecoli_model_bacterium,True,True,,E. coli is a model bacterium with well‑characterized exponential and stationary growth phases,biological,model_organism,While the exponential and stationary growth phases have been characterized in the model bacterium Escherichia coli,1.0,False,-1,0.0,12.195417,0.3111941
38496613,E. coli,2025,bioRxiv,ecoli_model_bacterium,True,True,,E. coli was chosen because it is a model bacterium,biological,model_organism,the model bacterium Escherichia coli,1.0,False,4,1.0,12.46614,2.2301195
38363712,E. coli,2024,Microbiology (Reading),ecoli_model_bacterium,True,True,,E. coli is used because it is a model bacterium where similar Tat substrates have already been characterized,biological,model_organism,Five Tat substrates that have C-terminal transmembrane helices have previously been characterized in the model bacterium Escherichia coli.,1.0,False,5,0.5825212838061021,14.733436,2.2684166
38211787,E. coli,2024,Chemosphere,ecoli_model_bacterium,True,True,,E. coli was used as a standard model bacterium for comparison,technical,reference_strain,the model bacterium Escherichia coli,1.0,False,-1,0.0,14.181447,1.7149087
38072928,E. coli,2023,Biotechnol Biofuels Bioprod,ecoli_model_bacterium,True,True,,E. coli is a model bacterium and widely used chassis in biomanufacturing,technical,model_organism,representing a model bacterium and one of the most used chassis in biomanufacturing,1.0,False,4,0.8067241120645817,12.519389,1.9456923
38040272,E. coli,2024,Protein Expr Purif,ecoli_model_bacterium,True,True,,E. coli has comparatively high extracellular vesicle secretion,technical,high_EV_secretion,comparatively high in the model bacterium E. coli,1.0,False,-1,0.0,11.879982,2.5177817
37276399,E. coli,2023,Proc Natl Acad Sci U S A,ecoli_model_bacterium,True,True,,E. coli is used because it is a Gram-negative model bacterium,technical,model_organism,"Gram-negative model bacterium, Escherichia coli",1.0,False,8,0.8856747816017739,13.983687,1.5175382
37223744,E. coli,2023,Microlife,ecoli_model_bacterium,True,True,,E. coli contains both Isc and Suf machineries and a complex regulatory network controlling them,biological,dual_machinery_presence,"The model bacterium Escherichia coli possesses both Isc and Suf, and in this bacterium utilization of these machineries is under the control of a complex regulatory network.",1.0,False,11,0.6843232488980993,11.598562,0.54227906
36973666,E. coli,2023,BMC Genomics,ecoli_model_bacterium,True,True,,E. coli is a simple model bacterium,biological,model_organism,simple model bacterium Escherichia coli,1.0,False,-1,0.0,12.431658,-0.22822794
36779725,E. coli,2023,mSystems,ecoli_model_bacterium,True,True,,well‑characterized model bacterium,biological,well_characterized_model,it is a well-characterized model bacterium,1.0,False,1,0.3309895620051437,14.363404,7.383084
36779725,E. coli,2023,mSystems,ecoli_model_bacterium,True,True,,"known responses to other environmental stressors, including higher radiation doses",biological,known_stress_responses,"its responses to other environmental stressors, including those to higher radiation doses, have been elucidated in prior studies",1.0,False,3,0.7370285954749265,7.327959,2.0604215
36637435,E. coli,2023,ACS Infect Dis,ecoli_model_bacterium,True,True,,E. coli was chosen as a Gram-negative model organism for comparison,biological,model_organism,have compared our findings to Gram-negative Escherichia coli,1.0,False,8,1.0,13.898303,1.4240066
36625217,E. coli,2023,STAR Protoc,ecoli_model_bacterium,True,True,,E. coli is used because it is a model bacterium,biological,model_organism,for the model bacterium Escherichia coli,1.0,False,5,1.0,14.907534,2.2602644
36369085,E. coli,2022,Microb Cell Fact,ecoli_model_bacterium,True,True,,E. coli is a model bacterium with a single circular chromosome,biological,single_circular_chromosome,The wild-type model bacterium E. coli has a single circular chromosome.,1.0,False,11,0.7014600176282084,12.356478,-0.3676208
35880217,E. coli,2022,PeerJ,ecoli_model_bacterium,True,True,,E. coli is a long‑established model bacterium,historical,established_model,Escherichia coli has been the model bacterium for many decades,1.0,False,11,0.6460277868108548,12.217627,-0.107655205
35584008,E. coli,2022,Microb Genom,ecoli_model_bacterium,True,True,,E. coli is used because it is a model bacterium,biological,model_organism,model bacterium E. coli K-12,1.0,False,5,1.0,14.8502245,2.216542
35043718,E. coli,2023,Food Sci Technol Int,ecoli_model_bacterium,True,True,,E. coli is used as a model bacterium representing biotic factors that cause food spoilage,biological,spoilage_agent,a model bacterium for biotic factor that causes food spoilage,1.0,False,-1,0.0,14.181952,2.0562632
34709431,E. coli,2021,Appl Microbiol Biotechnol,ecoli_model_bacterium,True,True,,E. coli is widely used as a workhorse in molecular biology labs and as a platform organism in white biotechnology,technical,model_organism,Escherichia coli is the daily workhorse in molecular biology research labs and an important platform microorganism in white biotechnology.,1.0,False,-1,0.0,13.529312,1.9178697
34704792,E. coli,2021,Microbiol Spectr,ecoli_model_bacterium,True,True,,E. coli was used as a model bacterium,biological,model_organism,as a model bacterium,1.0,False,5,0.26847692385467065,14.427077,2.0109062
34634934,E. coli,2021,mBio,ecoli_model_bacterium,True,True,,E. coli is used because it is a model bacterium,biological,model_organism,model bacterium Escherichia coli,1.0,False,5,1.0,14.90723,2.2761264
34547957,E. coli,2022,Crit Rev Biochem Mol Biol,ecoli_model_bacterium,True,True,,E. coli is a well‑studied model bacterium for post‑transcriptional regulation,biological,model_organism,"Detailed studies of the Gram-negative model bacterium, Escherichia coli, have demonstrated that post-transcriptional events exert important and possibly greater control over gene regulation than transcription initiation or effective translation.",1.0,False,-1,0.0,11.706141,0.7554797
34547957,E. coli,2022,Crit Rev Biochem Mol Biol,ecoli_model_bacterium,True,True,,Extensive research effort has already been invested in E. coli mRNA turnover,biological,research_investment,"Thus, over the past 30 years, considerable effort has been invested in understanding the pathways of mRNA turnover in E. coli.",1.0,False,-1,0.0,10.697751,1.0508448
34342537,E. coli,2021,mSystems,ecoli_model_bacterium,True,True,,E. coli is a major public health concern due to its high and increasing antibiotic resistance,biological,antibiotic_resistance,Escherichia coli is a major public health concern given its increasing level of antibiotic resistance worldwide and extraordinary capacity to acquire and spread resistance via horizontal gene transfer with surrounding species and via mutations in its existing genome.,1.0,False,7,0.9621264482681506,13.366948,2.9036026
34342537,E. coli,2021,mSystems,ecoli_model_bacterium,True,True,,E. coli has extensive metabolic pathway redundancy that facilitates resistance through metabolic adaptability,biological,metabolic_redundancy,"E. coli also exhibits a large amount of metabolic pathway redundancy, which promotes resistance via metabolic adaptability.",1.0,False,-1,0.0,10.946851,-0.16188096
33803189,E. coli,2021,Antibiotics (Basel),ecoli_model_bacterium,True,True,,E. coli is used as a well‑established model bacterium,biological,model_organism,rod-shaped model bacterium Escherichia coli,1.0,False,-1,0.0,14.345314,1.9479455
33734381,E. coli,2021,Mol Biol Evol,ecoli_model_bacterium,True,True,,E. coli is used because it is a model bacterium,biological,model_organism,the model bacterium Escherichia coli,1.0,False,5,1.0,14.878694,2.2332408
33361126,E. coli,2020,mSphere,ecoli_model_bacterium,True,True,,E. coli is used as a model bacterium,biological,model_organism,model bacterium Escherichia coli,1.0,False,5,0.26461939664995804,14.302663,1.9164656
33101256,E. coli,2020,Front Microbiol,ecoli_model_bacterium,True,True,,E. coli was chosen because it is a model bacterium,technical,model_organism,"a model bacterium, Escherichia coli",1.0,False,4,1.0,12.396059,2.2404375
32960047,E. coli,2020,ACS Infect Dis,ecoli_model_bacterium,True,True,,E. coli is a highest‑priority pathogen according to WHO classifications,biological,clinical_relevance,"includes Escherichia coli among the highest priority, making this both a convenient model bacterium and a clinically highly relevant species",1.0,False,7,0.7600414606213556,13.419038,2.8967564
32960047,E. coli,2020,ACS Infect Dis,ecoli_model_bacterium,True,True,,E. coli is a convenient model bacterium,technical,model_convenience,making this both a convenient model bacterium,1.0,False,-1,0.0,12.42434,-0.16665839
32920945,E. coli,2021,Water Environ Res,ecoli_model_bacterium,True,True,,chosen as a model bacterium to assess the flow cell's disinfection capability,technical,model_organism_selection,Escherichia coli K12 ER2738 was selected as a model bacterium to evaluate the disinfection capability of the flow cell.,1.0,False,0,0.40537706114799915,12.3588295,4.905734
38716390,E. coli,2020,Anal Sci Adv,ecoli_model_bacterium,True,True,,E. coli was used as a model bacterium for SERS imaging analyses,technical,model_organism,that was utilized as a model bacterium for SERS imaging analyses,1.0,False,5,0.28465500969164886,14.353955,2.0904067
32813020,E. coli,2020,Nucleic Acids Res,ecoli_model_bacterium,True,True,,"E. coli is the leading bacterial organism for global protein‑protein networks, making it a primary model species",biological,research_prevalence,Escherichia coli has been the leading bacterial organism with respect to global protein-protein networks.,1.0,False,11,0.7707042766444941,12.281075,0.042889092
32813020,E. coli,2020,Nucleic Acids Res,ecoli_model_bacterium,True,True,,E. coli is a model species of microbiology,biological,model_status,this model species of microbiology,1.0,False,-1,0.0,12.47217,-0.17665267
32645263,E. coli,2020,ACS Synth Biol,ecoli_model_bacterium,True,True,,E. coli is used because it is a model bacterium,biological,model_organism,In the model bacterium Escherichia coli,1.0,False,5,1.0,14.9114685,2.2513685
32478518,E. coli,2020,Biochemistry,ecoli_model_bacterium,True,True,,"E. coli was used because its strain is auxotrophic for meso-diaminopimelate, allowing rescue by the V. spinosum dapL gene",technical,auxotrophic_rescue,the gene rescues an Escherichia coli strain that is auxotrophic for meso-diaminopimelate,1.0,False,-1,0.0,12.126005,2.0392442
32430473,E. coli,2020,mBio,ecoli_model_bacterium,True,True,,E. coli is used as a model bacterium,biological,model_organism,in the model bacterium Escherichia coli,1.0,False,-1,0.0,14.276276,1.9071774
32042198,E. coli,2020,Nat Chem Biol,ecoli_model_bacterium,True,True,,E. coli is used because it is a model bacterium,biological,model_organism,model bacterium Escherichia coli,1.0,False,5,0.8768904080887095,14.869968,2.1951518
31939002,E. coli,2020,Biomol NMR Assign,ecoli_model_bacterium,True,True,,E. coli is a widely used Gram-negative model bacterium,biological,model_organism,most studies are based on bacteriophages of this Gram-negative model bacterium,1.0,False,8,1.0,13.957691,1.3676649
30964646,E. coli,2019,ACS Synth Biol,ecoli_model_bacterium,True,True,,E. coli was chosen to overcome the limitation that the previous device was restricted to Caulobacter species,technical,method_generalization,"However, it exploits the stalk property of Caulobacter crescentus ... and is therefore restricted to this species. To address this shortcoming, we have engineered Escherichia coli cells ...",0.73,False,4,1.0,12.6797695,2.3033855
30943009,E. coli,2019,ACS Synth Biol,ecoli_model_bacterium,True,True,,E. coli is used because it is the standard model bacterium where biological parts are initially characterized,biological,model_organism,"biological parts (such as promoters and terminators), initially characterized in the model bacterium Escherichia coli",1.0,False,5,0.3888589025275923,14.554567,2.1474438
30873684,E. coli,2019,Mol Microbiol,ecoli_model_bacterium,True,True,,E. coli is used as a model because it is a related single‑chromosome bacterium,biological,model_organism,the related single chromosome model bacterium Escherichia coli,1.0,False,5,1.0,14.960434,2.2370965
30292423,E. coli,2018,J Control Release,ecoli_model_bacterium,True,True,,E. coli was used as a Gram-negative model bacterium to assess OMV uptake and antimicrobial activity,technical,uptake_assay,"OMV uptake in Gram-negative model bacterium Escherichia coli (E. coli) showed similar to better incorporation than liposome controls, indicating the OMVs may interact with model bacteria via membrane fusion.",1.0,False,9,0.7460234149537341,13.431678,1.3836253
29796441,E. coli,2018,Acta Biochim Pol,ecoli_model_bacterium,True,True,,E. coli was chosen because it is resistant to genistein,biological,genistein_resistance,a model bacterium resistant to genistein,1.0,False,4,0.9063937733735343,12.570256,2.41429
29519826,E. coli,2018,Genome Announc,ecoli_model_bacterium,True,True,,E. coli is a classic model bacterium,biological,model_organism,as this organism is a classic model bacterium,1.0,False,-1,0.0,12.425045,-0.21241848
29472899,E. coli,2018,Front Microbiol,ecoli_model_bacterium,True,True,,"robust, easily adaptable and culturable bacterium, and a model for studying xenobiotics",biological,model_organism,"Escherichia coli is a robust, easily adaptable and culturable bacterium in vitro, and a model bacterium for studying the impact of xenobiotics in the environment.",1.0,False,11,0.6478986757116969,12.064044,0.36461294
29286490,E. coli,2017,J Vis Exp,ecoli_model_bacterium,True,True,,E. coli was chosen because it is a model bacterium suitable as a host for producing site-specifically acetylated proteins,biological,model_organism,using the model bacterium Escherichia coli as the host,1.0,False,-1,0.0,11.961298,2.2296498
29196655,E. coli,2017,Sci Rep,ecoli_model_bacterium,True,True,,E. coli is used because it is a model bacterium,biological,model_organism,model bacterium Escherichia coli,1.0,False,5,0.9377979628581911,14.928597,2.2937667
29027347,E. coli,2018,Environ Microbiol,ecoli_model_bacterium,True,True,,E. coli pathway is well‑studied,technical,intensive_study,which has been intensively studied in the Gram-negative model bacterium Escherichia coli,1.0,False,11,0.764095373638491,11.179489,-0.19159949
28725483,E. coli,2017,NPJ Syst Biol Appl,ecoli_model_bacterium,True,True,,E. coli is used because it is a model bacterium,biological,model_organism,model bacterium Escherichia coli,1.0,False,5,0.8030659755827831,14.901796,2.243912
28369614,E. coli,2017,Mol Biol Evol,ecoli_model_bacterium,True,True,,E. coli is used because it is a model bacterium,biological,model_organism,the model bacterium Escherichia coli,1.0,False,5,1.0,14.932946,2.1998754
27879333,E. coli,2016,mBio,ecoli_model_bacterium,True,True,,E. coli is used because it is a well-established model bacterium,biological,model_organism,the model bacterium Escherichia coli,1.0,False,5,0.5454531363131583,14.73031,2.1961646
27879333,E. coli,2016,mBio,ecoli_model_bacterium,True,True,,E. coli nutrient stress genes are relevant to pathogens and infection conditions,biological,infection_relevance,culture conditions that arguably better represent nutrient availability during an infection than rich microbiological media,1.0,False,-1,0.0,13.139909,2.2480733
27720009,E. coli,2016,Adv Microb Physiol,ecoli_model_bacterium,True,True,,E. coli is a well‑studied model bacterium where sorting mechanisms have been detailed,technical,well_studied,The sorting mechanisms have been studied in detail in Escherichia coli,1.0,False,-1,0.0,12.305068,-0.13515785
27402159,E. coli,2016,Nucleic Acids Res,ecoli_model_bacterium,True,True,,E. coli is a well‑characterized model with widely available gene expression component libraries,biological,existing_resources,While widely available for the Gram-negative model bacterium Escherichia coli,1.0,False,-1,0.0,11.420342,0.2764121
27381917,E. coli,2016,J Bacteriol,ecoli_model_bacterium,True,True,,E. coli is chosen because it is the best-characterized model bacterium,biological,model_organism,best-characterized model bacterium Escherichia coli,1.0,False,-1,0.0,11.879462,-0.5290738
27081212,E. coli,2016,Mol Cell Proteomics,ecoli_model_bacterium,True,True,,E. coli is used because it is a model bacterium,biological,model_organism,model bacterium Escherichia coli,1.0,False,5,0.6840959710934119,14.970458,2.2952013
27081212,E. coli,2016,Mol Cell Proteomics,ecoli_model_bacterium,True,True,,Studying E. coli provides insight into other species because Trx dependence is often conserved,biological,conserved_mechanism,"as the dependence on Trx for reduction is often conserved across species, it also provides insightful information on the interactome of Trx in organisms other than E. coli",1.0,False,-1,0.0,11.472041,0.74714416
27033694,E. coli,2016,J Microbiol Methods,ecoli_model_bacterium,True,True,,E. coli provides DNA assembly and editing tools,technical,DNA_assembly_tools,advantages of B. subtilis with the DNA assembly and editing tools of Escherichia coli,1.0,False,-1,0.0,10.788418,0.2234001
26488283,E. coli,2015,Annu Rev Microbiol,ecoli_model_bacterium,True,True,,It is a model bacterium,biological,model_organism,model bacterium Escherichia coli,1.0,False,1,0.38839377316829515,14.475195,7.5242014
26239980,E. coli,2015,Antimicrob Agents Chemother,ecoli_model_bacterium,True,True,,"E. coli was used as a model bacterium to assess that Cu(btsc) complexes primarily deliver toxic Cu ions, since its respiration is only slightly affected",technical,mechanism_of_action,"Respiration in Escherichia coli was slightly affected by Cu(btsc) complexes, but our results indicate that, in this model bacterium, the complexes act primarily as agents that deliver toxic Cu ions efficiently into the cytoplasm.",1.0,False,9,0.8167695770453859,12.601875,1.5183032
25611733,E. coli,2015,Microbiologyopen,ecoli_model_bacterium,True,True,,E. coli is used because it is a well-established model bacterium,biological,model_organism,enteric Gram-negative model bacterium Escherichia coli K-12 substrain MG1655,1.0,False,5,0.586864151463136,14.757417,2.2030215
25316676,E. coli,2015,Bioinformatics,ecoli_model_bacterium,True,True,,E. coli is a well‑studied prokaryote with many proteins of unknown function,biological,knowledge_gap,"The model bacterium Escherichia coli is among the best studied prokaryotes, yet nearly half of its proteins are still of unknown biological function.",1.0,False,11,0.8057114153963022,11.416494,-0.27904555
25314472,E. coli,2014,Phys Rev E Stat Nonlin Soft Matter Phys,ecoli_model_bacterium,True,True,,E. coli is used because it is a model bacterium,biological,model_organism,model bacterium Escherichia coli,1.0,False,5,1.0,14.941579,2.2766957
25160623,E. coli,2014,J Biol Chem,ecoli_model_bacterium,True,True,,E. coli can control its metal pools to favor correct enzyme metallation,biological,metal_homeostasis,The model bacterium Escherichia coli may control its metal pools so that thermodynamics favor the correct metallation of each enzyme.,1.0,False,-1,0.0,11.765591,1.8207566
25005090,E. coli,2014,Acta Crystallogr F Struct Biol Commun,ecoli_model_bacterium,True,True,,E. coli GluRS is biochemically best characterized,biological,biochemical_characterization,"GluRS from Thermus thermophilus and Escherichia coli, which belong to evolutionarily distant phyla, are the biochemically best characterized.",1.0,False,11,1.0,11.489823,-0.50686127
25005090,E. coli,2014,Acta Crystallogr F Struct Biol Commun,ecoli_model_bacterium,True,True,,E. coli serves as a model bacterium that can also be pathogenic,biological,model_pathogen,a model bacterium that can also be pathogenic,1.0,False,7,0.6578358615388488,13.94481,2.6316984
24976172,E. coli,2014,Mol Microbiol,ecoli_model_bacterium,True,True,,E. coli is used because it is a model bacterium,biological,model_organism,model bacterium Escherichia coli,1.0,False,5,0.715985557490139,14.934706,2.2688417
24924203,E. coli,2014,PLoS One,ecoli_model_bacterium,True,True,,It is a non-environmental strain already used as a model for studying metabolism and adaptation,biological,model_organism,"Escherichia coli DH5-a was chosen as a non-environmental strain, which is already a model bacterium for studying metabolism and adaptation.",1.0,False,-1,0.0,11.223744,0.36298102
24659772,E. coli,2014,J Bacteriol,ecoli_model_bacterium,True,True,,E. coli is a widely used model bacterium in research and industry,technical,common_use,"Escherichia coli, a model bacterium commonly used in research and industry,",1.0,False,-1,0.0,13.980607,2.0490372
23783561,E. coli,2013,Curr Microbiol,ecoli_model_bacterium,True,True,,E. coli was chosen because it is a model bacterium,biological,model_organism,the model bacterium Escherichia coli,1.0,False,4,1.0,12.460672,2.256883
23651594,E. coli,2013,Adv Appl Microbiol,ecoli_model_bacterium,True,True,,E. coli is a well‑studied model bacterium with the best understood DNA folding,biological,model_organism,the best understood aspect of DNA folding in the model bacterium Escherichia coli,1.0,False,11,0.7311910961170079,11.8630495,-0.42079052
23613664,E. coli,2013,PLoS Genet,ecoli_model_bacterium,True,True,,E. coli is used because it is a model bacterium,biological,model_organism,the model bacterium Escherichia coli,1.0,False,5,0.7826434823003363,14.937793,2.2676141
23468065,E. coli,2013,Proteomics,ecoli_model_bacterium,True,True,,E. coli is a model Gram-negative bacterium,biological,model_organism,model Gram-negative bacteria Escherichia coli,1.0,False,8,1.0,13.928791,1.2733567
23145983,E. coli,2012,Annu Rev Genet,ecoli_model_bacterium,True,True,,focus on detailed description of the type I-E CRISPR/Cas system in the model bacterium E. coli K12,biological,type I-E CRISPR/Cas system,we mainly focus on a detailed description of the type I-E CRISPR/Cas system of the model bacterium Escherichia coli K12,1.0,False,11,0.7358054383468727,11.861823,0.6720323
22517266,E. coli,2012,Mol Biosyst,ecoli_model_bacterium,True,True,,It is the best‑studied model bacterium,biological,model_organism,"the best‑studied model bacterium, Escherichia coli",0.96,False,1,0.3452784467263886,14.378837,7.399918
22242961,E. coli,2012,Anal Chem,ecoli_model_bacterium,True,True,,to evaluate the efficiency of the multiple-concentration method,technical,method_efficiency,Escherichia coli was selected as a model bacterium to investigate the efficiency of this multiple-concentration method.,1.0,False,3,0.6631087127038284,8.407731,4.2954955
21980479,E. coli,2011,PLoS One,ecoli_model_bacterium,True,True,,"E. coli is a well‑established model bacterium and facultative anaerobe, making it suitable for studying O₂ transition processes",biological,model_organism,The model bacterium and facultative anaerobe Escherichia coli K-12 provides an ideal system for exploring this process.,1.0,False,11,0.6878260916198126,12.140795,0.17905411
21829590,E. coli,2011,PLoS One,ecoli_model_bacterium,True,True,,It is a commonly used model bacterium,biological,model_organism,the often studied model bacterium Escherichia coli,1.0,False,5,0.34256795143098795,14.59896,2.3746824
21482770,E. coli,2011,Proc Natl Acad Sci U S A,ecoli_model_bacterium,True,True,,"E. coli is traditionally viewed as a gut-restricted organism, making it a widely used fecal contamination indicator.",biological,fecal_indicator,E. coli traditionally is thought to live within the gastrointestinal tract of humans and other warm-blooded animals and not to survive for extended periods outside its host; this understanding is the basis for its widespread use as a fecal contamination indicator.,1.0,False,7,0.5528505740460801,13.607325,2.306171
21305010,E. coli,2011,PLoS One,ecoli_model_bacterium,True,True,,E. coli was used as a positive control because its genome copy numbers are well-characterized and matched published data,technical,positive_control,Slow-growing (doubling time 103 minutes) and fast-growing (doubling time 25 minutes) E. coli cultures were used as a positive control.,1.0,False,8,0.7319328973990528,13.878727,1.4640878
21264062,E. coli,2011,mBio,ecoli_model_bacterium,True,True,,E. coli is a nonsporulating and mesophilic model bacterium,biological,physiology,nonsporulating and mesophilic model bacterium Escherichia coli,1.0,False,-1,0.0,13.9585905,1.3422017
21127813,E. coli,2011,J Environ Monit,ecoli_model_bacterium,True,True,,E. coli GFP strain serves as a suitable model for acute TiO2 toxicity testing,technical,toxicity_assessment,can be a good model bacterium for assessing acute toxicity of TiO(2),1.0,False,-1,0.0,12.709969,1.5471835
20345943,E. coli,2010,Environ Microbiol,ecoli_model_bacterium,True,True,,E. coli is extensively studied as a model bacterium,biological,model_organism,Although extensively studied as a model bacterium,1.0,False,11,0.8019032418458604,11.87826,-0.40063688
19744923,E. coli,2009,J Biol Chem,ecoli_model_bacterium,True,True,,E. coli possesses many transporters for hexoses and pentoses,biological,transporters,The model bacterium Escherichia coli has numerous transporters that allow it to take up hexoses and pentoses,1.0,False,11,0.6661889260955767,10.948113,-0.28237253
19232131,E. coli,2009,BMC Syst Biol,ecoli_model_bacterium,True,True,,E. coli tools can be applied because the symbiont's gene complement is a subset of the E. coli genome,technical,genome_subset,have a gene complement that is a subset of the E. coli genome,1.0,False,7,0.658290870005911,13.584175,2.4271595
18781359,E. coli,2008,Curr Microbiol,ecoli_model_bacterium,True,True,,E. coli was used because it is a general model bacterium,technical,model_organism,Escherichia coli HB101 (a general model bacterium),1.0,False,5,1.0,14.897499,2.2156403
21261836,E. coli,2008,Microb Biotechnol,ecoli_model_bacterium,True,True,,E. coli is a kanamycin-sensitive model bacterium,biological,kanamycin_sensitivity,"Escherichia coli, a kanamycin-sensitive model bacterium",1.0,False,-1,0.0,14.186222,1.5077269
17592587,E. coli,2007,Analyst,ecoli_model_bacterium,True,True,,A specific antibody to E. coli was used to ensure selectivity and discrimination of the SERS technique.,biological,specific_antibody,"using a specific antibody to the model bacterium, Escherichia coli",1.0,False,-1,0.0,13.547376,2.2047405
11414050,E. coli,2001,Environ Sci Technol,ecoli_model_bacterium,True,True,,used as a model bacterium,biological,model_organism,as a model bacterium,1.0,False,5,0.29811970645338753,14.660103,2.374558
11160101,E. coli,2001,J Bacteriol,ecoli_model_bacterium,True,True,,E. coli is used because it is a model bacterium and pathogen,biological,model_organism,a model bacterium and pathogen,1.0,False,5,0.7385446711589386,14.712226,2.362209
31027192,E. coli,2019,Proteomes,ecoli_reference_organism,True,True,,E. coli shares several metabolic capabilities with T. elongata,biological,metabolic_capabilities,it shares several metabolic capabilities,1.0,False,-1,0.0,10.923767,-0.19383165
31027192,E. coli,2019,Proteomes,ecoli_reference_organism,True,True,,E. coli is regularly introduced to wastewater treatment plants but does not succeed there,biological,environmental_survival,is regularly introduced to wastewater treatment plants without succeeding there,1.0,False,-1,0.0,13.273682,2.4476683
15033465,E. coli,2004,Biochem Biophys Res Commun,ecoli_reference_organism,True,True,,"E. coli was selected because it possesses type II restriction-modification systems and shows pronounced codon usage phenomena, making it a suitable reference organism.",biological,restriction_modification_systems,Escherichia coli K12 uses type II restriction-modification systems and displays pronounced codon usage phenomena.,1.0,False,-1,0.0,11.278213,1.8823849
10939651,E. coli,2000,Int J Syst Evol Microbiol,ecoli_reference_organism,True,True,,used as a DNA standard to determine Tm for organisms within the target G+C content range,technical,reference_standard,"To determine the Tm of organisms within this range of G+C contents, Escherichia coli ATCC 11775T was used as a DNA standard",1.0,False,-1,0.0,13.735778,1.5156372
41445307,S. cerevisiae,2025,Yeast,yeast_model_organism,True,True,,"genetic tractability, safety status, and scalable fermentation",technical,genetic_tractability_and_scalability,"preferred host for industrial biotechnology due to its genetic tractability, safety status, and ability to scale fermentation processes",1.0,False,3,1.0,4.8710647,5.202542
41445307,S. cerevisiae,2025,Yeast,yeast_model_organism,True,True,,deep conservation of cellular pathways with humans,biological,conserved_pathways,"The deep conservation of cellular pathways between yeast and humans, such as AMPK/Snf1 and TORC1/Tor1 signaling, further underscores yeast's value in biomedical research",1.0,False,2,1.0,5.122944,1.0283602
41339405,S. cerevisiae,2025,Sci Rep,yeast_model_organism,True,True,,It is a eukaryotic model organism,biological,model_organism,eukaryotic model organism Saccharomyces cerevisiae,1.0,False,3,1.0,6.943118,3.7486854
41277874,S. cerevisiae,2025,Yeast,yeast_model_organism,True,True,,It is a powerful model organism for studying cellular processes implicated in neurodegenerative disorders.,biological,cellular_processes,as a powerful model organism for studying cellular processes implicated in neurodegenerative disorders,1.0,False,3,1.0,7.141767,2.6859038
41135683,S. cerevisiae,2025,J Biol Chem,yeast_model_organism,True,True,,Yeast has a relatively small JDP family,technical,small_JDP_family,using yeast as a model organism with a relatively small JDP family,1.0,False,2,0.9220274950982864,3.371097,2.3645656
25358737,E. coli,2014,Chembiochem,ecoli_model_bacterium,True,True,,E. coli is used because it is a model bacterium,biological,model_organism,the model bacterium Escherichia coli,1.0,False,5,1.0,14.957773,2.2542
19747082,E. coli,2009,Biol Chem,ecoli_model_bacterium,True,True,,"E. coli is a model bacterium that has been extensively studied, providing a well‑characterized system for chemotaxis research",biological,model_organism,model bacterium Escherichia coli,1.0,False,-1,0.0,13.131845,-0.29477426
19747082,E. coli,2009,Biol Chem,ecoli_model_bacterium,True,True,,Abundant quantitative experimental data for E. coli enables detailed computational modeling of the chemotaxis pathway,technical,data_availability,The abundance of quantitative experimental data enabled detailed computational modeling of the pathway,1.0,False,-1,0.0,13.2154255,-0.4408606
41009722,S. cerevisiae,2025,Int J Mol Sci,yeast_model_organism,True,True,,shared eukaryotic features,biological,shared_eukaryotic_features,Owing to its shared eukaryotic features,1.0,False,2,1.0,5.3690515,1.3581347
41009722,S. cerevisiae,2025,Int J Mol Sci,yeast_model_organism,True,True,,genetic tractability,biological,genetic_tractability,genetic tractability,1.0,False,3,1.0,4.7615886,5.290691
41009722,S. cerevisiae,2025,Int J Mol Sci,yeast_model_organism,True,True,,capacity for heterologous expression of parasite mitochondrial proteins,biological,heterologous_expression,capacity for heterologous expression of parasite mitochondrial proteins,1.0,False,2,1.0,5.9801064,1.6853404
41009722,S. cerevisiae,2025,Int J Mol Sci,yeast_model_organism,True,True,,cost-effective platform,technical,cost_effectiveness,offers a cost-effective ... platform,0.778,False,3,0.9089833209348551,6.190088,4.6126404
41009722,S. cerevisiae,2025,Int J Mol Sci,yeast_model_organism,True,True,,experimentally accessible platform,technical,experimental_accessibility,experimentally accessible platform,1.0,False,3,1.0,5.788632,3.7321627
40909120,S. cerevisiae,2025,Microb Cell,yeast_model_organism,True,True,,genetic tractability enables easy manipulation,technical,genetic_manipulation,genetic tractability,1.0,False,3,1.0,5.0391483,5.0957365
40909120,S. cerevisiae,2025,Microb Cell,yeast_model_organism,True,True,,conserved key mitochondrial regulators make it biologically relevant,biological,conserved_regulators,conservation of key mitochondrial regulators,1.0,False,2,0.8921559813528088,5.77492,1.366977
40902974,S. cerevisiae,2025,J Biol Chem,yeast_model_organism,True,True,,It is a model organism for cell biological Parkinson's disease research,biological,model_organism,a model organism for cell biological PD research,1.0,False,3,1.0,7.2762074,2.9569201
40833568,S. cerevisiae,2025,Methods Mol Biol,yeast_model_organism,True,True,,"S. cerevisiae is widely used as a model organism in cell biology, genetics, and molecular biology",biological,model_organism,"Budding yeast Saccharomyces cerevisiae is a common model organism used in cell biology, genetics, and molecular biology.",1.0,False,2,1.0,3.9800344,2.6093736
40824237,S. cerevisiae,2025,ACS Synth Biol,yeast_model_organism,True,True,,S. cerevisiae is a model organism commonly used to study gene regulation and function,biological,model_organism,Saccharomyces cerevisiae is a model organism commonly used to study gene regulation and function,0.99,False,2,1.0,4.4821415,2.6167228
40763020,S. cerevisiae,2025,Proc Natl Acad Sci U S A,yeast_model_organism,True,True,,It is widely present in a variety of natural and human-associated habitats,biological,habitat_diversity,widely present in a variety of natural and human-associated habitats,1.0,False,3,0.6829189650435522,7.78561,2.3158073
40673959,S. cerevisiae,2025,Bull Math Biol,yeast_model_organism,True,True,,It is an excellent eukaryotic model organism for molecular and cell biology.,biological,model_organism,due to it being an excellent eukaryotic model organism in molecular and cell biology,1.0,False,3,1.0,7.054275,3.0560014
40669496,S. cerevisiae,2025,Annu Rev Cell Dev Biol,yeast_model_organism,True,True,,Recent technical advances enable full observation of its replicative lifespan,technical,lifespan_observation,recent technical advances enabling the full observation of its replicative lifespan,1.0,False,2,1.0,3.2523816,0.46408275
40620813,S. cerevisiae,2025,Bio Protoc,yeast_model_organism,True,True,,key model organism in biological research,biological,model_organism,S. cerevisiae is well known for being a key model organism in biological research,1.0,False,3,1.0,7.4799175,3.3571186
40620813,S. cerevisiae,2025,Bio Protoc,yeast_model_organism,True,True,,essential for fermentation of food and beverages,economic,fermentation,essential microorganism for the fermentation of food and beverages,1.0,False,3,0.9235208802912452,9.0597,3.6380668
40612073,S. cerevisiae,2025,Synth Biol (Oxf),yeast_model_organism,True,True,,widely used model organism in synthetic biology,biological,model_organism,a widely used model organism in synthetic biology,1.0,False,3,1.0,7.901948,3.574684
40391048,S. cerevisiae,2025,Front Cell Infect Microbiol,yeast_model_organism,True,True,,S. cerevisiae was selected because it is a model organism,technical,model_system,model organism Saccharomyces cerevisiae,1.0,False,2,1.0,3.1139402,2.9482288
40305268,S. cerevisiae,2025,Biomolecules,yeast_model_organism,True,True,,S. cerevisiae is widely conserved functionally with humans,biological,functional_conservation,"In virtue of a substantial degree of functional conservation, it has been extensively exploited to understand multiple aspects of the genetic, molecular, and cellular biology of human disease.",1.0,False,2,1.0,4.8793836,1.0176512
40305268,S. cerevisiae,2025,Biomolecules,yeast_model_organism,True,True,,S. cerevisiae serves as a cellular test tube for heterologous expression,technical,heterologous_expression,"the heterologous expression of their components in the S. cerevisiae model provides a ""cellular test tube"" to readily study their properties and interactions",1.0,False,2,1.0,3.9799817,1.940222
40137226,S. cerevisiae,2025,J Fungi (Basel),yeast_model_organism,True,True,,Yeast are simple to work with,technical,model_simplicity,their simplicity,1.0,False,2,1.0,3.9349046,3.5393844
40137226,S. cerevisiae,2025,J Fungi (Basel),yeast_model_organism,True,True,,Yeast are genetically tractable,technical,genetic_tractability,genetic tractability,1.0,False,3,0.9366998026226651,4.5092797,4.562554
40137226,S. cerevisiae,2025,J Fungi (Basel),yeast_model_organism,True,True,,Yeast share conserved cellular processes with higher eukaryotes,biological,process_conservation,the conservation of many cellular processes shared with higher eukaryotes,1.0,False,2,1.0,5.0916553,1.4497644
40116703,S. cerevisiae,2025,J Mater Chem B,yeast_model_organism,True,True,,provides unique insights into how biofilms coordinate metabolic activities via EPS,biological,metabolic_insights,provides unique insights into how biofilms coordinate metabolic activities via extracellular polymeric substances (EPS),1.0,False,0,0.8174655450591102,12.32819,5.6607914
40092660,S. cerevisiae,2025,Comput Struct Biotechnol J,yeast_model_organism,True,True,,S. cerevisiae is a vital model organism and is widely used as an engineered strain,technical,engineered_strain,Saccharomyces cerevisiae serves as a vital model organism and is widely used as an engineered strain.,1.0,False,2,1.0,3.8735182,3.1480846
40081781,S. cerevisiae,2025,Biotechnol Adv,yeast_model_organism,True,True,,"S. cerevisiae is a crucial industrial platform for producing many chemicals, fuels, pharmaceuticals, and nutraceutical ingredients",economic,industrial_production,"is a crucial industrial platform for producing a wide range of chemicals, fuels, pharmaceuticals, and nutraceutical ingredients",1.0,False,2,0.857484679228242,4.1331563,3.2421486
40081781,S. cerevisiae,2025,Biotechnol Adv,yeast_model_organism,True,True,,S. cerevisiae is commonly used as a model organism for fundamental research,biological,model_organism,It is also commonly used as a model organism for fundamental research,1.0,False,2,1.0,3.678422,2.6182985
40076772,S. cerevisiae,2025,Int J Mol Sci,yeast_model_organism,True,True,,ability to survive without respiring,biological,respiration_independence,its ability to survive without respiring,1.0,False,2,1.0,5.4548516,2.103036
40076772,S. cerevisiae,2025,Int J Mol Sci,yeast_model_organism,True,True,,genetic tractability,technical,genetic_tractability,its genetic tractability,1.0,False,3,1.0,4.744578,5.2954473
40076772,S. cerevisiae,2025,Int J Mol Sci,yeast_model_organism,True,True,,high degree of mitochondrial similarity across eukaryotic species,biological,mitochondrial_conservation,the high degree of mitochondrial similarity across eukaryotic species,1.0,False,2,0.9111781684988695,5.637129,1.287845
40070955,S. cerevisiae,2025,Heliyon,yeast_model_organism,True,True,,Similarity in life cycle and cellular structure to higher eukaryotes,biological,cellular_similarity,similarity in life cycle and cellular structure to higher eukaryotes,1.0,False,2,1.0,5.237361,1.3303192
40070955,S. cerevisiae,2025,Heliyon,yeast_model_organism,True,True,,Ease of cultivation and manipulation in the laboratory,technical,ease_of_cultivation,ease of cultivation and manipulation in the laboratory,1.0,False,3,1.0,5.699506,5.0964174
39963806,S. cerevisiae,2025,J Basic Microbiol,yeast_model_organism,True,True,,to explore the molecular mechanism of GEM regulating lipid metabolism,technical,mechanistic_study,the model organism Saccharomyces cerevisiae was applied to explore the molecular mechanism of GEM regulating lipid metabolism,1.0,False,-1,0.0,9.9456835,0.63980895
39777162,S. cerevisiae,2024,Synth Syst Biotechnol,yeast_model_organism,True,True,,It is a widely utilized model organism,historical,widely_used,widely utilized model organism,1.0,False,3,1.0,7.8946705,3.5781844
39757721,S. cerevisiae,2025,Autophagy,yeast_model_organism,True,True,,"Because autophagy is conserved, S. cerevisiae is a valuable model for deciphering molecular details of macroautophagy pathways.",biological,conserved_pathways,"Given the conservation of autophagy, Saccharomyces cerevisiae is a valuable model organism for deciphering molecular details that define macroautophagy pathways.",1.0,False,2,0.9188207108090526,4.7040973,2.124983
39596489,S. cerevisiae,2024,Int J Mol Sci,yeast_model_organism,True,True,,"S. cerevisiae has simpler structural variations in complex sphingolipids than mammals, making it a useful model for studying structural diversity",biological,structural_simplicity,"The budding yeast Saccharomyces cerevisiae has simpler structural variations in complex sphingolipids compared to mammals and is, therefore, a useful model organism for elucidating the physiological significance of this structural diversity.",1.0,False,2,1.0,3.8451996,2.895834
39568863,S. cerevisiae,2024,Microb Cell,yeast_model_organism,True,True,,It is a widely used model for studying organellar membrane biogenesis and architecture via TEM.,biological,membrane_biogenesis,"Budding yeast Saccharomyces cerevisiae is widely used as a model organism to study the biogenesis and architecture of organellar membranes, which can be visualized by transmission electron microscopy (TEM).",1.0,False,2,0.7767136031195813,6.340655,1.888777
39557480,S. cerevisiae,2024,Yi Chuan,yeast_model_organism,True,True,,It is a classic model organism for genetic teaching experiments,technical,genetic_teaching,S. cerevisiae is a classic model organism for genetic teaching experiments.,1.0,False,3,1.0,7.8117595,3.330745
39530598,S. cerevisiae,2025,Genetics,yeast_model_organism,True,True,,"It is the most extensively characterized eukaryotic model organism and has long been used to gain insight into genetics, cellular biology, and gene/protein functions.",biological,model_organism_characterization,"Budding yeast (Saccharomyces cerevisiae) is the most extensively characterized eukaryotic model organism and has long been used to gain insight into the fundamentals of genetics, cellular biology, and the functions of specific genes and proteins.",1.0,False,3,1.0,6.711528,3.1771333
39455222,S. cerevisiae,2024,Methods Enzymol,yeast_model_organism,True,True,,It is a well-established model organism,historical,established_model,well-established model organism,1.0,False,3,1.0,7.216202,4.2744503
39455222,S. cerevisiae,2024,Methods Enzymol,yeast_model_organism,True,True,,"It can produce and process proteins similarly to higher eukaryotes, enabling study of protein folding and chaperone interactions",biological,protein_processing_similarity,demonstrates a capability to produce and process proteins in a manner closely resembling that of higher eukaryotes,1.0,False,2,1.0,5.4783907,1.5888449
39360849,S. cerevisiae,2024,mSphere,yeast_model_organism,True,True,,Ease of manipulation,technical,genetic_manipulation,ease of manipulation,1.0,False,3,1.0,5.45856,5.0675855
39360849,S. cerevisiae,2024,mSphere,yeast_model_organism,True,True,,Accessible growth conditions,technical,culture_conditions,accessible growth conditions,1.0,False,3,0.871475459015246,5.91309,5.150117
39360849,S. cerevisiae,2024,mSphere,yeast_model_organism,True,True,,Short life cycle,biological,growth_kinetics,short life cycle,1.0,False,-1,0.0,5.0959797,4.0233645
39360849,S. cerevisiae,2024,mSphere,yeast_model_organism,True,True,,Conserved eukaryotic metabolic pathways,biological,metabolic_conservation,conserved eukaryotic metabolic pathways,1.0,False,2,1.0,5.252962,1.3745626
39345624,S. cerevisiae,2024,bioRxiv,yeast_model_organism,True,True,,It is the most extensively characterized eukaryotic model organism and has long been used to gain insight into genetics and cellular biology.,biological,extensive_characterization,"Budding yeast (Saccharomyces cerevisiae) is the most extensively characterized eukaryotic model organism and has long been used to gain insight into the fundamentals of genetics, cellular biology, and the functions of specific genes and proteins.",1.0,False,3,1.0,6.7809515,3.286769
39309955,S. cerevisiae,2024,Heliyon,yeast_model_organism,True,True,,previous studies showed S. cerevisiae effectively mitigated Cd toxicity with AMOLE,biological,previous_studies,Our previous studies in the eukaryotic model organism Saccharomyces cerevisiae revealed that ... AMOLE effectively mitigated Cd toxicity,0.779,False,2,1.0,3.406949,2.1633217
39247801,S. cerevisiae,2025,Synth Syst Biotechnol,yeast_model_organism,True,True,,it is generally recognized as safe,biological,safety,generally recognised as safe,1.0,False,3,1.0,8.584222,3.8946998
39185013,S. cerevisiae,2024,MicroPubl Biol,yeast_model_organism,True,True,,ease of genome alterations due to fast generation time,biological,growth_kinetics,fast generation time,1.0,False,3,1.0,5.3095617,4.782024
39185013,S. cerevisiae,2024,MicroPubl Biol,yeast_model_organism,True,True,,ease of genome alterations due to many molecular genetic tools,technical,genetic_tools,many molecular genetic tools,1.0,False,3,1.0,5.3428426,4.8159437
39180232,S. cerevisiae,2024,Yeast,yeast_model_organism,True,True,,It is an excellent model for studying critical cellular processes,biological,cellular_processes,is an excellent model organism for studying a variety of critical cellular processes,1.0,False,3,1.0,7.0637703,2.5170965
39126473,S. cerevisiae,2024,Methods Mol Biol,yeast_model_organism,True,True,,yeast is easy to manipulate genetically,technical,genetic_manipulation,because of the facility with which budding yeast can be manipulated as a genetic model organism,1.0,False,3,0.9035508457518321,4.614341,4.3167686
39093881,S. cerevisiae,2024,PLoS Comput Biol,yeast_model_organism,True,True,,Widely used to study genetics of eukaryotic cellular processes relevant to cancer,biological,eukaryotic_genetics,"Budding yeast, Saccharomyces cerevisiae, is widely used as a model organism to study the genetics underlying eukaryotic cellular processes and growth critical to cancer development, such as cell division and cell cycle progression.",1.0,False,3,0.7684408321545466,6.30027,2.5345826
39093881,S. cerevisiae,2024,PLoS Comput Biol,yeast_model_organism,True,True,,Its cell cycle is a well‑studied dynamical system due to thoroughly resolved genetics,technical,well_characterized_genetics,The budding yeast cell cycle is also one of the best-studied dynamical systems owing to its thoroughly resolved genetics.,1.0,False,2,0.6886834167192274,5.4423003,2.165369
39028840,S. cerevisiae,2024,G3 (Bethesda),yeast_model_organism,True,True,,Saccharomyces cerevisiae is a powerful systems biology tool for studying effectors,technical,systems_biology_tool,"One of the most powerful systems biology tools for studying effectors is the model organism, Saccharomyces cerevisiae.",1.0,False,2,1.0,4.0556636,2.6633189
39028840,S. cerevisiae,2024,G3 (Bethesda),yeast_model_organism,True,True,,"Heterologous expression of effectors in yeast causes strong growth inhibition, indicating conserved eukaryotic targets",biological,growth_inhibition,"For many pathogens, the heterologous expression of effectors in yeast is growth inhibitory at a frequency much higher than housekeeping genes, an observation ascribed to targeting conserved eukaryotic proteins.",1.0,False,2,1.0,3.9508357,1.4378557
38961653,S. cerevisiae,2024,Yeast,yeast_model_organism,True,True,,S. cerevisiae is a well‑established model for studying genome instability,biological,genome_instability,has long been used as a model organism to study genome instability,1.0,False,2,1.0,4.812167,2.7715921
38958087,S. cerevisiae,2024,Autophagy,yeast_model_organism,True,True,,S. cerevisiae is a leading model for studying autophagy,biological,model_organism,one of the leading models for the study of autophagy,1.0,False,2,0.7282376243503919,4.7970734,2.1544185
38927107,S. cerevisiae,2024,Biomolecules,yeast_model_organism,True,True,,S. cerevisiae is an invaluable model for studying mitochondrial dysfunction effects on stress response and adaptation,biological,model_organism,The yeast Saccharomyces cerevisiae is an invaluable model organism for studying how mitochondrial dysfunction can affect stress response and adaptation processes.,1.0,False,2,1.0,4.983452,1.8632181
38847903,S. cerevisiae,2024,Arch Microbiol,yeast_model_organism,True,True,,Saccharomyces cerevisiae is used as a eukaryotic model yeast,biological,model_organism,"eukaryotic model yeast, Saccharomyces cerevisiae",1.0,False,2,1.0,3.3384712,2.6894288
38713053,S. cerevisiae,2024,Elife,yeast_model_organism,True,True,,It is a powerful model for studying human cellular aging,biological,model_organism,a powerful model organism to study the cellular aging of humans,1.0,False,2,1.0,3.3585954,0.617246
38711329,S. cerevisiae,2024,J Extracell Vesicles,yeast_model_organism,True,True,,It is a proven model organism for studying conserved eukaryotic biology,biological,conserved_eukaryotic_biology,The budding yeast Saccharomyces cerevisiae is a proven model organism for elucidating conserved eukaryotic biology,1.0,False,3,1.0,7.003358,3.1245506
38668960,S. cerevisiae,2024,World J Microbiol Biotechnol,yeast_model_organism,True,True,,to validate yeasts as a tool for molecular toxicity studies of environmental pollution,technical,toxicity_assay,"for validating yeasts as a tool for molecular toxicity studies, particularly of environmental pollution",1.0,False,2,1.0,3.3942783,1.9148424
38640676,S. cerevisiae,2024,J Hazard Mater,yeast_model_organism,True,True,,S. cerevisiae is used because alachlor rapidly triggers protein denaturation and aggregation in this eukaryotic model organism,biological,protein_denaturation,has been reported to rapidly trigger protein denaturation and aggregation in the eukaryotic model organism Saccharomyces cerevisiae,1.0,False,2,0.9148544413194926,4.2414293,0.71684194
38623220,S. cerevisiae,2024,Heliyon,yeast_model_organism,True,True,,S. cerevisiae has a short population lifespan,biological,short_lifespan,has a short population lifespan,1.0,False,2,0.8836821004157401,4.908631,3.6672795
38623220,S. cerevisiae,2024,Heliyon,yeast_model_organism,True,True,,its growth phases can be monitored within dozens of hours,technical,rapid_growth_monitoring,the growth phases can be monitored within dozens of hours,1.0,False,-1,0.0,12.236772,0.27168187
38616173,S. cerevisiae,2024,Adv Biol (Weinh),yeast_model_organism,True,True,,Yeast is an excellent model for aging and lifespan research,biological,aging_research,Yeast is an excellent model organism for research for regulating aging and lifespan,1.0,False,2,1.0,3.3873441,0.88158107
38616173,S. cerevisiae,2024,Adv Biol (Weinh),yeast_model_organism,True,True,,Aging and lifespan pathways are evolutionarily conserved from yeast to mammals,biological,evolutionary_conservation,intracellular factors and signal pathways that control aging and lifespan have evolutionarily conserved from yeast to mammals,1.0,False,2,1.0,3.8237445,0.7776771
38568172,S. cerevisiae,2024,Health Phys,yeast_model_organism,True,True,,requires minimal maintenance,technical,low_maintenance,necessitates a model organism with minimal maintenance,1.0,False,3,1.0,5.993722,4.72645
38526245,S. cerevisiae,2024,Health Phys,yeast_model_organism,True,True,,samples are simple to handle and have a long shelf-life,technical,practicality,these samples are simple to handle and have a long shelf-life,1.0,False,3,0.7168820198995495,5.879985,4.4318967
38488392,S. cerevisiae,2024,Microbiol Spectr,yeast_model_organism,True,True,,S. cerevisiae is a key model organism for biological research,biological,model_importance,one of the most important model organisms for biological research,1.0,False,2,1.0,3.799599,2.9246273
38488392,S. cerevisiae,2024,Microbiol Spectr,yeast_model_organism,True,True,,S. cerevisiae is crucial for industrial applications,economic,industrial_relevance,is a crucial microorganism in industry,1.0,False,2,0.7646265238951978,4.060546,3.3445117
38447993,S. cerevisiae,2024,Genes Genet Syst,yeast_model_organism,True,True,,It is an excellent model for studying chromatin regulation with high-resolution genome-wide analyses,biological,chromatin_regulation,The budding yeast Saccharomyces cerevisiae is an excellent model organism for studying chromatin regulation with high-resolution genome-wide analyses.,1.0,False,2,0.852376986434499,5.0968184,2.9134269
38397389,S. cerevisiae,2024,Biomolecules,yeast_model_organism,True,True,,genetic tractability,technical,genetic_tractability,renowned for its genetic tractability,1.0,False,3,1.0,4.736293,5.306308
38392788,S. cerevisiae,2024,J Fungi (Basel),yeast_model_organism,True,True,,S. cerevisiae is a model organism where septins have been intensively studied,biological,extensive_characterization,"septins have been intensively studied in many model organisms, including the budding yeast Saccharomyces cerevisiae",1.0,False,2,1.0,3.6967666,3.0636249
38389899,S. cerevisiae,2024,Front Mol Biosci,yeast_model_organism,True,True,,Yeast was chosen because Hsp90 functions and cochaperone interactions are highly conserved between yeast and mammalian cells.,biological,conserved_mechanisms,Hsp90 functions and cochaperone interactions are highly conserved between yeast and mammalian cells,1.0,False,2,1.0,4.711205,1.320855
38389899,S. cerevisiae,2024,Front Mol Biosci,yeast_model_organism,True,True,,Yeast was established as a model organism to study the functional interaction between Hsp90 and its client proteins.,historical,model_organism_establishment,was the first to establish the yeast Saccharomyces cerevisiae as a model organism to study the functional interaction between Hsp90 and clients,1.0,False,2,1.0,4.1948647,1.9466237
38287928,S. cerevisiae,2024,MicroPubl Biol,yeast_model_organism,True,True,,It is a model organism,biological,model_organism,the model organism Saccharomyces cerevisiae,1.0,False,3,1.0,7.5188127,4.243888
38273672,S. cerevisiae,2024,Bioinformatics,yeast_model_organism,True,True,,It is a well‑studied model organism,biological,model_organism,Saccharomyces cerevisiae is a well‑studied model organism,0.965,False,3,1.0,6.871249,4.3139305
38273672,S. cerevisiae,2024,Bioinformatics,yeast_model_organism,True,True,,There is a large amount of structured knowledge in databases and curated metabolic models,technical,available_databases,"there is a large amount of structured knowledge on yeast systems biology in databases such as the Saccharomyces Genome Database, and highly curated genome‑scale metabolic models like Yeast8",0.952,False,-1,0.0,11.059634,-0.1142989
38273672,S. cerevisiae,2024,Bioinformatics,yeast_model_organism,True,True,,The datasets stem from decades of experiments and are abundant in information,historical,decades_of_experiments,"These datasets, the result of decades of experiments, are abundant in information",1.0,False,3,1.0,6.2782226,3.3636277
38244478,S. cerevisiae,2024,Semin Cell Dev Biol,yeast_model_organism,True,True,,S. cerevisiae rDNA exemplifies the condition being studied,biological,rDNA_exemplification,This condition is well exemplified by the rDNA of Saccharomyces cerevisiae.,1.0,False,2,1.0,4.594871,2.6722083
38178179,S. cerevisiae,2024,Genome Biol,yeast_model_organism,True,True,,It has a long history of domestication for human use,historical,domestication_history,"Initially domesticated 8,000 years ago to provide sustenance to our ancestors",1.0,False,3,1.0,8.787531,3.6900182
38178179,S. cerevisiae,2024,Genome Biol,yeast_model_organism,True,True,,It has been used as a model research subject and technology platform,technical,research_platform,"for the past 150 years, yeast has served as a model research subject and a platform for technology",1.0,False,3,1.0,8.077309,3.0836535
38020970,S. cerevisiae,2023,Cell Genom,yeast_model_organism,True,True,,used as a model organism for translation studies,biological,translation_studies,"leveraged synXV as a ""build-to-learn"" model organism for translation studies by ribosome profiling",1.0,False,3,1.0,7.669937,3.244748
37958727,S. cerevisiae,2023,Int J Mol Sci,yeast_model_organism,True,True,,S. cerevisiae is extensively used to study the mammalian ortholog mTORC1,biological,model_organism,"extensively used as a model organism to understand the role of its mammalian ortholog, mTORC1",1.0,False,2,1.0,3.7646284,2.5172124
37921537,S. cerevisiae,2024,Am J Med Genet A,yeast_model_organism,True,True,,to assess variant pathogenicity,technical,functional_assay,to assess variant pathogenicity,1.0,False,3,0.9430128207761517,6.669981,2.3601565
37750721,S. cerevisiae,2023,mSphere,yeast_model_organism,True,True,,used because it is a well‑characterized fungal model organism,technical,well_characterized_model,utilized the well-characterized fungal model organism Saccharomyces cerevisiae,1.0,False,2,0.7888418509942794,3.4423976,2.5688078
37655454,S. cerevisiae,2023,Essays Biochem,yeast_model_organism,True,True,,Yeasts are widely used as eukaryotic model organisms,historical,established_use,widely used eukaryotic model organisms,1.0,False,2,1.0,3.4781516,2.5449238
37655454,S. cerevisiae,2023,Essays Biochem,yeast_model_organism,True,True,,The tractability of the yeast system makes it suitable for research,technical,experimental_tractability,tractability of these model systems,1.0,False,3,0.9442021565286649,4.5768137,4.5494857
37655454,S. cerevisiae,2023,Essays Biochem,yeast_model_organism,True,True,,Yeast is considered an ideal model organism for the projects,biological,conserved_processes,ideal model organism,1.0,False,2,1.0,3.8170059,2.1573124
37575400,S. cerevisiae,2023,Bio Protoc,yeast_model_organism,True,True,,S. cerevisiae is easy to transform,technical,ease_of_transformation,it is easy to transform,1.0,False,3,0.8805707975148996,4.5411534,4.2129025
37575400,S. cerevisiae,2023,Bio Protoc,yeast_model_organism,True,True,,"S. cerevisiae has existing genomics, engineering, and metabolomics tools",technical,available_tools,"tools for genomics, engineering, and metabolomics are already available",1.0,False,2,1.0,4.1093144,3.0495043
37507753,S. cerevisiae,2023,Biol Res,yeast_model_organism,True,True,,It has been used as a model organism for genetic studies and molecular biology and as a platform for biotechnology.,biological,model_organism,"For more than 20 years, Saccharomyces cerevisiae has served as a model organism for genetic studies and molecular biology, as well as a platform for biotechnology (e.g., wine production).",1.0,False,3,1.0,7.9082174,3.1896105
37445873,S. cerevisiae,2023,Int J Mol Sci,yeast_model_organism,True,True,,easy manipulation of the organism,technical,genetic_manipulation,its easy manipulation,1.0,False,3,1.0,5.415698,4.955845
37445873,S. cerevisiae,2023,Int J Mol Sci,yeast_model_organism,True,True,,well‑known mitochondrial biogenesis and metabolism,biological,mitochondrial_biogenesis,well-known mitochondrial biogenesis and metabolism,1.0,False,2,1.0,5.930706,1.6119851
37422618,S. cerevisiae,2023,BMC Biotechnol,yeast_model_organism,True,True,,Genetic tools are available for S. cerevisiae,technical,genetic_tools,"lack of genetic tools compatible with this thermophile, which are typically suited to other mesophilic eukaryotic model organisms, in particular the yeast Saccharomyces cerevisiae",1.0,False,2,0.9373268199729389,4.3572044,3.2408855
37418367,S. cerevisiae,2023,PLoS One,yeast_model_organism,True,True,,"Yeast is a model organism, so the authors aimed to extend RNA probing methods to it",biological,model_system,"To complement the scope of RNA structural probing by chemical modifications in the model organism yeast, we analyze the effectiveness of guanine modification...",0.95,False,2,1.0,3.8796422,2.041028
37336558,S. cerevisiae,2023,Metallomics,yeast_model_organism,True,True,,shares many biological functions with humans,biological,functional_conservation,since it shares many biological functions with humans,1.0,False,2,1.0,5.136575,0.94011265
37298247,S. cerevisiae,2023,Int J Mol Sci,yeast_model_organism,True,True,,S. cerevisiae is used as a fungal model organism for comparison,biological,model_organism,compared to the fungal model organism Saccharomyces cerevisiae,1.0,False,2,1.0,3.319782,2.8341208
37285383,S. cerevisiae,2023,PLoS Pathog,yeast_model_organism,True,True,,S. cerevisiae provides powerful genetic tools for studying virus‑host interactions,technical,genetic_tools,using the powerful genetic tools available for the model organism S. cerevisiae,1.0,False,2,1.0,4.165337,2.7102726
37285383,S. cerevisiae,2023,PLoS Pathog,yeast_model_organism,True,True,,"ScPVs are stably maintained and can be transferred to haploid progeny, enabling future studies",technical,stable_maintenance,"ScPVs were stably maintained during laboratory growth and were successfully transferred to haploid progeny after sporulation, which provides future opportunities to study partitivirus-host interactions",1.0,False,2,1.0,4.5089707,2.6296184
37258965,S. cerevisiae,2023,Methods Mol Biol,yeast_model_organism,True,True,,S. cerevisiae tolerates several stress conditions,biological,stress_tolerance,it tolerates several stress conditions,1.0,False,2,0.9892745402502683,4.5723786,1.968509
37258965,S. cerevisiae,2023,Methods Mol Biol,yeast_model_organism,True,True,,S. cerevisiae better expresses insoluble proteins than bacterial systems,technical,insoluble_protein_expression,is known to better express insoluble proteins compared to bacterial systems,1.0,False,2,1.0,4.182878,1.1033239
37249971,S. cerevisiae,2023,Comput Struct Biotechnol J,yeast_model_organism,True,True,,"It expresses only a single GPCR, simplifying the synthetic signaling system.",biological,single_GPCR,"it expresses just one G-Protein Coupled Receptor (GPCR), Ste2, able to recognize pheromone and initiate the expression of pheromone-dependent genes",1.0,False,3,0.6720869922999793,7.6888227,2.2022579
37238603,S. cerevisiae,2023,Biomolecules,yeast_model_organism,True,True,,It is widely used because its fundamental cellular processes are conserved in complex multicellular organisms like humans.,biological,conserved_cellular_processes,"a common model organism used to study fundamental cellular processes that are conserved in complex multicellular organisms, such as humans",1.0,False,2,0.7937860037438814,5.5175433,1.7239423
37175754,S. cerevisiae,2023,Int J Mol Sci,yeast_model_organism,True,True,,An NAD(+) intermediate-specific genetic system had already been established in S. cerevisiae,technical,genetic_tool_availability,By employing an NAD(+) intermediate-specific genetic system established in the model organism S. cerevisiae,1.0,False,2,1.0,4.4128027,2.543101
37175502,S. cerevisiae,2023,Int J Mol Sci,yeast_model_organism,True,True,,S. cerevisiae is an excellent model for molecular genetic studies of genome stability,biological,model_organism,"Baker's yeast, S. cerevisiae, is an excellent model organism exploited for molecular genetic studies of the mechanisms of genome stability in eukaryotes.",1.0,False,2,1.0,4.627819,2.7888072
37168390,S. cerevisiae,2023,Front Cell Infect Microbiol,yeast_model_organism,True,True,,its Hsf1 mechanism is well studied,technical,well_studied_mechanism,"In Saccharomyces cerevisiae, a model organism, Hsf1's working mechanism has been intensively examined.",1.0,False,2,1.0,4.750124,2.2528932
37166637,S. cerevisiae,2023,Methods Mol Biol,yeast_model_organism,True,True,,"It is a powerful model organism for studying the import, folding, and assembly of mitochondrial ribosomal proteins.",biological,model_organism,"served as a powerful model organism to unravel the different steps by which MRPs are imported into mitochondria, fold into their native structures, and assemble into functional ribosomes",1.0,False,2,1.0,5.893681,1.7714894
37098949,S. cerevisiae,2023,Microbiol Spectr,yeast_model_organism,True,True,,Yeast is used because it serves as the model organism for studying selenium biology,biological,model_organism,Yeast is the model organism for studying the biological role of selenium,1.0,False,2,1.0,3.5077136,2.6165807
37080482,S. cerevisiae,2023,Metab Eng,yeast_model_organism,True,True,,It is an important model organism and a workhorse in bioproduction.,biological,model_organism,Saccharomyces cerevisiae is an important model organism and a workhorse in bioproduction.,1.0,False,3,1.0,8.381233,3.4477715
37076048,S. cerevisiae,2023,Mol Cell Proteomics,yeast_model_organism,True,True,,It is a widely-used eukaryotic model organism and a promising cell factory for industry,biological,model_organism,widely-used eukaryotic model organism and a promising cell factory for industry,1.0,False,3,1.0,8.352253,3.5014696
37024702,S. cerevisiae,2023,Methods Mol Biol,yeast_model_organism,True,True,,high efficiency of homologous recombination enables heterologous expression,technical,homologous_recombination_efficiency,S. cerevisiae exhibits efficient rates of homologous recombination making it amendable for heterologous expression,1.0,False,6,0.8694186726290047,10.678654,2.9481072
37024702,S. cerevisiae,2023,Methods Mol Biol,yeast_model_organism,True,True,,"the organism is susceptible, allowing assessment of antifungal susceptibility changes",biological,antifungal_susceptibility,represents a susceptible organism that can be used to determine changes in antifungal susceptibilities,1.0,False,2,1.0,3.4016607,1.6725143
36915383,S. cerevisiae,2023,Comput Struct Biotechnol J,yeast_model_organism,True,True,,It is a well‑characterized and popular model for studying histone modifications and chromatin inheritance,biological,well_characterized,well-characterized and popular model system for investigating histone modifications and the inheritance of chromatin states,1.0,False,2,0.7584969433093848,5.2055416,2.9806182
36915383,S. cerevisiae,2023,Comput Struct Biotechnol J,yeast_model_organism,True,True,,Data from this organism have yielded essential information for understanding epigenetic interactions in eukaryotes,biological,epigenetic_insight,The data obtained from this model organism have provided essential and critical information for understanding the complexity of epigenetic interactions and regulation in eukaryotes,1.0,False,2,1.0,4.863538,2.8382466
36912239,S. cerevisiae,2023,Essays Biochem,yeast_model_organism,True,True,,easy genetic manipulation,biological,genetic_manipulation,ease of genetic manipulation,1.0,False,3,1.0,5.3310466,4.8765764
36912239,S. cerevisiae,2023,Essays Biochem,yeast_model_organism,True,True,,rapid growth rate,biological,growth_rate,rapid growth rate,1.0,False,3,1.0,5.864413,5.1051364
36912239,S. cerevisiae,2023,Essays Biochem,yeast_model_organism,True,True,,similarity to higher eukaryotes,biological,phylogenetic_similarity,relative similarity to higher eukaryotes,1.0,False,2,1.0,5.2601576,1.2806221
36912239,S. cerevisiae,2023,Essays Biochem,yeast_model_organism,True,True,,historical importance in discovering protein functions relevant to human health,historical,research_impact,"Historically, Saccharomyces cerevisiae has played a major role in discovering the function of complex proteins and pathways that are important for human health and disease",1.0,False,-1,0.0,9.028322,2.5996456
36861989,S. cerevisiae,2023,mBio,yeast_model_organism,True,True,,"The pH‑dependent MAPK response is conserved in the fungal model organism Saccharomyces cerevisiae, so it was used for comparative analysis.",technical,conserved_response,this response is conserved in the fungal model organism Saccharomyces cerevisiae,1.0,False,2,1.0,4.4711614,2.1483572
36841230,S. cerevisiae,2023,Metallomics,yeast_model_organism,True,True,,S. cerevisiae provides an insightful model organism to test the new antimicrobial nanomaterials,biological,model_organism,Saccharomyces cerevisiae provides an insightful model organism to test these new materials,1.0,False,2,1.0,3.2936907,1.8846182
36829151,S. cerevisiae,2023,BMC Genomics,yeast_model_organism,True,True,,"S. cerevisiae is chosen because its stress response has been extensively studied, providing a well‑characterized model for further investigation.",biological,stress_response,The stress response of Saccharomyces cerevisiae has been extensively studied in the past decade.,1.0,False,2,1.0,4.4574566,2.212558
36708363,S. cerevisiae,2023,Curr Protoc,yeast_model_organism,True,True,,It is a model organism where many gene expression control methods are already widely practiced,technical,existing_methods,a number of methods to control gene expression are widely practiced,1.0,False,3,1.0,7.568076,2.8007684
36650116,S. cerevisiae,2023,ACS Synth Biol,yeast_model_organism,True,True,,Many gene expression knockdown tools have already been developed and characterized in S. cerevisiae,technical,tool_availability,Numerous tools for gene expression knockdown have been developed and characterized in the model organism Saccharomyces cerevisiae,1.0,False,2,1.0,4.4686446,3.1288242
36613877,S. cerevisiae,2022,Int J Mol Sci,yeast_model_organism,True,True,,Yeast mutants with known phenotypes enable assessment of human PANK gene function and conservation,biological,phenotypic_assay,"Here we used three yeast mutants carrying missense mutations in the yeast PanK gene, CAB1, which are associated with defective growth at high temperature and iron, mitochondrial dysfunction, increased iron content, and oxidative stress, to assess the cellular function of human PANK genes and functional conservation of the CoA-controlled processes between humans and yeast.",1.0,False,2,1.0,3.4451206,1.4102225
36607068,S. cerevisiae,2023,Genetics,yeast_model_organism,True,True,,It is an early-established model organism knowledgebase,historical,early_knowledgebase,one of the first model organism knowledgebases,1.0,False,3,1.0,7.2630925,4.2782087
36533830,S. cerevisiae,2022,J Vis Exp,yeast_model_organism,True,True,,"widely used model organism in genetics, evolution, and molecular biology",historical,established_model,"Saccharomyces cerevisiae is a widely used model organism in genetics, evolution, and molecular biology.",1.0,False,3,1.0,7.8495836,3.4916878
36533830,S. cerevisiae,2022,J Vis Exp,yeast_model_organism,True,True,,ease of performing evolution experiments,technical,experimental_convenience,The ease of performing evolution experiments ... allow for the study of the evolution of reproductive barriers.,0.703,False,3,1.0,5.448895,4.9442577
36533830,S. cerevisiae,2022,J Vis Exp,yeast_model_organism,True,True,,short generation time enables study of reproductive barriers,biological,growth_kinetics,the short generation time of the organism allow for the study of the evolution of reproductive barriers.,1.0,False,-1,0.0,5.171203,4.364895
36529401,S. cerevisiae,2023,Biochim Biophys Acta Mol Cell Res,yeast_model_organism,True,True,,"S. cerevisiae was chosen as a eukaryotic model organism to study TEMPO effects on physiology, lifespan, and transcription",technical,model_organism_selection,"eukaryotic model organism, namely the Saccharomyces cerevisiae yeast",1.0,False,2,1.0,4.0167284,2.468258
36454288,S. cerevisiae,2023,Amino Acids,yeast_model_organism,True,True,,"Stress signaling pathways are well conserved among eukaryotes, making yeast an ideal model organism.",biological,conserved_stress_signaling,"Since stress signaling pathways are well conserved among eukaryotes, yeast is an ideal model organism to study the implications of PRMTs and methylarginines during stress.",1.0,False,2,0.9258699353678329,4.6463003,1.895402
36425962,S. cerevisiae,2022,Data Brief,yeast_model_organism,True,True,,chosen because cell cycle mechanisms are conserved across evolution,biological,conserved_mechanisms,This dataset is of broad interest as the molecular mechanisms governing cell cycle progression are conserved throughout evolution.,1.0,False,2,0.8465326061249795,5.4403543,1.6828848
36398741,S. cerevisiae,2022,FEMS Yeast Res,yeast_model_organism,True,True,,"It is the primary model organism for yeast research, and its physiology is used to extrapolate to other yeasts.",biological,model_organism,"Saccharomyces cerevisiae is the model organism to most yeast researchers, and information obtained from its physiology is generally extrapolated to other yeasts.",1.0,False,2,1.0,3.8199112,2.041989
36367334,S. cerevisiae,2022,ACS Synth Biol,yeast_model_organism,True,True,,It is an important model organism and chassis,technical,chassis,important model organism and chassis Saccharomyces cerevisiae,1.0,False,3,1.0,7.4407945,3.5323048
36321881,S. cerevisiae,2022,Bioinformatics,yeast_model_organism,True,True,,Saccharomyces cerevisiae was chosen because it is a well‑studied yeast model organism,biological,model_organism,a well-studied yeast model organism,1.0,False,2,1.0,3.1763475,2.8790085
36267181,S. cerevisiae,2022,Front Microbiol,yeast_model_organism,True,True,,The study used yeast because reverse genetics offers advantages.,technical,reverse_genetics,which was motivated by the benefits of reverse genetics.,1.0,False,2,1.0,3.7538254,2.4868069
36267181,S. cerevisiae,2022,Front Microbiol,yeast_model_organism,True,True,,Yeast was chosen since homologous genes from a common ancestor may share expression similarities.,biological,homology_expression_similarity,the principle that the homologous genes of the common ancestor may have similarities in expression,1.0,False,2,1.0,4.8287296,1.1679633
36245002,S. cerevisiae,2022,BMC Bioinformatics,yeast_model_organism,True,True,,chosen because it is a well‑studied yeast model organism,biological,model_organism,a well‑studied yeast model organism,0.971,False,2,1.0,3.1323895,2.825785
36232965,S. cerevisiae,2022,Int J Mol Sci,yeast_model_organism,True,True,,ease of manipulation,technical,genetic_manipulation,its ease of manipulation,1.0,False,3,1.0,5.4323964,5.0885425
36232965,S. cerevisiae,2022,Int J Mol Sci,yeast_model_organism,True,True,,well‑annotated genome,technical,genome_annotation,well‑annotated genome,0.952,False,3,0.9307867168907779,6.2702103,3.7683334
36232965,S. cerevisiae,2022,Int J Mol Sci,yeast_model_organism,True,True,,expansive molecular toolbox,technical,molecular_toolbox,expansive molecular toolbox,1.0,False,3,1.0,6.568831,3.0844162
36232965,S. cerevisiae,2022,Int J Mol Sci,yeast_model_organism,True,True,,strong conservation of basic eukaryotic biology,biological,conserved_biology,its strong conservation of basic eukaryotic biology,1.0,False,2,0.9939518861861616,5.472454,1.5086832
36190134,S. cerevisiae,2022,mSphere,yeast_model_organism,True,True,,Saccharomyces cerevisiae is a well‑established model organism,technical,established_model,well‑established model organism Saccharomyces cerevisiae,0.964,False,2,1.0,3.5802145,3.3992372
36190134,S. cerevisiae,2022,mSphere,yeast_model_organism,True,True,,Yeast research commonly uses conventional fluorescent protein tags and small epitope tags,technical,common_tag_usage,"In yeast research, conventional fluorescent protein tags and small epitope tags are widely used",1.0,False,2,0.9483451422937543,3.803551,1.6280069
36181361,S. cerevisiae,2022,Aging Cell,yeast_model_organism,True,True,,has a relatively short lifespan,biological,short_lifespan,has relatively short lifespan,1.0,False,2,0.7286354421822026,5.012773,3.792239
36181361,S. cerevisiae,2022,Aging Cell,yeast_model_organism,True,True,,is genetically tractable,technical,genetic_tractability,is genetically tractable,1.0,False,3,1.0,4.7572284,5.199074
36129294,S. cerevisiae,2022,mBio,yeast_model_organism,True,True,,S. cerevisiae is a popular industrial and model organism,technical,model_organism_popularity,"Saccharomyces cerevisiae, a popular industrial and model organism",1.0,False,2,1.0,3.8792033,3.3272185
36129294,S. cerevisiae,2022,mBio,yeast_model_organism,True,True,,It has a typical eukaryotic genome with high genetic redundancy,biological,genetic_redundancy,has a typical eukaryotic genome characterized by a high genetic redundancy,1.0,False,3,0.9255351286787484,6.708767,4.0022554
36120300,S. cerevisiae,2022,Front Pharmacol,yeast_model_organism,True,True,,Yeast is a simplified eukaryotic model that shares similarities with human cellular processes,biological,eukaryotic_similarity,"As a simplified eukaryotic model, yeast serves as a versatile tool to examine functional property of bioactive compounds and to gain better understanding of fundamental cellular processes, because they share similarities with the processes in humans.",1.0,False,2,1.0,4.878444,1.3813041
36120300,S. cerevisiae,2022,Front Pharmacol,yeast_model_organism,True,True,,"Aging is well conserved between yeast and humans, making yeast a powerful tool for studying anti‑aging compounds",biological,conserved_aging,"In fact, aging is a well-conserved phenomenon between yeast and humans, making yeast a powerful genetic tool to examine functional properties of key compounds obtained from plant extracts.",1.0,False,2,1.0,3.522932,1.0229418
36055214,S. cerevisiae,2022,Am J Hum Genet,yeast_model_organism,True,True,,important model organism for mitochondrial osmotic regulation,biological,mitochondrial_osmoregulation,which is an important model organism for mitochondrial osmotic regulation,1.0,False,2,1.0,5.924074,1.7604617
35999198,S. cerevisiae,2022,Nat Commun,yeast_model_organism,True,True,,Conserved enzymes and cofactors make S. cerevisiae a useful model organism,biological,conserved_mechanisms,"The numerous enzymes and cofactors involved in eukaryotic DNA replication are conserved from yeast to human, and the budding yeast Saccharomyces cerevisiae (S.c.) has been a useful model organism for these studies.",1.0,False,2,1.0,3.828911,2.6054597
35950759,S. cerevisiae,2022,mSystems,yeast_model_organism,True,True,,"S. cerevisiae is a well‑studied, major workhorse providing existing knowledge that can be transferred to S. pombe",technical,knowledge_transfer,we leverage existing knowledge of S. cerevisiae to generate a manually curated high-quality reconstruction of S. pombe's metabolic network,1.0,False,2,1.0,4.1752744,3.1382008
35950759,S. cerevisiae,2022,mSystems,yeast_model_organism,True,True,,"S. cerevisiae is a major workhorse in metabolism research and industrial applications, making it a useful reference for the lesser‑studied S. pombe",technical,model_organism_selection,"unlike the baker's yeast, Saccharomyces cerevisiae, a major workhorse in these areas",1.0,False,2,1.0,4.222926,3.1146896
35898904,S. cerevisiae,2022,Front Microbiol,yeast_model_organism,True,True,,S. cerevisiae was chosen because it is a well‑known model organism that does not degrade lignocellulose,technical,model_organism,a well-known model organism unable to degrade lignocellulose,1.0,False,2,1.0,3.1322181,2.8850753
35796990,S. cerevisiae,2022,Methods Mol Biol,yeast_model_organism,True,True,,It is a eukaryotic model organism.,biological,model_organism,eukaryotic model organism Saccharomyces cerevisiae,1.0,False,3,1.0,6.927287,3.7158623
35776712,S. cerevisiae,2022,PLoS Comput Biol,yeast_model_organism,True,True,,"Yeast is generally harmless to prion proteins, making it an ideal model for studying protein dynamics of these diseases",biological,harmlessness,but are generally harmless to Baker's yeast (Saccharomyces cerevisiae). This makes yeast an ideal model organism for investigating the protein dynamics associated with these diseases.,1.0,False,2,1.0,4.202121,0.97033536
35712810,S. cerevisiae,2022,FEBS Open Bio,yeast_model_organism,True,True,,It is an important model organism and typical fungal representative for eukaryote studies,biological,model_organism,Saccharomyces cerevisiae is an important model organism and a typical fungal representative for studies of eukaryotes.,1.0,False,3,1.0,7.165769,3.2327244
35708612,S. cerevisiae,2022,G3 (Bethesda),yeast_model_organism,True,True,,Its genetic tractability makes it a key model organism,biological,genetic_tractability,The genetic tractability of the yeast Saccharomyces cerevisiae has made it a key model organism,1.0,False,3,1.0,4.86506,4.869141
35688911,S. cerevisiae,2022,Sci Rep,yeast_model_organism,True,True,,Saccharomyces cerevisiae is used because it is a eukaryotic model organism,biological,model_organism,eukaryotic model organism Saccharomyces cerevisiae,1.0,False,2,1.0,3.2896187,2.784092
35678541,S. cerevisiae,2022,RNA Biol,yeast_model_organism,True,True,,S. cerevisiae is the best-studied organism for ribosome biogenesis and RNA helicase roles,technical,well_studied,is the organism in which ribosome biogenesis and the role of RNA helicases in this process is best studied,1.0,False,2,1.0,4.783498,2.5548735
35651815,S. cerevisiae,2022,Front Mol Biosci,yeast_model_organism,True,True,,availability of published kinetic models and proteomics/fluxomics datasets,technical,data_availability,by combining published kinetic models and calibrating the model parameters to published proteomics and fluxomics datasets,1.0,False,3,1.0,5.990106,3.26425
35644909,S. cerevisiae,2022,Angew Chem Int Ed Engl,yeast_model_organism,True,True,,to explore an alternative life form,technical,model_organism_selection,"To explore this alternative life form, we created a model organism Saccharomyces cerevisiae",1.0,False,2,1.0,3.2542791,0.44625476
35581201,S. cerevisiae,2022,Sci Data,yeast_model_organism,True,True,,It serves as a model organism for studying colony-scale morphology.,biological,colony_morphology,Baker's yeast (Saccharomyces cerevisiae) is a model organism for studying the morphology that emerges at the scale of multi-cell colonies.,1.0,False,3,1.0,7.583961,2.992644
35497361,S. cerevisiae,2022,Front Bioeng Biotechnol,yeast_model_organism,True,True,,widely used in industrial biotechnology,technical,industrial_biotechnology,a eukaryotic model organism widely used in industrial biotechnology,1.0,False,3,1.0,9.03223,3.4995444
35455001,S. cerevisiae,2022,Life (Basel),yeast_model_organism,True,True,,S. cerevisiae is considered an ideal host for metabolic engineering to produce value-added chemicals.,biological,metabolic_engineering,considered ideal hosts for metabolic engineering to produce value-added chemicals,1.0,False,2,0.9668236567759582,4.0549617,3.3637187
35404229,S. cerevisiae,2022,Elife,yeast_model_organism,True,True,,larger mitochondrial genome,biological,mtDNA_size,its much larger mtDNA,1.0,False,2,0.9950693258967541,5.70546,2.9176881
35404229,S. cerevisiae,2022,Elife,yeast_model_organism,True,True,,ease of artificially competing mutant and wild-type mtDNA copies,technical,mtDNA_competition,ease of artificially competing mutant and wild-type mtDNA copies in cells,1.0,False,2,1.0,5.778804,1.9662902
35361237,S. cerevisiae,2022,J Nanobiotechnology,yeast_model_organism,True,True,,S. cerevisiae is favored because versatile microfluidic chips enable cell dynamics assays and replicative lifespan determination at single-cell resolution,technical,microfluidic_compatibility,thanks to versatile microfluidic chips for cell dynamics assay and replicative lifespan (RLS) determination at single-cell resolution,1.0,False,2,1.0,4.5828853,2.5206363
35351659,S. cerevisiae,2022,J Proteomics,yeast_model_organism,True,True,,Yeast is a widely used model organism for studying higher eukaryotes,biological,model_organism,The single-celled eukaryote yeast is a widely used model organism for higher eukaryotes,1.0,False,2,1.0,3.8853934,1.9489654
35351659,S. cerevisiae,2022,J Proteomics,yeast_model_organism,True,True,,Yeast serves as a cell factory because it can grow efficiently under both aerobic and anaerobic conditions,economic,cell_factory_growth,yeast is a widely employed cell factory because it is one of the few eukaryotic organisms that can efficiently grow under both aerobic and anaerobic conditions,1.0,False,2,0.8478834121283099,4.157355,2.490203
35351659,S. cerevisiae,2022,J Proteomics,yeast_model_organism,True,True,,"Yeast has a strong cell wall, making it relevant for evaluating sample preparation protocols",technical,cell_wall_strength,"when working with unicellular organisms with strong cell walls, such as found in the model organism and cell factory Saccharomyces cerevisiae",1.0,False,2,1.0,3.868722,2.1618738
35333620,S. cerevisiae,2022,CRISPR J,yeast_model_organism,True,True,,It is a well-established model organism,biological,model_organism,"well-established model organism: baker's yeast, Saccharomyces cerevisiae",1.0,False,3,1.0,7.2425823,4.2790165
35269484,S. cerevisiae,2022,Cells,yeast_model_organism,True,True,,yeast is used because it serves as an aging model organism,biological,model_organism,using yeast as an aging model organism,1.0,False,2,1.0,3.3705018,0.7371543
35205876,S. cerevisiae,2022,J Fungi (Basel),yeast_model_organism,True,True,,It is an important model organism for studying eukaryotic cell biology.,biological,eukaryotic_cell_biology,Baker's yeast Saccharomyces cerevisiae is an important model organism that is applied to study various aspects of eukaryotic cell biology.,1.0,False,3,1.0,7.1804004,3.1141076
35124045,S. cerevisiae,2022,Sci Total Environ,yeast_model_organism,True,True,,S. cerevisiae was chosen because it serves as a eukaryote model organism for studying toxic effects of paraquat metabolites,biological,model_organism,eukaryote model organism using Saccharomyces cerevisiae,1.0,False,2,1.0,3.3914735,2.2829707
35062691,S. cerevisiae,2021,Vaccines (Basel),yeast_model_organism,True,True,,chosen because it is a popular model organism,historical,model_organism,"Saccharomyces cerevisiae, a popular model organism",1.0,False,3,1.0,7.896605,3.8084435
35049969,S. cerevisiae,2021,J Fungi (Basel),yeast_model_organism,True,True,,"Purine auxotrophy is common in eukaryotic parasites and typical in budding yeast, making S. cerevisiae a suitable model",biological,purine_auxotrophy,Purine auxotrophy is an abundant trait among eukaryotic parasites and a typical marker for many budding yeast strains.,1.0,False,2,1.0,3.9291303,2.3117433
34978383,S. cerevisiae,2022,J Biophotonics,yeast_model_organism,True,True,,It is attractive for use in the fermentation industry,economic,fermentation_industry,Saccharomyces cerevisiae is an attractive organism used in the fermentation industry,1.0,False,3,0.9750659638384199,9.048231,3.6291194
34978383,S. cerevisiae,2022,J Biophotonics,yeast_model_organism,True,True,,It serves as an important model organism for virus research,biological,virus_research,is an important model organism for virus research,1.0,False,3,1.0,7.670295,3.3154984
34933452,S. cerevisiae,2021,mBio,yeast_model_organism,True,True,,It is used because it serves as a model organism for aging and longevity studies.,biological,aging_longevity,Saccharomyces cerevisiae is a model organism for aging and longevity studies.,1.0,False,2,1.0,3.2967613,0.49075335
34897464,S. cerevisiae,2022,Genetics,yeast_model_organism,True,True,,to provide fundamental understanding of eukaryotic genetics and cellular processes,biological,eukaryotic_genetics,"Saccharomyces cerevisiae is used to provide fundamental understanding of eukaryotic genetics, gene product function, and cellular biological processes.",1.0,False,3,1.0,6.7657886,2.84743
34786677,S. cerevisiae,2022,Methods Mol Biol,yeast_model_organism,True,True,,It is a frequently used model organism,biological,common_model,as a frequently used model organism,1.0,False,3,1.0,7.89264,3.6402788
34725148,S. cerevisiae,2021,Proc Natl Acad Sci U S A,yeast_model_organism,True,True,,to identify and characterize an iron homeostasis mechanism of action,technical,mechanism_of_action,to identify and characterize an iron homeostasis mechanism of action,1.0,False,3,0.6615641423099002,7.805208,2.133695
34725148,S. cerevisiae,2021,Proc Natl Acad Sci U S A,yeast_model_organism,True,True,,to emulate its traditional use as an unfractionated entity,technical,methodology,as an unfractionated entity to emulate its traditional use,1.0,False,3,0.770187677077061,6.3709087,2.510362
34683364,S. cerevisiae,2021,Microorganisms,yeast_model_organism,True,True,,It is a traditional model organism with a strong track record in eukaryotic biology,historical,traditional_model,Yeast Saccharomyces cerevisiae is a traditional model organism with unprecedented impact on our understanding of many fundamental processes in eukaryotic cells.,1.0,False,3,1.0,6.7525225,3.2231479
34683364,S. cerevisiae,2021,Microorganisms,yeast_model_organism,True,True,,It is exceptionally well suited for studying mitochondrial carriers,technical,mitochondrial_carrier_study,"As such, the yeast is also exceptionally well suited for investigation of mitochondrial carriers.",1.0,False,2,1.0,5.9272337,1.7983911
34627377,S. cerevisiae,2021,Cell Biosci,yeast_model_organism,True,True,,The budding yeast model enables single‑cell approaches to study telomerase‑negative cells.,technical,single_cell_approach,Experimental data using single-cell approaches in the budding yeast model organism show that telomerase-negative cells often experience...,0.957,False,2,0.8812847907646214,4.0991106,1.4477243
34576779,S. cerevisiae,2021,Microorganisms,yeast_model_organism,True,True,,Yeast has a foundational role in discovering cleavage and polyadenylation mechanisms and APA drivers,biological,foundational_role,Given the foundational role that research in this yeast has played in the discovery of the mechanisms of cleavage and polyadenylation and in the drivers of APA,1.0,False,2,1.0,3.8913944,1.4695868
34573285,S. cerevisiae,2021,Genes (Basel),yeast_model_organism,True,True,,its genetic tractability,biological,genetic_tractability,"Due to its genetic tractability, the yeast Saccharomyces cerevisiae represents a valuable model organism",1.0,False,3,1.0,4.7938123,5.2962985
34568775,S. cerevisiae,2021,MicroPubl Biol,yeast_model_organism,True,True,,S. cerevisiae is a well‑studied model organism,technical,well_studied_model,well‑studied model organism Saccharomyces cerevisiae,0.962,False,2,1.0,3.7395732,3.1748555
34568775,S. cerevisiae,2021,MicroPubl Biol,yeast_model_organism,True,True,,CaORC proteins share domain similarity with S. cerevisiae ORC proteins,biological,protein_similarity,domain architecture of CaORC proteins share similarities with the ORC proteins of S. cerevisiae,1.0,False,2,1.0,4.918318,1.0924404
34544138,S. cerevisiae,2021,G3 (Bethesda),yeast_model_organism,True,True,,S. cerevisiae is used because it is an established model organism for studying quantitative traits,biological,quantitative_traits,"The budding yeast Saccharomyces cerevisiae has become a model organism for studying quantitative traits, successfully increasing our knowledge in many aspects.",1.0,False,2,1.0,3.939995,2.701416
34542849,S. cerevisiae,2022,Methods Mol Biol,yeast_model_organism,True,True,,It is an appealing model organism for studying actin cytoskeleton organization and function,biological,actin_cytoskeleton,is an appealing model organism to study the organization and function of the actin cytoskeleton,1.0,False,3,1.0,7.2329044,3.0301695
34542848,S. cerevisiae,2022,Methods Mol Biol,yeast_model_organism,True,True,,It is widely used as a model organism in biological research,biological,model_organism_popularity,widely used as a model organism in biological research,1.0,False,3,1.0,7.8959255,3.41128
34440294,S. cerevisiae,2021,Genes (Basel),yeast_model_organism,True,True,,chosen because it serves as a model organism for studying iron homeostasis,biological,iron_homeostasis,used as a model organism for iron homeostasis studies,1.0,False,3,1.0,7.8305883,2.5439124
34440294,S. cerevisiae,2021,Genes (Basel),yeast_model_organism,True,True,,chosen due to its role as a food supplement and fermentative microorganism in the food industry,economic,food_industry,also as a food supplement and fermentative microorganism in the food industry,1.0,False,3,0.8633278097193958,9.110884,3.6293843
34431694,S. cerevisiae,2021,mSphere,yeast_model_organism,True,True,,S. cerevisiae is an important model organism,biological,model_organism,the important model organism Saccharomyces cerevisiae,1.0,False,2,1.0,3.6041555,3.094797
34356487,S. cerevisiae,2021,Biology (Basel),yeast_model_organism,True,True,,It is a conventional yeast widely used for fatty acid synthesis,biological,model_organism_suitability,Conventional yeast Saccharomyces cerevisiae is one of the models used for FA synthesis.,1.0,False,-1,0.0,9.901245,0.54645234
34356487,S. cerevisiae,2021,Biology (Basel),yeast_model_organism,True,True,,"It is suitable as a model organism and a great candidate for producing biomolecules, especially fatty acids",biological,model_organism_candidate,"making it suitable as a model organism and a great candidate for the production of biomolecules, especially FAs.",1.0,False,3,0.9025661381049204,8.723424,3.283273
34303549,S. cerevisiae,2022,Trends Biotechnol,yeast_model_organism,True,True,,widely used as a cell factory,economic,cell_factory,widely used as a cell factory,1.0,False,3,1.0,8.508521,3.5630293
34303549,S. cerevisiae,2022,Trends Biotechnol,yeast_model_organism,True,True,,important eukaryal model for studying cellular physiology related to human health and disease,biological,human_health_model,important eukaryal model organism for studying cellular physiology related to human health and disease,1.0,False,3,1.0,7.096593,2.9418051
34303549,S. cerevisiae,2022,Trends Biotechnol,yeast_model_organism,True,True,,first eukaryal organism with a genome-scale metabolic model,historical,first_GEM,first eukaryal organism for which a genome-scale metabolic model (GEM) was developed,1.0,False,3,0.907816224597041,6.476943,3.7483966
34297314,S. cerevisiae,2021,Geroscience,yeast_model_organism,True,True,,S. cerevisiae is a premier model for identifying genetic and molecular factors that modulate cellular aging and for evaluating longevity interventions,biological,aging_mechanisms,has served as a premier model organism for identifying genetic and molecular factors that modulate cellular aging and is a powerful system in which to evaluate candidate longevity interventions,1.0,False,2,1.0,3.5555115,1.1605973
34097566,S. cerevisiae,2021,Virulence,yeast_model_organism,True,True,,S. cerevisiae is used because septin roles have already been identified in this model organism,biological,reference_model,the roles played by septins were identified in the model organism Saccharomyces cerevisiae,1.0,False,2,1.0,3.657551,3.0379338
37744109,S. cerevisiae,2021,Front Fungal Biol,yeast_model_organism,True,True,,S. cerevisiae is an important model organism for investigating aging processes,biological,aging_studies,Saccharomyces cerevisiae has become an important model organism for the investigation of these processes.,1.0,False,2,1.0,3.4401007,0.8323127
37744109,S. cerevisiae,2021,Front Fungal Biol,yeast_model_organism,True,True,,Yeast is used in industrial processes such as beer and wine production,economic,industrial_application,Yeast is used in industrial processes (beer and wine production),1.0,False,-1,0.0,4.1323323,3.509621
34043202,S. cerevisiae,2021,Methods Mol Biol,yeast_model_organism,True,True,,It is amenable to genetic analysis and cell biology,biological,genetic_analysis,amenable both to genetic analysis and cell biology,1.0,False,3,1.0,5.2657275,4.1301174
34043202,S. cerevisiae,2021,Methods Mol Biol,yeast_model_organism,True,True,,It provides platforms to examine pathogenic proteins involved in human diseases,technical,protein_analysis_platform,yeast has provided platforms to examine the properties of pathogenic proteins involved in human diseases,1.0,False,3,0.8604823540327964,6.7423706,2.466998
34033682,S. cerevisiae,2021,Yeast,yeast_model_organism,True,True,,Yeast is a versatile model for investigating kAE1-related research questions,technical,model_system,highlight the versatility of yeast as model to investigate kAE1-related research questions,1.0,False,2,1.0,3.8809452,1.9709665
33969449,S. cerevisiae,2021,World J Microbiol Biotechnol,yeast_model_organism,True,True,,S. cerevisiae is a well-known model organism,historical,established_model,well-known model organism Saccharomyces cerevisiae,1.0,False,2,1.0,3.60694,3.3203797
33950496,S. cerevisiae,2021,Methods Mol Biol,yeast_model_organism,True,True,,widely accepted and well‑studied eukaryotic model organism,historical,model_organism_acceptance,which is a widely accepted and well‑studied eukaryotic model organism,0.957,False,3,1.0,6.7751145,3.8393068
33950496,S. cerevisiae,2021,Methods Mol Biol,yeast_model_organism,True,True,,generally able to synthesize all amino acids on its own (prototrophic),biological,amino_acid_prototrophy,"are generally able to synthesize all amino acids on their own (i.e., prototrophic)",1.0,False,-1,0.0,9.659256,1.4087404
33806931,S. cerevisiae,2021,Bioengineering (Basel),yeast_model_organism,True,True,,It is a model organism,biological,model_organism,based on the model organism Saccharomyces cerevisiae (Sc2.0),1.0,False,3,1.0,7.572992,4.28866
33800717,S. cerevisiae,2021,Molecules,yeast_model_organism,True,True,,suitable for large-scale RNA nanoparticle production,technical,large_scale_production,as a potential model organism for the production of RNA nanoparticles on a large scale,1.0,False,-1,0.0,9.903967,2.6299028
33794429,S. cerevisiae,2021,Chemosphere,yeast_model_organism,True,True,,It is a eukaryotic model organism for studying toxic effects.,biological,eukaryotic_model,Saccharomyces cerevisiae has been used as a eukaryotic model organism for studying the toxic effects of various compounds.,1.0,False,3,1.0,7.0123324,3.5899863
33770579,S. cerevisiae,2021,Biochem Biophys Res Commun,yeast_model_organism,True,True,,to screen mutants of the pleiotropic drug resistance network for susceptibility to cantharidin,technical,genetic_screen,employed Sacharomyces cerevisiae as a model organism and screened mutants of pleiotropic drug resistance network of genes for their susceptibility to cantharidin,1.0,False,2,1.0,3.3463304,1.4568695
33668158,S. cerevisiae,2021,Int J Mol Sci,yeast_model_organism,True,True,,"S. cerevisiae is a traditional model organism that provides extensive knowledge of eukaryotic cellular processes, making it suitable for plasma‑cell interaction studies",biological,model_organism,Yeast Saccharomyces cerevisiae is a traditional model organism with unprecedented impact on our knowledge of processes in eukaryotic cells.,1.0,False,2,1.0,4.150679,2.44333
33668157,S. cerevisiae,2021,Int J Mol Sci,yeast_model_organism,True,True,,to better understand human diseases,biological,disease_modeling,"To better understand human diseases, Saccharomyces cerevisiae yeast are used as a model organism.",1.0,False,3,0.965474788123255,6.8020043,2.5077212
33659389,S. cerevisiae,2020,Bio Protoc,yeast_model_organism,True,True,,S. cerevisiae is considered a valuable model for studying ion homeostasis,historical,longstanding_use,has been perceived over decades as a highly valuable model organism for the investigation of ion homeostasis,1.0,False,2,1.0,4.3878355,1.973591
33659389,S. cerevisiae,2020,Bio Protoc,yeast_model_organism,True,True,,Genes and systems for ion homeostasis in S. cerevisiae are conserved across eukaryotes including humans,biological,conserved_genes,many of the genes and biological systems that function in yeast ion homeostasis are conserved throughout unicellular eukaryotes to humans,1.0,False,2,0.9117099885225042,4.495794,1.5841191
33624192,S. cerevisiae,2021,Curr Microbiol,yeast_model_organism,True,True,,It is an ideal model organism for studying molecular mechanisms of metal‑induced stress response.,biological,stress_response_mechanisms,Yeast Saccharomyces cerevisiae is an ideal model organism for studying molecular mechanisms of the stress response provoked by metals.,1.0,False,3,0.7802928850561124,7.444455,2.1805372
33616103,S. cerevisiae,2021,J Vis Exp,yeast_model_organism,True,True,,High conservation of NL synthesis enzymes makes yeast a useful model for studying their function and regulation.,biological,conserved_enzymes,"The enzymes responsible for the synthesis of NLs are highly conserved from Saccharomyces cerevisiae (yeast) to humans, making yeast a useful model organism to dissect the function and regulation of NL metabolism enzymes.",1.0,False,2,1.0,4.228887,2.3890214
33610760,S. cerevisiae,2021,Biochim Biophys Acta Mol Cell Biol Lipids,yeast_model_organism,True,True,,It is an invaluable model organism,biological,model_organism,"invaluable model organism yeast, Saccharomyces cerevisiae",1.0,False,3,1.0,7.4462433,4.1080213
33586710,S. cerevisiae,2021,J Vis Exp,yeast_model_organism,True,True,,ease of genetic manipulation and conserved eukaryotic cellular machinery,biological,genetic_manipulation,The ease of genetic manipulation and the strong evolutionary conservation of eukaryotic cellular machinery in the budding yeast Saccharomyces cerevisiae has made it a pre-eminent genetic model organism.,1.0,False,3,1.0,5.368524,4.957316
33544487,S. cerevisiae,2020,Biol Chem,yeast_model_organism,True,True,,Because many pioneering studies on VLCFA enzymes were performed in S. cerevisiae,historical,pioneering_studies,many of the pioneering studies were performed in the model organism Saccharomyces cerevisiae,1.0,False,2,0.972803269776589,3.6303108,2.8171904
33505376,S. cerevisiae,2020,Front Microbiol,yeast_model_organism,True,True,,S. cerevisiae is chosen because it is the most studied model yeast.,historical,most_studied,the most studied model yeast,1.0,False,2,1.0,3.1733913,2.9274004
33466757,S. cerevisiae,2021,Int J Mol Sci,yeast_model_organism,True,True,,availability of genetic assay and gene editing tools,technical,genetic_tools,The exquisite genetic assay and gene editing tools available for the model organism Saccharomyces cerevisiae facilitate deep exploration of the mechanisms underlying chromosomal rearrangements.,1.0,False,3,1.0,5.584914,4.2512107
33462792,S. cerevisiae,2021,Biol Trace Elem Res,yeast_model_organism,True,True,,It is an eukaryotic unicellular model organism,biological,model_organism,Saccharomyces cerevisiae (budding yeast) is an eukaryotic unicellular model organism.,1.0,False,3,1.0,7.0771127,3.761129
33462792,S. cerevisiae,2021,Biol Trace Elem Res,yeast_model_organism,True,True,,It has provided extensive scientific knowledge about cellular and molecular biology,biological,knowledge_base,It has provided much scientific knowledge about cellular and molecular biology,1.0,False,3,1.0,6.4786334,3.1262982
33462792,S. cerevisiae,2021,Biol Trace Elem Res,yeast_model_organism,True,True,,It offers economic benefits,economic,economic_benefits,in addition to its economic benefits,1.0,False,3,1.0,8.880656,3.5556414
33377118,S. cerevisiae,2020,STAR Protoc,yeast_model_organism,True,True,,its asymmetric division enables study of phenotype maintenance and inheritance,biological,asymmetric division,due to its asymmetric division,1.0,False,2,1.0,5.417552,2.0747511
33315917,S. cerevisiae,2020,PLoS One,yeast_model_organism,True,True,,"S. cerevisiae septins are essential, providing a well‑characterized model for septin studies",biological,essentiality,In the model organism Saccharomyces cerevisiae septins are essential.,1.0,False,2,0.972919924155557,3.6637638,3.075044
33289547,S. cerevisiae,2021,Anal Chem,yeast_model_organism,True,True,,It is an important model organism for studying eukaryotic cell biology and human biology,biological,model_organism,is an important model organism to understand the biology of the eukaryotic cells and humans,1.0,False,3,1.0,7.225052,3.0403302
33289547,S. cerevisiae,2021,Anal Chem,yeast_model_organism,True,True,,It is attractive for industrial production of value-added products,economic,industrial_production,is one of the most attractive microbial species used for industrial production of value-added products,1.0,False,3,1.0,8.997991,3.529874
33230777,S. cerevisiae,2021,Methods Mol Biol,yeast_model_organism,True,True,,provides opportunities to expand classical systems for mitochondrial translation analysis,technical,methodology,offers possibilities to expand the classical systems to analyze mitochondrial translation,1.0,False,2,1.0,6.013236,1.7822384
33218482,S. cerevisiae,2020,Anal Chim Acta,yeast_model_organism,True,True,,It is a widely used eukaryotic model organism for studying fundamental cellular processes and disease mechanisms.,biological,fundamental_cellular_processes,widely used for the investigation of fundamental cellular processes and disease mechanisms,1.0,False,3,1.0,7.106096,2.864848
33195154,S. cerevisiae,2020,Front Bioeng Biotechnol,yeast_model_organism,True,True,,It serves as an important synthetic biology chassis for high-value metabolite production.,technical,synthetic_biology_chassis,"The model organism, baker's yeast (Saccharomyces cerevisiae) is an important synthetic biology chassis for high-value metabolite production.",1.0,False,3,0.7034729338027266,7.5851135,3.5934787
33149159,S. cerevisiae,2020,Nat Commun,yeast_model_organism,True,True,,It is an important industrial microorganism relevant for one‑carbon substrate growth.,economic,industrial_relevance,Saccharomyces cerevisiae is an important industrial microorganism for which growth on one-carbon substrates would be relevant.,1.0,False,2,0.6473478605965443,4.1099796,3.4399855
33149159,S. cerevisiae,2020,Nat Commun,yeast_model_organism,True,True,,It is the preeminent eukaryotic model organism and industrial workhorse.,biological,model_organism,"preeminent eukaryotic model organism and industrial workhorse, S. cerevisiae",1.0,False,3,1.0,7.028253,3.598802
33138786,S. cerevisiae,2020,BMC Genomics,yeast_model_organism,True,True,,"Most genes lack a yeast ortholog, enabling discovery of functions not conserved in S. cerevisiae",biological,gene_conservation,"most genes do not possess a yeast ortholog, suggesting that our analysis will reveal functions that are not conserved in Saccharomyces cerevisiae",1.0,False,2,1.0,4.7466574,1.1487656
33119964,S. cerevisiae,2021,Yeast,yeast_model_organism,True,True,,used as a model organism for cellular and molecular biology studies,biological,model_organism,a model organism for cellular and molecular biology studies,1.0,False,3,1.0,7.7550173,3.0585656
33119964,S. cerevisiae,2021,Yeast,yeast_model_organism,True,True,,has diverse biotechnological applications,technical,biotechnological_applications,a microorganism with diverse biotechnological applications,1.0,False,3,1.0,9.05688,3.5037215
33116258,S. cerevisiae,2020,Sci Rep,yeast_model_organism,True,True,,Extensive evolutionary conservation of copper homeostasis between humans and S. cerevisiae makes it a suitable model,biological,evolutionary_conservation,The observation of extensive evolutionary conservation in copper homeostatic systems between human and Saccharomyces cerevisiae made this organism a suitable model organism for elucidating molecular mechanisms of copper transport and homeostasis.,1.0,False,2,1.0,4.612525,1.238593
33101372,S. cerevisiae,2020,Front Genet,yeast_model_organism,True,True,,its intrinsic sensitivity to oxidative stress,biological,oxidative_stress_sensitivity,"using the model organism, Saccharomyces cerevisiae, with its intrinsic sensitivity to oxidative stress",1.0,False,-1,0.0,7.644073,2.0179203
33096888,S. cerevisiae,2020,Toxins (Basel),yeast_model_organism,True,True,,It was chosen because it serves as a eukaryotic model organism.,biological,eukaryotic_model,using Saccharomyces cerevisiae as eukaryotic model organism,1.0,False,3,0.9908592045963805,7.8789477,4.2436275
33023227,S. cerevisiae,2020,Viruses,yeast_model_organism,True,True,,S. cerevisiae is used as a surrogate host because it lacks crucial plant antiviral mechanisms such as RNA interference (RNAi).,technical,surrogate_host,a surrogate host for TBSV that lacks crucial plant antiviral mechanisms such as RNA interference (RNAi),1.0,False,2,1.0,4.1661735,2.713018
33013818,S. cerevisiae,2020,Front Microbiol,yeast_model_organism,True,True,,It is used as a model organism to study how eukaryotic cells adapt to iron availability changes.,biological,model_organism,The budding yeast Saccharomyces cerevisiae has been used as a model organism to study the adaptation of eukaryotic cells to changes in iron availability.,1.0,False,3,0.9033682170701641,7.7691536,2.4089885
33007436,S. cerevisiae,2020,Environ Toxicol Pharmacol,yeast_model_organism,True,True,,Because S. cerevisiae is a simple eukaryotic model organism,biological,simplicity,simple eukaryotic model organism,1.0,False,2,1.0,3.4967904,3.4018004
35021749,S. cerevisiae,2020,ACS Appl Bio Mater,yeast_model_organism,True,True,,It is used because it is a fungal model organism.,biological,model_organism,"Saccharomyces cerevisiae, a fungal model organism",1.0,False,2,0.9452437048676806,3.3720274,2.60622
32933557,S. cerevisiae,2020,Epigenetics Chromatin,yeast_model_organism,True,True,,"Technical difficulties prevent comprehensive analysis of histone mutations in mammalian spermatogenesis, so yeast is used as an alternative.",technical,experimental_limitations,Technical difficulties exclude comprehensive analysis of precise histone mutations during mammalian spermatogenesis.,1.0,False,2,1.0,4.594016,2.7574487
32933557,S. cerevisiae,2020,Epigenetics Chromatin,yeast_model_organism,True,True,,Saccharomyces cerevisiae has a sporulation pathway that is strikingly similar to mammalian spermatogenesis.,biological,conserved_pathway,The model organism Saccharomyces cerevisiae possesses a differentiation pathway termed sporulation which exhibits striking similarities to mammalian spermatogenesis.,1.0,False,2,1.0,4.99359,1.4709002
32828757,S. cerevisiae,2020,Biochim Biophys Acta Mol Cell Res,yeast_model_organism,True,True,,"Recent work in Saccharomyces cerevisiae led to the discovery of the ER checkpoint, motivating its use as the model organism.",technical,model_organism_selection,recent work in the model organism Saccharomyces cerevisiae that led to the discovery of such a checkpoint,1.0,False,2,1.0,4.364703,2.4299448
32795632,S. cerevisiae,2020,J Microbiol Methods,yeast_model_organism,True,True,,It is an ideal model for analyzing many functional processes and gene activities of human cells.,biological,functional_processes,"According to published data, Saccharomyces cerevisiae is an ideal model organism for analysis a lot of functional processes and gene activities of human cells.",1.0,False,3,1.0,6.7931824,2.4135454
32738156,S. cerevisiae,2020,Yeast,yeast_model_organism,True,True,,It is a widely used model organism and genetics research tool,biological,model_organism,"Saccharomyces cerevisiae, budding yeast, is a widely used model organism and research tool in genetics studies.",1.0,False,3,1.0,7.8448615,3.494358
32656257,S. cerevisiae,2020,Microb Cell,yeast_model_organism,True,True,,genetically tractable model organism,technical,genetic_tractability,a genetically tractable model organism,1.0,False,3,0.8743351015620977,4.799314,4.799826
32526825,S. cerevisiae,2020,Biomolecules,yeast_model_organism,True,True,,It is a powerful yet simple model organism,technical,model_simplicity,powerful yet simple model organism,1.0,False,3,1.0,7.3972936,4.1541142
32526825,S. cerevisiae,2020,Biomolecules,yeast_model_organism,True,True,,Genetic approaches in yeast have identified many lifespan genes relevant to higher eukaryotes,biological,gene_conservation,Genetic approaches using yeast RLS have led to the identification of hundreds of genes impacting lifespan in higher eukaryotes.,1.0,False,2,1.0,3.5526702,0.67166644
32526825,S. cerevisiae,2020,Biomolecules,yeast_model_organism,True,True,,Lifespan-extending interventions in yeast show analogous outcomes in multicellular eukaryotes,biological,conserved_phenotype,"Numerous interventions to extend yeast lifespan showed an analogous outcome in multi-cellular eukaryotes like fruit flies, nematodes, rodents, and humans.",1.0,False,2,1.0,3.5105548,0.7135916
32342338,S. cerevisiae,2020,J Microbiol,yeast_model_organism,True,True,,simple genome structure that is easy to manipulate,technical,genome_manipulation,"Yeast is the most commonly used model organism for studying the function and expression mechanisms of human genes because it has a relatively simple genome structure, which is easy to manipulate.",1.0,False,3,1.0,5.4896326,4.486633
32342338,S. cerevisiae,2020,J Microbiol,yeast_model_organism,True,True,,many conserved genes and expression mechanisms similar to humans,biological,conserved_genes,S. cerevisiae has many conserved genes and expression mechanisms that are similar to those in humans.,1.0,False,2,1.0,5.2110424,0.9289905
32342338,S. cerevisiae,2020,J Microbiol,yeast_model_organism,True,True,,can be used for broader studies such as drug screening,technical,drug_screening,"yeast can be used as a model organism in a broader range of studies, including drug screening.",1.0,False,2,1.0,3.184481,1.7277825
32240705,S. cerevisiae,2020,J Microbiol Methods,yeast_model_organism,True,True,,It is an established model organism with a well characterized genome.,biological,genome_characterization,Saccharomyces cerevisiae is an established model organism with a well characterized genome.,1.0,False,3,1.0,6.980986,4.18447
32202524,S. cerevisiae,2020,J Vis Exp,yeast_model_organism,True,True,,It is a unicellular eukaryote amenable to thorough molecular analyses,biological,unicellular_eukaryote,Because the budding yeast Saccharomyces cerevisiae is a unicellular eukaryote amenable to thorough molecular analyses,1.0,False,3,1.0,7.1110497,3.696585
32178407,S. cerevisiae,2020,Nanomaterials (Basel),yeast_model_organism,True,True,,Yeast is a common model for aging and biotechnology studies,biological,aging_and_biotech,Yeast cells are widely used as a model organism in aging and biotechnology research,1.0,False,2,1.0,3.4839833,0.95975673
32178407,S. cerevisiae,2020,Nanomaterials (Basel),yeast_model_organism,True,True,,Yeast exhibits asymmetric cell division producing distinct mother and daughter cells,biological,asymmetric_cell_division,they are particularly interesting because their asymmetric cell division leads to morphologically different mother and daughter cells,1.0,False,2,1.0,5.2389865,1.9487866
32123702,S. cerevisiae,2020,Data Brief,yeast_model_organism,True,True,,"Yeast is used because it is a model organism, allowing the dataset to serve as a reference for metabolomics studies.",biological,model_organism,"Since yeast is a model organism, the dataset could serve as a reference for yeast metabolomics studies",1.0,False,2,1.0,3.764399,2.6653345
32101377,S. cerevisiae,2020,Wiley Interdiscip Rev RNA,yeast_model_organism,True,True,,S. cerevisiae was chosen as a simplified model organism because higher organisms have complex mRNA localization mechanisms,technical,simplified_model,the complexity of the mechanism and the components of mRNA localization in higher organisms prompted the use of the unicellular organism Saccharomyces cerevisiae as a simplified model organism to study this vital process,1.0,False,2,1.0,3.3087647,3.1805122
32077151,S. cerevisiae,2020,FASEB J,yeast_model_organism,True,True,,"It has a conserved enzymatic core but lacks non‑catalytic activities, making it non‑essential and suitable for studying CSN.",biological,conserved_core_without_non_catalytic,"it includes a conserved enzymatic core but lacks non-catalytic activities, probably explaining its non-essentiality for life",1.0,False,2,0.8397043336825336,3.9413252,2.1531184
32068831,S. cerevisiae,2020,FEMS Yeast Res,yeast_model_organism,True,True,,Yeast is a key model organism for studying lipid biochemistry,biological,model_organism,yeast has become a key model organism for the study of lipid biochemistry,1.0,False,2,1.0,3.9750402,1.9127485
32054832,S. cerevisiae,2020,Nat Commun,yeast_model_organism,True,True,,S. cerevisiae has been successfully used to study human proteins involved in neurodegeneration,technical,previous_success,the yeast Saccharomyces cerevisiae has been successfully used to clarify the roles of different human proteins involved in neurodegeneration,1.0,False,2,0.896613219189078,4.1621656,0.77001077
31996424,S. cerevisiae,2020,mSphere,yeast_model_organism,True,True,,Yeast provides a fast and inexpensive alternative model system,technical,cost_efficiency,alternative model systems are helpful tools to address kAE1-related questions in a fast and inexpensive way,1.0,False,2,1.0,3.8097866,2.2507067
31996424,S. cerevisiae,2020,mSphere,yeast_model_organism,True,True,,"Yeast enables study of trafficking, activity, and degradation of mammalian ion channels",biological,protein_trafficking,"potential of S. cerevisiae as a model system for studying trafficking, activity, and/or degradation of mammalian ion channels and transporters such as kAE1",1.0,False,2,0.9445199699486964,4.2240434,1.637736
31967958,S. cerevisiae,2020,Biol Chem,yeast_model_organism,True,True,,It is a powerful model for studying asymmetric cell division,biological,asymmetric_cell_division,a powerful model organism to study asymmetric cell division,1.0,False,2,0.9857937756740716,5.4810133,2.1080525
31936501,S. cerevisiae,2020,Diseases,yeast_model_organism,True,True,,"Yeast has a functional homolog of citrin (Agc1p), making it suitable as a model organism for citrin deficiency.",biological,functional_homolog,Citrin shows a functional homolog in yeast aspartate-glutamate carrier (Agc1p) and agc1Delta yeasts are used as a model organism of citrin deficiency.,1.0,False,2,0.9498471837198215,3.675707,2.3339775
31918759,S. cerevisiae,2020,Biol Res,yeast_model_organism,True,True,,It is a premier model organism for biological sciences.,biological,model_organism,has been considered for more than 20 years as a premier model organism for biological sciences,1.0,False,3,1.0,7.490322,3.4553263
31918759,S. cerevisiae,2020,Biol Res,yeast_model_organism,True,True,,It is the main microorganism used in wide industrial applications such as alcoholic fermentation in winemaking.,economic,industrial_application,"also being the main microorganism used in wide industrial applications, like alcoholic fermentation in the winemaking process",1.0,False,-1,0.0,4.122807,3.5495334
31780265,S. cerevisiae,2020,Biochem Biophys Res Commun,yeast_model_organism,True,True,,to study anesthetic toxicity and preconditioning,biological,anesthetic_toxicity,Our results suggest S. cerevisase may serve as a model organism for understanding anesthetic toxicity and anesthetic preconditioning,1.0,False,-1,0.0,7.4942737,1.5684466
31726446,S. cerevisiae,2019,Phys Biol,yeast_model_organism,True,True,,to demonstrate that the method is versatile and applicable to realistic models of translation,technical,method_validation,to demonstrate that the method is versatile and applicable to realistic models of translation. We apply the method to the model organism Saccharomyces cerevisiae under physiological conditions,0.656,False,3,1.0,7.4941225,2.9655652
31603503,S. cerevisiae,2019,FEMS Yeast Res,yeast_model_organism,True,True,,S. cerevisiae is an important model organism and cell factory that pioneered early development of models and modeling concepts,biological,model_organism,"which has served as both an important model organism and cell factory, has pioneered both the early development of such models and modeling concepts",1.0,False,2,1.0,3.9117858,2.958115
31602620,S. cerevisiae,2019,Methods Mol Biol,yeast_model_organism,True,True,,It serves as an important cell factory for producing fuels and chemicals.,technical,cell_factory,that also serves as an important cell factory for production of fuels and chemicals,1.0,False,3,1.0,8.639042,3.59094
31553036,S. cerevisiae,2019,Nanoscale,yeast_model_organism,True,True,,Saccharomyces cerevisiae is used because it is a typical model organism for studying ethanol production.,biological,model_organism,"the ethanol-production efficacy of a typical model organism, the engineered industrial strain Saccharomyces cerevisiae",1.0,False,2,1.0,3.3732605,2.795665
31481383,S. cerevisiae,2019,mBio,yeast_model_organism,True,True,,Yeast is a commonly used model to study basic eukaryotic mechanisms.,biological,basic_mechanisms,Yeast is a commonly used model when investigating basic mechanisms shared among eukaryotes.,1.0,False,2,1.0,4.070409,1.7592224
31395883,S. cerevisiae,2019,Nat Commun,yeast_model_organism,True,True,,It is an important model organism and widely used cell-factory.,biological,model_organism,an important model organism and widely used cell-factory,1.0,False,3,1.0,8.32335,3.533485
31380392,S. cerevisiae,2019,Front Mol Biosci,yeast_model_organism,True,True,,"The process was first dissected in Saccharomyces cerevisiae, making it a suitable model organism.",biological,model_organism,Molecular details of the process have been first dissected in the model organism Saccharomyces cerevisiae.,1.0,False,2,1.0,3.3722231,2.9475398
31330953,S. cerevisiae,2019,Int J Mol Sci,yeast_model_organism,True,True,,Saccharomyces cerevisiae is the simplest eukaryotic model organism,technical,model_simplicity,"in the simplest eukaryotic model organism, Saccharomyces cerevisiae",1.0,False,2,1.0,3.706865,3.5869882
31330953,S. cerevisiae,2019,Int J Mol Sci,yeast_model_organism,True,True,,Yeast producing Abeta42‑GFP provides a convenient way to analyze cellular responses to Abeta42,technical,assay_convenience,yeast constitutively producing Abeta42 fused to GFP offer a convenient means of analyzing yeast cellular responses to Abeta42,1.0,False,2,1.0,4.0679955,0.87788373
31330953,S. cerevisiae,2019,Int J Mol Sci,yeast_model_organism,True,True,,The system allows fast and convenient study of factors affecting Abeta42 turnover,technical,turnover_assay_speed,offering a fast and convenient means of studying factors that affect Abeta42 turnover,1.0,False,2,1.0,4.0530267,0.81714207
31281576,S. cerevisiae,2019,Oxid Med Cell Longev,yeast_model_organism,True,True,,provides useful assay systems for measuring replicative and chronological lifespans,biological,lifespan_assays,provides useful assay systems for measuring both replicative and chronological lifespans,1.0,False,2,1.0,3.2884312,0.4992588
31270132,S. cerevisiae,2019,G3 (Bethesda),yeast_model_organism,True,True,,Yeast is used because it serves as a model organism for studying genetic mechanisms that are difficult to investigate in mammalian cells.,biological,genetic_mechanisms,Yeast has long been used as a model organism to study genetic mechanisms difficult to study in mammalian cells.,1.0,False,2,1.0,4.069106,2.1600132
31250297,S. cerevisiae,2019,Methods Mol Biol,yeast_model_organism,True,True,,It is an ideal model organism for studying membrane trafficking pathways,biological,membrane_trafficking,Budding yeast Saccharomyces cerevisiae is an ideal model organism to study membrane trafficking pathways.,1.0,False,3,1.0,7.100437,2.6988256
31250297,S. cerevisiae,2019,Methods Mol Biol,yeast_model_organism,True,True,,The ESCRT pathway was first identified in this organism,historical,discovery,The ESCRT (endosomal sorting complexes required for transport) pathway was first identified in this organism.,1.0,False,2,0.8591586046118092,4.7967873,2.1993806
31222108,S. cerevisiae,2019,Sci Rep,yeast_model_organism,True,True,,S. cerevisiae was used because it serves as a model organism for screening,technical,genetic_screening,we employed a budding yeast Saccharomyces cerevisiae as a model organism for screening,1.0,False,2,1.0,3.326072,2.4780736
31218536,S. cerevisiae,2020,Int Microbiol,yeast_model_organism,True,True,,It is a well‑exploited model for studying universal signaling mechanisms,biological,signaling_pathway_conservation,The yeast Saccharomyces cerevisiae is a model organism that has been thoroughly exploited to understand the universal mechanisms that govern signaling pathways.,1.0,False,3,1.0,7.5736084,2.467402
31218536,S. cerevisiae,2020,Int Microbiol,yeast_model_organism,True,True,,Its ease of manipulation enables efficient genetic approaches,technical,ease_of_genetic_manipulation,"Due to its ease of manipulation, humanized yeast models that successfully reproduce the function of human genes permit the development of highly efficient genetic approaches for molecular studies.",1.0,False,3,1.0,5.3829207,4.8783216
31205318,S. cerevisiae,2019,J Vis Exp,yeast_model_organism,True,True,,S. cerevisiae is a model organism and workhorse in industrial biotechnology,biological,model_organism,a model organism and workhorse in industrial biotechnology,1.0,False,2,1.0,3.9522448,3.2284005
31205318,S. cerevisiae,2019,J Vis Exp,yeast_model_organism,True,True,,S. cerevisiae can perform in vivo recombination of DNA fragments,biological,in_vivo_recombination,exploits the ability of S. cerevisiae to perform in vivo recombination of DNA fragments,1.0,False,2,0.7431782313930173,5.224057,2.5907166
31183610,S. cerevisiae,2020,Folia Microbiol (Praha),yeast_model_organism,True,True,,chosen because it serves as a eukaryotic model organism,biological,model_organism,using Saccharomyces cerevisiae as eukaryotic model organism,1.0,False,3,0.950388104051714,7.908771,4.241801
31175490,S. cerevisiae,2019,J Biol Phys,yeast_model_organism,True,True,,"point centromeres are necessary and sufficient for kinetochore recruitment and DNA segregation, making them an attractive system for studying centromere regulation",biological,centromere_structure,"Because their centromeric DNA sequences are necessary and sufficient for kinetochore recruitment and DNA segregation, point centromeres of Saccharomyces cerevisiae chromosomes provide an attractive system for the study of the regulation of centromere function.",1.0,False,2,1.0,5.075903,2.6167748
31087298,S. cerevisiae,2019,Methods Mol Biol,yeast_model_organism,True,True,,Ease of genetically altering HAT activity or acetylated lysine residues in histones,technical,genetic_manipulation,due to the ease of genetically altering HAT activity or acetylated lysine residues in histones,1.0,False,-1,0.0,5.0675807,3.2648406
31076411,S. cerevisiae,2019,Genome Res,yeast_model_organism,True,True,,Because S. cerevisiae is a classic model organism,historical,classic_model_organism,classic model organism Saccharomyces cerevisiae,1.0,False,2,1.0,3.3093345,3.199568
31063901,S. cerevisiae,2019,Mutat Res,yeast_model_organism,True,True,,to study the cellular response to hydroxyurea,technical,model_organism_selection,"To gain more information on the cellular response to HU, we employed the yeast Saccharomyces cerevisiae as model organism",1.0,False,3,0.9439526426516365,6.9501777,2.1896555
31020385,S. cerevisiae,2019,Curr Genet,yeast_model_organism,True,True,,"It expresses four Hsp70 isoforms, providing a system to study isoform-specific functions.",biological,multiple_isoforms,"The model organism Saccharomyces cerevisiae (baker's yeast) expresses four Hsp70 isoforms Ssa1, 2, 3 and 4.",1.0,False,3,1.0,6.3669086,2.1818519
30986968,S. cerevisiae,2019,Nanomaterials (Basel),yeast_model_organism,True,True,,short replication time,biological,replication_kinetics,a short replication time,1.0,False,-1,0.0,5.1702423,4.2435184
30986968,S. cerevisiae,2019,Nanomaterials (Basel),yeast_model_organism,True,True,,growth on both fermentable and oxidizable carbon sources,biological,metabolic_flexibility,growth on both fermentable and oxidizable carbon sources,1.0,False,-1,0.0,9.608995,0.7560175
30986968,S. cerevisiae,2019,Nanomaterials (Basel),yeast_model_organism,True,True,,"availability of genome‑wide information such as genetic maps, DNA microarray, and barcoded mutant collections",technical,genomic_resources,"for the contextual availability of genome wide information in the form of genetic maps, DNA microarray, and collections of barcoded mutants",1.0,False,3,0.816025538899192,5.6005483,3.6825113
30974043,S. cerevisiae,2019,Genes Cells,yeast_model_organism,True,True,,Yeast is an excellent model organism for studying epigenetic gene silencing.,biological,model_organism,yeast is an excellent model organism,1.0,False,2,1.0,4.678816,2.90315
30925027,S. cerevisiae,2019,Biotechnol J,yeast_model_organism,True,True,,It is a very important model organism for studying eukaryal biology.,biological,eukaryal_biology,has also served as a very important model organism for studying eukaryal biology,1.0,False,3,1.0,7.2091513,3.1666243
30925027,S. cerevisiae,2019,Biotechnol J,yeast_model_organism,True,True,,It enables many new discoveries important for the treatment of human diseases.,biological,human_disease_research,"many new discoveries, important for the treatment of human diseases, are made using this yeast as a model organism",1.0,False,3,0.899237173862507,6.707849,2.435417
30910025,S. cerevisiae,2019,Methods Enzymol,yeast_model_organism,True,True,,commonly used to study protein quality control pathways,biological,protein_quality_control,a model organism used extensively for interrogation of protein quality control pathways,1.0,False,-1,0.0,9.125843,2.5643566
30857400,S. cerevisiae,2019,Annu Rev Biophys,yeast_model_organism,True,True,,"S. cerevisiae helicases contribute to regulation of homologous recombination, an essential DNA repair pathway",biological,homologous_recombination,"key helicases from the model organism Saccharomyces cerevisiae that contribute to the regulation of homologous recombination, which is an essential DNA repair pathway",1.0,False,2,0.751142264352482,5.250086,2.5742226
30822675,S. cerevisiae,2019,Drug Resist Updat,yeast_model_organism,True,True,,S. cerevisiae is widely used as a model organism to study many eukaryotic systems,biological,model_system,S. cerevisiae is a model organism that is used to study many eukaryotic systems.,1.0,False,2,1.0,3.9988143,2.4812167
30822675,S. cerevisiae,2019,Drug Resist Updat,yeast_model_organism,True,True,,S. cerevisiae enables fast and efficient screening for novel drug targets,technical,high_throughput_screening,enables fast and efficient screening for novel drug targets in combinatorial therapy,1.0,False,2,1.0,3.2116847,1.6668023
30783202,S. cerevisiae,2019,Sci Rep,yeast_model_organism,True,True,,to characterize fluorescent proteins in vivo,technical,in_vivo_characterization,we characterised 27 FPs in vivo using Saccharomyces cerevisiae as model organism,1.0,False,-1,0.0,10.938929,2.1359985
30719331,S. cerevisiae,2018,Eur J Microbiol Immunol (Bp),yeast_model_organism,True,True,,to test if visible light can inactivate fungi,biological,fungal_photoinactivation,"To test if visible light can inactivate fungi and to elucidate the mechanisms involved, the model organism Saccharomyces cerevisiae (DSM no. 70449) was irradiated",1.0,False,2,1.0,3.4713793,2.182477
30618248,S. cerevisiae,2019,Biochemistry,yeast_model_organism,True,True,,It is an important eukaryal model organism,biological,model_organism,important eukaryal model organism,1.0,False,3,1.0,7.137591,3.3179302
30618248,S. cerevisiae,2019,Biochemistry,yeast_model_organism,True,True,,It is a widely applied cell factory,technical,cell_factory,widely applied cell factory,1.0,False,3,1.0,8.551867,3.5500057
30421239,S. cerevisiae,2019,Methods Mol Biol,yeast_model_organism,True,True,,It is a complex eukaryotic model organism,biological,eukaryotic_model,complex eukaryotic model organism: Saccharomyces cerevisiae (S. cerevisiae),1.0,False,3,1.0,6.9249725,3.7332256
30322079,S. cerevisiae,2018,Molecules,yeast_model_organism,True,True,,chosen because it is a eukaryotic model organism,biological,model_organism,eukaryotic model organism Saccharomyces cerevisiae,1.0,False,3,0.9533054365125495,7.902462,4.2717
30311729,S. cerevisiae,2018,Biochem Mol Biol Educ,yeast_model_organism,True,True,,"It is inexpensive and simple to organize, set up, and present to students.",technical,cost_effectiveness,"facilitates a laboratory exercise that is inexpensive, simple to organize, set up, and present to students.",1.0,False,3,0.9295317058962369,5.9921947,4.689046
30258457,S. cerevisiae,2018,Front Genet,yeast_model_organism,True,True,,Because prior studies in S. cerevisiae have provided much of the understanding of these pathways.,technical,established_model,Much of our understanding of these pathways has come from studies in the model organism Saccharomyces cerevisiae.,1.0,False,2,1.0,4.5120435,2.072336
30200367,S. cerevisiae,2018,Cells,yeast_model_organism,True,True,,It is a popular model organism for studying protein secretion pathways.,technical,model_organism,a popular model organism for investigating protein secretion pathways,1.0,False,-1,0.0,9.209497,2.7225277
30165482,S. cerevisiae,2018,FEMS Yeast Res,yeast_model_organism,True,True,,S. cerevisiae is a unique model for studying mitochondrial DNA organization and inheritance,biological,mitochondrial_DNA_organization,has been a unique model for understanding mitochondrial DNA organization and inheritance,1.0,False,2,1.0,5.3214703,1.98689
30165482,S. cerevisiae,2018,FEMS Yeast Res,yeast_model_organism,True,True,,S. cerevisiae enables deciphering the assembly of mitochondrial components,biological,mitochondrial_component_assembly,deciphering the process of assembly of mitochondrial components,1.0,False,2,1.0,5.3084974,1.9769557
30165482,S. cerevisiae,2018,FEMS Yeast Res,yeast_model_organism,True,True,,S. cerevisiae provides a powerful tool for uncovering nucleus‑cytosol‑mitochondria communication networks,biological,nucleus_cytosol_mitochondria_communication,"yeast also provided a powerful tool for unveiling the communication network that coordinates the functions of the nucleus, the cytosol and mitochondria",1.0,False,2,0.9348887081725783,5.037267,2.0067437
30135223,S. cerevisiae,2018,mSphere,yeast_model_organism,True,True,,S. cerevisiae is used because it hosts the standard yeast two-hybrid system,technical,standard_assay,standard yeast two-hybrid (Y2H) system in the model organism Saccharomyces cerevisiae,1.0,False,2,1.0,3.5316114,2.6686203
30124827,S. cerevisiae,2018,FEMS Yeast Res,yeast_model_organism,True,True,,Yeast is used as a model organism to enable in vivo study of human peroxisome disorders.,biological,model_organism,The genetic engineering of yeast to contain a 'humanized' organelle is a first step for the in vivo study of human peroxisome disorders in a model organism.,1.0,False,2,1.0,3.9227633,1.965309
30076310,S. cerevisiae,2018,Nat Commun,yeast_model_organism,True,True,,It is a Crabtree-positive eukaryal model organism.,biological,crabtree_positive,Saccharomyces cerevisiae is a Crabtree-positive eukaryal model organism.,1.0,False,1,0.672530629434481,14.556356,7.8223004
30033009,S. cerevisiae,2018,Pestic Biochem Physiol,yeast_model_organism,True,True,,to elucidate mechanisms of yeast cell death and explain its interference on wine fermentation kinetics,biological,fermentation_kinetics,"in order to elucidate the mechanisms involved in yeast cell death., and explain its interference on wine fermentation kinetics.",1.0,False,2,1.0,3.7461052,1.181416
29931311,S. cerevisiae,2018,Genome Biol Evol,yeast_model_organism,True,True,,S. cerevisiae is a model organism that has been studied in great detail,technical,well_characterized,"studied in great detail in the model organism, Saccharomyces cerevisiae",1.0,False,2,1.0,3.948721,3.0023818
29857228,S. cerevisiae,2018,Ecotoxicol Environ Saf,yeast_model_organism,True,True,,S. cerevisiae is a simple eukaryotic model organism,biological,model_organism,a simple eukaryotic model organism,1.0,False,2,1.0,3.5667067,3.4572341
29794135,S. cerevisiae,2018,J Biol Chem,yeast_model_organism,True,True,,S. cerevisiae is an important model organism for studying chromatin structure and function,biological,model_organism,which continues to serve as an important model organism for the study of chromatin structure and function,1.0,False,2,1.0,4.746278,2.8350947
29783050,S. cerevisiae,2018,Chemosphere,yeast_model_organism,True,True,,Saccharomyces cerevisiae is used because it is a eukaryotic model organism,biological,eukaryotic_model,in the eukaryotic model organism Saccharomyces cerevisiae,1.0,False,2,1.0,3.3318453,2.7596757
29783050,S. cerevisiae,2018,Chemosphere,yeast_model_organism,True,True,,A collection of yeast gene deletion mutants provides a useful platform for functional toxicogenomic analysis,technical,functional_toxicogenomics,a collection of yeast gene deletion mutants is useful for a functional toxicogenomic analysis of EDCs,1.0,False,2,1.0,3.39145,2.1416554
29779127,S. cerevisiae,2018,Mol Biotechnol,yeast_model_organism,True,True,,Yeast enables high-throughput aging studies using transposon mutagenesis and knockout collections,technical,high_throughput,"High-throughput aging studies with yeast as a model organism involve transposon-mutagenesis and yeast knockout collection, which have been pivotal strategies for understanding the complex cellular aging process.",1.0,False,2,1.0,3.1626694,1.8283277
29760902,S. cerevisiae,2018,Ecol Evol,yeast_model_organism,True,True,,S. cerevisiae is a model organism that is unicellular but can generate multicellular clusters under some conditions.,biological,multicellularity potential,a model organism that is unicellular but can generate multicellular clusters under some conditions,1.0,False,2,1.0,3.652454,3.3598926
29725120,S. cerevisiae,2018,Nat Protoc,yeast_model_organism,True,True,,small genome size,biological,genome_size,small genome size,1.0,False,-1,0.0,5.552409,3.9023595
29725120,S. cerevisiae,2018,Nat Protoc,yeast_model_organism,True,True,,great biotechnological importance,economic,biotechnological_importance,great biotechnological importance,1.0,False,3,1.0,9.119287,3.493317
29725120,S. cerevisiae,2018,Nat Protoc,yeast_model_organism,True,True,,leading model organism,historical,model_status,leading model organism,1.0,False,3,1.0,7.551282,4.323812
29679465,S. cerevisiae,2018,IUBMB Life,yeast_model_organism,True,True,,S. cerevisiae has been long used as a model organism,historical,established_model,which has for long been studied as a model organism,1.0,False,2,1.0,3.393406,2.841902
29648592,S. cerevisiae,2018,FEMS Yeast Res,yeast_model_organism,True,True,,chosen because it is a safe model organism,technical,biosafety,safe model organism,1.0,False,3,0.9732743646418254,8.037938,4.0489664
29570196,S. cerevisiae,2018,Mol Omics,yeast_model_organism,True,True,,It is an important model organism.,biological,model_importance,in an important model organism,1.0,False,3,1.0,7.470367,3.7955477
29564528,S. cerevisiae,2018,Curr Genet,yeast_model_organism,True,True,,commonly used model organism for understanding eukaryotic gene function,biological,eukaryotic_gene_function,Saccharomyces cerevisiae is a commonly used model organism for understanding eukaryotic gene function.,1.0,False,3,1.0,7.1977773,3.097609
29529021,S. cerevisiae,2018,PLoS Comput Biol,yeast_model_organism,True,True,,"It undergoes directed growth during budding and mating, making it ideal for studying polarization.",biological,directed_growth,"Saccharomyces cerevisiae (yeast) undergoes directed growth during budding and mating, and is an ideal model organism for studying polarization.",1.0,False,2,0.9876660320913979,5.3146377,2.0937526
29526093,S. cerevisiae,2018,J Agric Food Chem,yeast_model_organism,True,True,,S. cerevisiae was selected because it is an emerging model organism,technical,model_organism,using an emerging model organism Saccharomyces cerevisiae,1.0,False,2,1.0,3.101314,2.9914505
29524633,S. cerevisiae,2018,Biochim Biophys Acta Mol Basis Dis,yeast_model_organism,True,True,,S. cerevisiae is simple and powerful,technical,simplicity_and_power,it has emerged as both simple and powerful,1.0,False,2,1.0,3.6809056,3.466091
29524633,S. cerevisiae,2018,Biochim Biophys Acta Mol Basis Dis,yeast_model_organism,True,True,,Extensive tools and assays are already established for this organism,technical,available_tools,"the replicative aging assay... has been a stalwart in these studies, and genetic approaches have led to the identification of hundreds of genes impacting lifespan",0.858,False,3,0.770645627992453,6.7617364,4.0361524
29498824,S. cerevisiae,2018,ACS Synth Biol,yeast_model_organism,True,True,,S. cerevisiae is a model organism already used for biosynthesis of valuable compounds,biological,model_organism,S. cerevisiae is a model organism that has been utilized for the biosynthesis of such biologically and economically valuable compounds.,1.0,False,2,1.0,3.9095232,2.9855525
29463063,S. cerevisiae,2018,Cells,yeast_model_organism,True,True,,S. cerevisiae is used because its molecular processes are conserved with multicellular organisms like humans,biological,conserved_processes,"The exploitation of the yeast Saccharomyces cerevisiae as a biological model for the investigation of complex molecular processes conserved in multicellular organisms, such as humans",1.0,False,2,0.867631619815302,4.547863,2.0795636
29463063,S. cerevisiae,2018,Cells,yeast_model_organism,True,True,,S. cerevisiae proteins are highly conserved in sequence and function with human proteins,biological,protein_conservation,both amino acid sequences and protein functions are often very well conserved,1.0,False,2,1.0,4.9207745,1.0663068
29397429,S. cerevisiae,2018,Appl Microbiol Biotechnol,yeast_model_organism,True,True,,It is important for biotechnological applications such as fuel ethanol and recombinant protein production,technical,biotechnological_applications,"plays an important role in biotechnological applications, ranging from fuel ethanol to recombinant protein production",1.0,False,-1,0.0,9.9019375,3.113346
29397429,S. cerevisiae,2018,Appl Microbiol Biotechnol,yeast_model_organism,True,True,,It serves as a model organism for studies on cell physiology and genetic regulation,biological,model_organism_studies,It is also a model organism for studies on cell physiology and genetic regulation,1.0,False,3,1.0,7.4929414,2.7044783
29397034,S. cerevisiae,2018,FEBS Lett,yeast_model_organism,True,True,,S. cerevisiae has been instrumental in uncovering fundamental mechanisms of lipid droplet biology,biological,mechanistic_insight,has been instrumental in deciphering the fundamental mechanisms and principles of lipid droplet biology,1.0,False,2,1.0,4.248135,2.2093844
29397034,S. cerevisiae,2018,FEBS Lett,yeast_model_organism,True,True,,Findings in S. cerevisiae are applicable to many other cell systems,biological,cross_species_applicability,applicable to many other cell systems,1.0,False,2,1.0,4.3516583,2.3882847
29346625,S. cerevisiae,2018,Nucleic Acids Res,yeast_model_organism,True,True,,It is widely used as a model organism and a cell factory,biological,model_organism,widely used as a model organism and a cell factory,1.0,False,3,1.0,8.305006,3.5087817
29346625,S. cerevisiae,2018,Nucleic Acids Res,yeast_model_organism,True,True,,It was selected to demonstrate the superior capability of very long sequence reads for de novo genome assembly,technical,genome_assembly,was selected for this study to demonstrate the superior capability of very long sequence reads for de novo genome assembly,1.0,False,3,0.8748405295254585,10.146998,2.612109
29346327,S. cerevisiae,2018,Metabolites,yeast_model_organism,True,True,,used the same S. cerevisiae growth protocol to obtain more mass spectral information,technical,growth_protocol,We were able to mine more mass spectral information using the same Saccharomyces cerevisiae growth protocol (Qiu et al. Anal. Chem 2016) with the ultra-high resolution GC-Orbitrap/MS,1.0,False,2,1.0,4.491582,2.4736953
29187529,S. cerevisiae,2017,Proc Natl Acad Sci U S A,yeast_model_organism,True,True,,Saccharomyces cerevisiae is genetically tractable,technical,genetic_tractability,genetically tractable model organism Saccharomyces cerevisiae,1.0,False,3,0.8659296023098727,4.472368,4.59509
29170960,S. cerevisiae,2018,Methods Mol Biol,yeast_model_organism,True,True,,well-established strain construction strategies exist for S. cerevisiae,technical,established_strategies,traditional strain construction strategies are well established for the model organism Saccharomyces cerevisiae,1.0,False,2,1.0,4.0689306,3.0993404
29144389,S. cerevisiae,2017,Sensors (Basel),yeast_model_organism,True,True,,widely used and well‑studied model organism,biological,popularity,represents a very popular single-celled eukaryotic model organism which has been studied extensively by various methods,1.0,False,3,1.0,6.8404655,4.2525516
29144389,S. cerevisiae,2017,Sensors (Basel),yeast_model_organism,True,True,,complete genome sequence available,biological,genome_sequencing,whose genome has been completely sequenced,1.0,False,3,0.8110635433000124,6.207302,3.7307584
29144389,S. cerevisiae,2017,Sensors (Basel),yeast_model_organism,True,True,,early adoption in optical tweezers research,historical,early_optical_tweezers_use,It was also among the first living organisms that were manipulated by optical tweezers,1.0,False,-1,0.0,13.256022,1.9472904
29140510,S. cerevisiae,2018,Nucleic Acids Res,yeast_model_organism,True,True,,S. cerevisiae is used because it is a model organism that facilitates yeast biology research and helps advance research on other organisms,biological,model_organism,"The primary mission of SGD is to facilitate research into the biology of yeast and to provide this wealth of information to advance, in many ways, research on other organisms",1.0,False,2,1.0,3.7673607,2.5814247
29029789,S. cerevisiae,2017,Cell Calcium,yeast_model_organism,True,True,,Abundant molecular machinery information enables correlation with functional properties,biological,molecular_machinery,abundant information on the molecular machinery of exo- and endocytosis in this model organism,1.0,False,3,0.9847814378581917,6.622692,2.8121054
29026112,S. cerevisiae,2017,Nat Commun,yeast_model_organism,True,True,,S. cerevisiae was chosen as a model organism for a proof‑of‑concept demonstration,technical,proof_of_concept,"As a proof of concept, we target the ACT1 promoter of the model organism Saccharomyces cerevisiae",1.0,False,2,1.0,3.0614414,3.0018444
28900755,S. cerevisiae,2018,Antonie Van Leeuwenhoek,yeast_model_organism,True,True,,S. cerevisiae is used as a reference model yeast for comparative elemental composition analysis,biological,reference_organism,comparison of K. lactis with the model yeast Saccharomyces cerevisiae,1.0,False,2,1.0,3.4626276,2.8364885
28877665,S. cerevisiae,2017,BMC Genomics,yeast_model_organism,True,True,,S. cerevisiae is an ideal model organism for studying ion homeostasis,biological,model_organism,The yeast Saccharomyces cerevisiae is an ideal model organism to investigate ion homeostasis at all levels.,1.0,False,2,1.0,4.3169346,1.9144382
28818866,S. cerevisiae,2017,G3 (Bethesda),yeast_model_organism,True,True,,its high tractability for genetic studies,technical,genetic_tractability,a highly tractable model organism,1.0,False,3,1.0,4.8709855,5.216518
28804628,S. cerevisiae,2017,Biomed Rep,yeast_model_organism,True,True,,Yeast is a popular model organism for biomedical research,historical,established_model,Yeast has long been a popular model organism for biomedical research.,1.0,False,2,1.0,3.8040237,2.0013385
28782202,S. cerevisiae,2017,Bioessays,yeast_model_organism,True,True,,Because prior studies with S. cerevisiae had convincingly shown that peroxisomes are ER-derived,biological,previous_studies,"Studies performed with the yeast Saccharomyces cerevisiae had convincingly shown that peroxisomes are ER-derived, without indications for mitochondrial involvement.",1.0,False,2,1.0,4.5332932,2.1573093
28782007,S. cerevisiae,2017,Sci Adv,yeast_model_organism,True,False,,It is a genetically tractable model organism,technical,genetic_tractability,Saccharomyces cerevisiae-a genetically tractable model organism,1.0,False,3,0.9266276416815242,4.824123,4.805377
28724919,S. cerevisiae,2017,Sci Rep,yeast_model_organism,True,True,,S. cerevisiae is a favored model for studying intracellular processes such as aging,biological,intracellular_processes,"Yeast cells, in particular Saccharomyces cerevisiae, are a favored model organism to study intracellular processes including aging on a cellular level.",1.0,False,2,1.0,3.5555577,0.938347
28703742,S. cerevisiae,2017,Cells,yeast_model_organism,True,True,,It was the organism used in the first molecular autophagy studies,historical,pioneering_studies,The first studies of autophagy on a molecular level were conducted in the yeast Saccharomyces cerevisiae.,1.0,False,2,0.6652547086703499,5.175469,2.0857663
28703742,S. cerevisiae,2017,Cells,yeast_model_organism,True,True,,Many autophagy homologs identified in higher eukaryotes were originally found in this yeast,biological,conserved_homologs,many homologs have been found in higher eukaryotes.,1.0,False,2,0.9510924765632633,4.9962106,1.854521
28703742,S. cerevisiae,2017,Cells,yeast_model_organism,True,True,,Yeast offers a wide range of established methods for dissecting autophagy mechanisms,technical,established_methods,"Yeast remains a highly relevant model organism for studying autophagy, with a wide range of established methods to elucidate the molecular details of the autophagy pathway.",1.0,False,2,0.8487091833140111,4.2524242,1.8196334
28584079,S. cerevisiae,2017,G3 (Bethesda),yeast_model_organism,True,True,,S. cerevisiae is a superior model organism,technical,model_superiority,The yeast Saccharomyces cerevisiae has emerged as a superior model organism.,1.0,False,2,1.0,3.5091472,3.3079555
28584079,S. cerevisiae,2017,G3 (Bethesda),yeast_model_organism,True,True,,S. cerevisiae provides distinct laboratory strains with unique phenotypic properties that facilitate research advancements,biological,strain_diversity,"Selection of distinct laboratory strains of S. cerevisiae with unique phenotypic properties, such as superior mating or sporulation efficiencies, has facilitated advancements in research.",1.0,False,2,1.0,4.2400255,2.8474762
28574376,S. cerevisiae,2017,Biomol Concepts,yeast_model_organism,True,True,,S. cerevisiae provides new insights on the cytotoxic mechanisms of selenomethionine and selenocysteine,biological,insight_generation,"in particular the model organism Saccharomyces cerevisiae, provide new insights on the cytotoxic mechanisms of selenomethionine and selenocysteine",1.0,False,2,1.0,3.520086,1.7433131
28572609,S. cerevisiae,2017,Sci Rep,yeast_model_organism,True,True,,It is a simple eukaryotic model organism.,biological,model_organism,a simple eukaryotic model organism,1.0,False,3,1.0,6.892166,3.7501502
28539364,S. cerevisiae,2017,J Biol Chem,yeast_model_organism,True,True,,S. cerevisiae is widely used to study cellular metabolism and its regulation,biological,cellular_metabolism,is a pervasive model organism for investigating cellular metabolism and its regulation by signaling processes,1.0,False,2,1.0,4.472961,2.455682
28497651,S. cerevisiae,2017,Mol Ecol Resour,yeast_model_organism,True,True,,"It has a long and storied history as a model organism for genetic, cellular and molecular biological research.",historical,long_history,"has a long and storied history as a model organism for genetic, cellular and molecular biological research",1.0,False,3,0.9997569074461198,6.9429097,3.3428328
28496055,S. cerevisiae,2017,Proc Jpn Acad Ser B Phys Biol Sci,yeast_model_organism,True,True,,It can grow both aerobically and anaerobically,biological,aerobic_anaerobic_growth,The budding yeast Saccharomyces cerevisiae is able to grow either aerobically or anaerobically.,1.0,False,-1,0.0,11.787808,6.253245
28494083,S. cerevisiae,2016,Int Microbiol,yeast_model_organism,True,True,,S. cerevisiae is used because it is a eukaryotic model organism,technical,model_organism,eukaryotic model organism,1.0,False,2,1.0,3.3730867,2.7888684
28463381,S. cerevisiae,2017,Genet Mol Biol,yeast_model_organism,True,True,,"S. cerevisiae provides extensive existing information on orthologous RNA-binding proteins, enabling functional inference.",technical,existing_data,The comparison of RBPs from Saccharomyces cerevisiae and T. cruzi might allow inferring on the function of these proteins based on the information available for the orthologous RNA-binding proteins from the S. cerevisiae model organism.,1.0,False,2,0.8619096937061291,4.733511,1.626979
30155209,S. cerevisiae,2017,Chem Sci,yeast_model_organism,True,True,,Yeast mutants lacking sphingoid base synthesis enable complementation experiments to test organism specificity,technical,genetic_complementation,The organism specificity was examined by complementation experiments in Saccharomyces cerevisiae yeast cells lacking sphingoid base synthesis.,1.0,False,2,0.9918651407037212,4.0115743,1.7252824
28454705,S. cerevisiae,2017,Microbiol Res,yeast_model_organism,True,True,,widely used as a eukaryotic model organism to study low molecular weight compounds,biological,model_organism,The budding yeast S. cerevisiae is widely used as a eukaryotic model organism to elucidate the mechanism of action of low molecular weight compounds.,1.0,False,3,1.0,7.6567082,3.9684503
28451979,S. cerevisiae,2017,Methods Mol Biol,yeast_model_organism,True,True,,compact genome makes it an ideal model organism,biological,compact_genome,compact genome,1.0,False,3,1.0,7.228708,4.122861
28451979,S. cerevisiae,2017,Methods Mol Biol,yeast_model_organism,True,True,,extensive history of experimentation and annotation supports its use,technical,experimental_history,extensive history of experimentation and annotation,1.0,False,3,0.984086100497578,6.546596,3.328568
28448036,S. cerevisiae,2017,J Vis Exp,yeast_model_organism,True,True,,S. cerevisiae is an important model organism for aging research,biological,model_organism,Budding yeast Saccharomyces cerevisiae is an important model organism in aging research.,1.0,False,2,1.0,3.437031,0.83211935
28448036,S. cerevisiae,2017,J Vis Exp,yeast_model_organism,True,True,,Genetic studies show many conserved lifespan genes across species,biological,conserved_genes,Genetic studies have revealed many genes with conserved effects on the lifespan across species.,1.0,False,2,1.0,3.702451,0.593882
28426144,S. cerevisiae,2017,Yeast,yeast_model_organism,True,True,,S. cerevisiae has proven miniaturized chemostat setups that enable constant dilution of multiple cultures,technical,chemostat_technology,"In Saccharomyces cerevisiae, powerful miniaturized chemostat setups, or ministat arrays, have been shown to allow for constant dilution of multiple independent cultures.",1.0,False,2,1.0,3.9353507,3.0309389
28381226,S. cerevisiae,2017,BMC Complement Altern Med,yeast_model_organism,True,True,,It is a simple eukaryotic model for studying the effects of compounds on lifespan,biological,simple_eukaryote,The unicellular yeast Saccharomyces cerevisiae represents a simple eukaryotic model to study the effects of different compounds on lifespan.,1.0,False,3,0.893195782647746,6.8305807,3.3502488
28381226,S. cerevisiae,2017,BMC Complement Altern Med,yeast_model_organism,True,True,,Yeast enables development of simple tests to assess bioactive substances,technical,simple_assays,support the use of yeast as a model organism for the development of simple tests to assess the effectiveness of bioactive substances from natural sources,1.0,False,2,1.0,3.1653264,1.6272606
28357387,S. cerevisiae,2017,Microb Cell,yeast_model_organism,True,True,,Because most prion biology research has been performed in S. cerevisiae,biological,research_precedence,Research into the biology of prions has been carried out mainly in the budding yeast Saccharomyces cerevisiae,1.0,False,2,0.889118248484143,4.298399,1.1427919
28349388,S. cerevisiae,2017,Methods Mol Biol,yeast_model_organism,True,True,,long history as a model organism,historical,historical_use,has a long history as a model organism for studies of meiosis and the cell cycle,1.0,False,3,1.0,7.3086853,4.218621
28349388,S. cerevisiae,2017,Methods Mol Biol,yeast_model_organism,True,True,,variety of genetic and cytological approaches can be performed,technical,genetic_approaches,The popularity of this yeast as a model is in large part due to the variety of genetic and cytological approaches that can be effectively performed with the cells,1.0,False,3,1.0,5.537934,4.163078
28349388,S. cerevisiae,2017,Methods Mol Biol,yeast_model_organism,True,True,,cultures can be induced to synchronously progress through meiosis and sporulation,biological,synchrony,Cultures of the cells can be induced to synchronously progress through meiosis and sporulation allowing large-scale gene expression and biochemical studies to be performed,1.0,False,2,0.770303603258105,5.1950393,2.306734
28349388,S. cerevisiae,2017,Methods Mol Biol,yeast_model_organism,True,True,,spore tetrads enable characterization of haploid meiotic products,biological,tetrad_analysis,the spore tetrads resulting from meiosis make it possible to characterize the haploid products of meiosis allowing investigation of meiotic recombination and chromosome segregation,1.0,False,0,1.0,11.656747,6.5376987
28324487,S. cerevisiae,2018,Methods Mol Biol,yeast_model_organism,True,True,,It is a powerful model organism used to study several biological phenomena.,biological,model_organism,The budding yeast Saccharomyces cerevisiae is a powerful model organism that has been employed to study several biological phenomena.,1.0,False,3,1.0,7.5336823,2.9064035
28319150,S. cerevisiae,2017,PLoS One,yeast_model_organism,True,True,,ideal for high-throughput genetic analyses,technical,high_throughput_genetics,ideally suited to high-throughput genetic analyses,1.0,False,3,1.0,5.5290327,4.0459666
28319150,S. cerevisiae,2017,PLoS One,yeast_model_organism,True,True,,provides insights into conserved cell biology processes,biological,conserved_processes,has yielded insights that further our understanding of cell biology processes conserved in humans,1.0,False,2,0.8731265886449194,5.4710956,1.5552623
28281199,S. cerevisiae,2017,J Microbiol,yeast_model_organism,True,True,,It is an efficient tool and model organism for investigating novel Sod1 functions,technical,model_organism,has been successfully used as an efficient tool and a model organism to investigate a number of novel functions of Sod1,1.0,False,3,1.0,7.4166765,2.6121073
28276026,S. cerevisiae,2017,Methods Mol Biol,yeast_model_organism,True,True,,It is a widely used model for studying mitochondrial biogenesis and architecture.,biological,mitochondrial_biogenesis,represents a widely used model organism for the study of mitochondrial biogenesis and architecture,1.0,False,2,1.0,6.0055823,1.7953811
28276011,S. cerevisiae,2017,Methods Mol Biol,yeast_model_organism,True,True,,excellent accessibility to genetics and biochemical and microscopic analyses,technical,genetic_and_microscopic_accessibility,Due to its excellent accessibility to genetics and biochemical and microscopic analyses,1.0,False,3,1.0,5.2966847,4.1142735
28276011,S. cerevisiae,2017,Methods Mol Biol,yeast_model_organism,True,True,,can grow under fermenting conditions when oxidative phosphorylation is not obligatory,biological,fermentative_growth,Yeast offers additional advantages because it can grow under fermenting conditions when oxidative phosphorylation is not obligatory,1.0,False,-1,0.0,9.514164,0.76540065
28276011,S. cerevisiae,2017,Methods Mol Biol,yeast_model_organism,True,True,,mitochondrial structure and function are largely conserved during evolution,biological,conserved_mitochondrial_structure,the majority of mitochondrial structure and function are largely conserved during evolution,1.0,False,2,0.7894855003786939,5.7137427,1.2632087
28236755,S. cerevisiae,2017,Bioelectrochemistry,yeast_model_organism,True,True,,to investigate the effects of pulsed electric fields on programmed death of yeast cells,biological,programmed_death,Saccharomyces cerevisiae yeast cells were used as a model organism to investigate the effects of various pulsed electric fields on the programed death of such cells.,1.0,False,2,1.0,3.8201952,1.3073885
28159755,S. cerevisiae,2017,Genetics,yeast_model_organism,True,True,,to clone and functionally characterize the alleles,technical,functional_characterization,we employed the eukaryotic model organism Saccharomyces cerevisiae to clone and functionally characterize all 30 alleles,1.0,False,3,1.0,6.6669655,2.429697
28081193,S. cerevisiae,2017,PLoS One,yeast_model_organism,True,True,,It is a commonly used model for studying mitochondrial biology.,biological,mitochondrial_biology,The model organism Saccharomyces cerevisiae is commonly used to study mitochondrial biology.,1.0,False,2,1.0,5.933339,1.7782116
28057603,S. cerevisiae,2017,J Proteomics,yeast_model_organism,True,True,,It is an established model organism for molecular analysis of fundamental biological processes.,biological,model_organism,Saccharomyces cerevisiae is an established model organism for the molecular analysis of fundamental biological processes.,1.0,False,3,1.0,7.225442,2.946591
28057603,S. cerevisiae,2017,J Proteomics,yeast_model_organism,True,True,,"Its genomes, transcriptome, and proteome have been extensively sequenced and characterized.",biological,genomic_resources,"The genomes of numerous strains have been sequenced, and the transcriptome and proteome of major phases during the haploid and diploid yeast life cycle have been determined.",0.954,False,3,1.0,6.2107854,3.475968
27977397,S. cerevisiae,2017,Biol Chem,yeast_model_organism,True,True,,The ATP-dependent processes are best understood in Saccharomyces cerevisiae.,technical,well_characterized,so far best understood in the model organism Saccharomyces cerevisiae,1.0,False,2,1.0,4.7151465,2.4490001
27882277,S. cerevisiae,2016,Environ Sci Eur,yeast_model_organism,True,True,,The authors used yeast because reactive species formation in F. candida is difficult to quantify.,technical,quantification_difficulty,"Since RS formation in F.candida is difficult to quantify, yeast strain BY4742 (wild-type) and mutants lacking of oxidative stress-related protective enzymes were exploited as a further eukaryote model organism.",1.0,False,2,1.0,3.3297338,2.1489685
27857941,S. cerevisiae,2016,Front Cell Dev Biol,yeast_model_organism,True,True,,Septins were first identified in S. cerevisiae,historical,discovery_origin,They were originally discovered in the baker's yeast Saccharomyces cerevisiae,1.0,False,2,0.9903880891263945,3.6853087,2.9910452
27857941,S. cerevisiae,2016,Front Cell Dev Biol,yeast_model_organism,True,True,,S. cerevisiae remains an important model organism for septin research,biological,model_organism,that serves until today as an important model organism for septin research,1.0,False,2,1.0,3.651405,3.020522
28984438,E. coli,2017,Acc Chem Res,ecoli_abbrev_model_organism,True,False,,The methodology was first developed in E. coli,historical,method_development_origin,"Initially developed in E. coli, this methodology has now been expanded in multiple eukaryotic cells and animals.",1.0,False,-1,0.0,12.534606,1.3876605
34086116,S. cerevisiae,2021,Appl Microbiol Biotechnol,yeast_model_organism,True,True,,simple eukaryote useful for studying fundamental cellular processes affected by viruses,biological,cellular_processes,This simple eukaryotic organism is an invaluable model for studying fundamental cellular processes altered in the host cell due to viral infection or expression of viral proteins.,1.0,False,3,1.0,7.0263677,2.8209043
34086116,S. cerevisiae,2021,Appl Microbiol Biotechnol,yeast_model_organism,True,True,,"availability of genetic toolboxes, high‑throughput libraries, and compact genome make it a good choice",technical,genetic_tools,"The development of novel techniques based on high-throughput analysis of libraries, availability of toolboxes for genetic manipulation, and a compact genome makes yeast a good choice for such studies.",1.0,False,3,1.0,5.6444783,4.2751684
27838539,S. cerevisiae,2017,J Microbiol Methods,yeast_model_organism,True,True,,S. cerevisiae is a widely used eukaryotic model organism for studying adaptive mutations,biological,model_organism,The most widely used condition for the study of such adaptive mutations in the eukaryotic model organism Saccharomyces cerevisiae is the starvation for a single amino acid.,1.0,False,2,1.0,4.2031493,2.5351617
27826854,S. cerevisiae,2017,Methods Mol Biol,yeast_model_organism,True,True,,S. cerevisiae provides excellent markers (budding index and spindle/nucleus morphology) for analyzing cell‑cycle progression,biological,cell_cycle_markers,The budding index and the morphology of the spindle and the nucleus are excellent markers for the analysis of the progression through the different stages of the cell cycle in Saccharomyces cerevisiae.,1.0,False,2,0.8956882942389514,4.885798,2.3723345
27818653,S. cerevisiae,2016,Front Microbiol,yeast_model_organism,True,True,,S. cerevisiae was used as a non‑pathogenic yeast for comparison,biological,non_pathogenic,apathogenic (Saccharomyces cerevisiae),1.0,False,2,1.0,13.833674,3.273127
27799064,S. cerevisiae,2016,Genome Med,yeast_model_organism,True,True,,The protein and its functions are highly conserved from yeast to human,biological,conserved_function,Functional analysis of the identified MIP variants was performed using the model organism Saccharomyces cerevisiae as the protein and its functions are highly conserved from yeast to human.,1.0,False,2,1.0,4.920782,1.041216
27799064,S. cerevisiae,2016,Genome Med,yeast_model_organism,True,True,,"The affected amino acids are highly conserved from yeast to human, prompting use of S. cerevisiae for functional analysis",biological,conserved_residue,All amino acids affected in the patients' missense variants are highly conserved from yeast to human and therefore S. cerevisiae was employed for functional analysis,1.0,False,2,1.0,4.7192173,1.2419723
27797916,S. cerevisiae,2016,FEMS Yeast Res,yeast_model_organism,True,True,,S. cerevisiae is a widely used cell factory and model organism,historical,model_organism,a widely used cell factory and model organism,1.0,False,2,1.0,3.9683995,2.9411552
27797916,S. cerevisiae,2016,FEMS Yeast Res,yeast_model_organism,True,True,,S. cerevisiae shows frequent phosphorylation events in metabolism,biological,frequent_phosphorylation,is reported to show frequent phosphorylation events in metabolism,1.0,False,2,1.0,4.4850693,2.517707
27797916,S. cerevisiae,2016,FEMS Yeast Res,yeast_model_organism,True,True,,Studying phosphorylation in S. cerevisiae provides insight for metabolic engineering,technical,regulatory_network_insight,"Studying protein phosphorylation in S. cerevisiae allows for gaining new insight into the function of regulatory networks, which may enable improved metabolic engineering",1.0,False,2,1.0,4.519385,2.5211017
27787227,S. cerevisiae,2017,Biol Chem,yeast_model_organism,True,True,,It is an ideal model to study regulation of lipid acyl chain composition via the OLE pathway.,biological,lipid_acyl_chain_regulation,Saccharomyces cerevisiae is an ideal model organism to study the regulation of the lipid acyl chain composition via the OLE pathway.,1.0,False,-1,0.0,9.951105,0.5711731
27601190,S. cerevisiae,2016,Traffic,yeast_model_organism,True,True,,to serve as proof of principle,technical,proof_of_principle,single model organism as proof of principle,1.0,False,3,1.0,7.923867,3.0986407
27729926,S. cerevisiae,2016,Front Genet,yeast_model_organism,True,True,,S. cerevisiae provides deep insights into aging mechanisms and shows evolutionary conservation of key features,biological,conserved_mechanisms,Studies employing the budding yeast Saccharomyces cerevisiae as a model organism have provided deep insights into molecular mechanisms of cellular and organismal aging in multicellular eukaryotes and have demonstrated that the main features of biological aging are evolutionarily conserved.,1.0,False,2,1.0,3.5898466,0.8877624
27729926,S. cerevisiae,2016,Front Genet,yeast_model_organism,True,True,,Yeast replicative and chronological aging models correspond to human mitotically competent and post‑mitotic cell types,biological,relevance_to_human,"Yeast replicative aging is likely to model aging of mitotically competent human cell types, while yeast chronological aging is believed to mimic aging of post-mitotic human cell types.",1.0,False,2,1.0,3.3699372,0.74193853
27637297,S. cerevisiae,2017,Mech Ageing Dev,yeast_model_organism,True,True,,Yeast was used as a model host to study the effect of CIRV p36 on cell survival and death.,technical,model_host_for_viral_protein,Here the yeast Saccharomyces cerevisiae was used as a model host to study the effect of CIRV p36 on cell survival and death.,1.0,False,2,1.0,4.008442,1.6132021
27637297,S. cerevisiae,2017,Mech Ageing Dev,yeast_model_organism,True,True,,Yeast is an invaluable model organism for investigating mitochondrial determinants of cell death and (+)RNA virus pathogenesis.,biological,mitochondrial_determinants_of_cell_death,This work proved yeast as an invaluable model organism to study both the mitochondrial determinants of the type of cell death in response to stress and the molecular pathogenesis of (+)RNA viruses.,1.0,False,2,1.0,4.0324244,1.5352151
27581441,S. cerevisiae,2016,J Ind Microbiol Biotechnol,yeast_model_organism,True,True,,"It can efficiently express long heterologous pathways, especially those with cytochrome P450 enzymes",technical,heterologous_expression,"given its superior capability to heterologously express long metabolic pathways, especially the ones containing cytochrome P450 enzymes",1.0,False,6,0.6311817351609941,10.578239,2.818848
27546186,S. cerevisiae,2016,Exp Gerontol,yeast_model_organism,True,True,,It is commonly used to study aging mechanisms in multicellular organisms.,biological,aging_mechanisms,commonly used as a model to explain mechanisms of aging in multicellular organisms,1.0,False,2,1.0,3.3710427,0.56350684
27546186,S. cerevisiae,2016,Exp Gerontol,yeast_model_organism,True,True,,It serves as a model organism for both replicative and chronological aging.,biological,replicative_and_chronological_aging,It is used as a model organism for both replicative and chronological aging,1.0,False,2,1.0,3.263561,0.46801636
27485336,S. cerevisiae,2016,Methods Mol Biol,yeast_model_organism,True,True,,convenient use of episomal expression plasmids,technical,episomal_plasmids,offers the convenience of using episomal expression plasmids,1.0,False,6,0.5459471968939917,10.943612,2.634548
27485336,S. cerevisiae,2016,Methods Mol Biol,yeast_model_organism,True,True,,ability to select positive transformants,technical,transformant_selection,selection of positive transformants,1.0,False,-1,0.0,11.606759,1.8646755
27485336,S. cerevisiae,2016,Methods Mol Biol,yeast_model_organism,True,True,,provides posttranslational modifications,biological,posttranslational_modifications,posttranslational modifications,1.0,False,3,0.911855382749611,6.0250125,3.151919
27485336,S. cerevisiae,2016,Methods Mol Biol,yeast_model_organism,True,True,,properly folds and targets IMPs,biological,protein_folding,it can properly fold and target IMPs,1.0,False,-1,0.0,9.730141,2.0440524
27484790,S. cerevisiae,2017,J Biosci Bioeng,yeast_model_organism,True,True,,"It can grow on fatty acids as the sole carbon source, making it a simple and suitable model organism.",biological,growth_on_fatty_acids,"Since the budding yeast Saccharomyces cerevisiae can grow using fatty acids as the sole carbon source, it is a simple and suitable model organism for understanding the effects of trans‑unsaturated fatty acids at the molecular and cellular levels.",0.98,False,-1,0.0,9.837341,0.6119417
27473905,S. cerevisiae,2016,Methods Cell Biol,yeast_model_organism,True,True,,availability of extensive genetic tools,technical,genetic_tools,allowing the full variety of genetic tools available in this model organism to be applied to the study of septin biology,1.0,False,3,1.0,5.534802,4.3000245
27460658,S. cerevisiae,2017,Curr Genet,yeast_model_organism,True,True,,to study genome reprogramming in eukaryotic cells under BPA exposure,biological,eukaryotic_model,"To capture the genome reprogramming in eukaryotic cells under BPA exposure, here, we used Saccharomyces cerevisiae as model organism",1.0,False,3,0.7675168111228776,6.4048433,2.413377
27401861,S. cerevisiae,2016,BMC Genomics,yeast_model_organism,True,True,,S. cerevisiae can be used to study ATOX1 as a therapeutic target for lung cancer,biological,model_organism,the potential of Saccharomyces cerevisiae as a model organism in studying the capacity of ATOX1 as a therapeutic target for lung cancer therapy,1.0,False,2,1.0,3.3830647,1.7223738
27371602,S. cerevisiae,2016,Cold Spring Harb Protoc,yeast_model_organism,True,True,,easy growth and manipulation in laboratory conditions,technical,ease_of_growth,their ease of growth and manipulation in laboratory conditions,1.0,False,3,1.0,5.828182,5.1576405
27298227,S. cerevisiae,2016,FEMS Yeast Res,yeast_model_organism,True,True,,to study cadmium toxicity mechanisms via Ire1 activation,biological,mechanistic_study,"In order to understand the toxic mechanism of cadmium, here we investigated how cadmium exposure leads to Ire1 activation, which triggers the UPR, using yeast Saccharomyces cerevisiae as a model organism.",1.0,False,3,0.6906695615626891,7.415225,2.0528932
27239435,S. cerevisiae,2016,FEBS Open Bio,yeast_model_organism,True,True,,S. cerevisiae was used as a model organism to validate the physiological importance of AtAOX1a,technical,heterologous_expression,using Saccharomyces cerevisiae as a model organism,1.0,False,2,1.0,3.8713593,2.4178524
27234221,S. cerevisiae,2016,J Ind Microbiol Biotechnol,yeast_model_organism,True,True,,S. cerevisiae was used because it is a model organism,technical,model_organism,the model organism Saccharomyces cerevisiae,1.0,False,2,1.0,3.2945638,2.7953858
27140921,S. cerevisiae,2016,Cold Spring Harb Protoc,yeast_model_organism,True,True,,It has been exploited for biochemistry and genetics studies since the early 20th century,biological,biochemistry_genetics,has been exploited since the early part of the twentieth century for studies in biochemistry and genetics,1.0,False,3,0.9573707047925994,6.7682037,3.2548187
27140921,S. cerevisiae,2016,Cold Spring Harb Protoc,yeast_model_organism,True,True,,It is the premier experimental system for modern functional genomics,technical,functional_genomics,It has been the premiere experimental system for modern functional genomics,1.0,False,3,0.8538414537574244,6.9357166,2.9154081
27125759,S. cerevisiae,2016,Exp Gerontol,yeast_model_organism,True,True,,chosen because it is a single-celled eukaryotic model organism,biological,model_organism,"from this single-celled, eukaryotic model organism",1.0,False,3,0.9409306189324338,7.956097,4.2815824
27037080,S. cerevisiae,2016,Cold Spring Harb Protoc,yeast_model_organism,True,True,,It is a pioneer model organism for many genome-scale methods,historical,pioneer_model,has served as the pioneer model organism for virtually all genome-scale methods,1.0,False,3,1.0,7.189337,3.8793705
27037080,S. cerevisiae,2016,Cold Spring Harb Protoc,yeast_model_organism,True,True,,It provides a test-bed for systematic fluorescence-based imaging screens,technical,fluorescence_imaging,Yeast has also provided a test-bed for the development of systematic fluorescence-based imaging screens,1.0,False,2,0.7096716366300159,11.630208,2.5289547
27015709,S. cerevisiae,2017,Mech Ageing Dev,yeast_model_organism,True,True,,Longstanding use as an aging model,historical,long_term_use,has been used as a model organism for the study of aging for over 50 years,1.0,False,2,1.0,3.2744212,0.5118089
29468114,S. cerevisiae,2016,Metab Eng Commun,yeast_model_organism,True,True,,chosen because it is a safer model organism,technical,biosafety,in a safer model organism,1.0,False,3,1.0,7.9679193,4.098278
26939796,S. cerevisiae,2016,Traffic,yeast_model_organism,True,True,,It is a well-established model organism for studying longevity mechanisms.,biological,model_organism,Saccharomyces cerevisiae is a well-established model organism to study the mechanisms of longevity.,1.0,False,2,1.0,3.3351822,0.49128428
26929932,S. cerevisiae,2016,Acta Biochim Pol,yeast_model_organism,True,True,,It is a well-established model for studying basic aging mechanisms,biological,aging_mechanisms,has long been used as a model organism for studying the basic mechanisms of aging,1.0,False,2,1.0,3.259112,0.47459793
26895051,S. cerevisiae,2016,Methods Mol Biol,yeast_model_organism,True,True,,S. cerevisiae is a well‑established model organism that provides a simple system for studying the basic molecular and cellular biology of LINE retrotransposons,technical,model_system,well-established model organism Saccharomyces cerevisiae,1.0,False,2,1.0,4.365415,2.7023284
26895051,S. cerevisiae,2016,Methods Mol Biol,yeast_model_organism,True,True,,Simple model systems are useful for studying the basic molecular and cellular biology of LINE retrotransposons,technical,model_system,Simple model systems can be useful for the study of basic molecular and cellular biology of LINE retrotransposons,1.0,False,3,1.0,7.163738,2.810102
26833420,S. cerevisiae,2016,FEMS Yeast Res,yeast_model_organism,True,True,,S. cerevisiae is a reliable model organism,biological,reliable_model,as a reliable model organism,1.0,False,2,1.0,3.6024888,3.318893
26819558,S. cerevisiae,2015,Lipid Insights,yeast_model_organism,True,True,,It has been successfully used to investigate lipid synthesis and its regulation.,technical,lipid_synthesis,a model organism that has been successfully used to investigate lipid synthesis and its regulation,1.0,False,-1,0.0,9.951828,0.6160171
26783001,S. cerevisiae,2016,Age (Dordr),yeast_model_organism,True,True,,S. cerevisiae is used because it serves as a model organism for studying aging,biological,aging_study,the yeast Saccharomyces cerevisiae continues to be used as a model organism for the study of aging,1.0,False,2,1.0,3.373871,0.70416486
26752694,S. cerevisiae,2016,Langmuir,yeast_model_organism,True,True,,chosen because it is a widely used unicellular eukaryotic model organism,biological,model_organism,they are a widely used unicellular eukaryotic model organism in cell biology,1.0,False,3,0.96241745515287,7.406142,3.9000409
26747203,S. cerevisiae,2016,G3 (Bethesda),yeast_model_organism,True,True,,It is an established model for studying chromosome segregation.,biological,chromosome segregation,Saccharomyces cerevisiae has long served as a model organism for studying the gene network supporting normal chromosome segregation.,1.0,False,2,0.9521846213117496,5.1932454,2.633475
26733577,S. cerevisiae,2016,Genome Biol Evol,yeast_model_organism,True,True,,S. cerevisiae is the gold standard in yeast population genomics,historical,reference_species,The gold standard in yeast population genomics has been the model organism Saccharomyces cerevisiae.,1.0,False,2,1.0,3.866572,2.7617846
26729913,S. cerevisiae,2016,Cold Spring Harb Protoc,yeast_model_organism,True,True,,It is a pioneer eukaryotic model for network biology,biological,pioneer_model,pioneer eukaryotic models for network biology,1.0,False,3,1.0,6.9967537,3.456663
26721274,S. cerevisiae,2016,Adv Exp Med Biol,yeast_model_organism,True,True,,It is used because it serves as a model organism to understand calcium homeostasis and calcium-dependent signaling in fungi.,biological,model_organism,Saccharomyces cerevisiae has served as a model organism to understand calcium homeostasis and calcium-dependent signaling in fungi.,1.0,False,2,1.0,3.612928,2.6851206
29240368,S. cerevisiae,2016,J Frailty Aging,yeast_model_organism,True,True,,S. cerevisiae has conserved aging pathways,biological,conserved_aging_pathways,Saccharomyces cerevisiae is a model organism with conserved aging pathways.,1.0,False,2,1.0,3.6132638,0.8695394
29240368,S. cerevisiae,2016,J Frailty Aging,yeast_model_organism,True,True,,Yeast lifespan experiments mimic human non‑dividing tissues,biological,human_tissue_mimicry,"Yeast chronological lifespan experiments mimic the processes involved in human non-dividing tissues, such as the nervous system or skeletal muscle",1.0,False,2,1.0,3.442767,0.85189384
29240368,S. cerevisiae,2016,J Frailty Aging,yeast_model_organism,True,True,,Using yeast speeds up anti‑aging biomolecule screening before animal studies,technical,accelerated_screening,can speed up the search for biomolecules with potential anti-aging effects before proceeding to animal studies,1.0,False,2,0.9763353743352298,3.2880554,1.1983998
26701310,S. cerevisiae,2016,Fungal Genet Biol,yeast_model_organism,True,True,,It is a well‑characterized model organism,biological,model_organism,the well‑characterized model organism Saccharomyces cerevisiae,0.952,False,3,1.0,6.901126,4.338599
26636650,S. cerevisiae,2016,Oncotarget,yeast_model_organism,True,True,,"Yeast shares key metabolic traits with cancer cells, making it a relevant biological model",biological,metabolic_similarity,"Two metabolic traits of rapidly proliferating fermenting yeast, namely aerobic glycolysis and lipogenesis, are known to be similar to those of cancer cells.",1.0,False,2,0.9975988881430479,4.68263,1.4502406
26636650,S. cerevisiae,2016,Oncotarget,yeast_model_organism,True,True,,Yeast is suitable for high-throughput chemical genetic screens,technical,high_throughput_screening,yeast can be successfully used as a model organism for high-throughput screens aimed at the discovery of selectively acting anti-tumor small molecules.,1.0,False,2,1.0,3.17295,1.8228298
26577093,S. cerevisiae,2015,BMC Genomics,yeast_model_organism,True,True,,S. cerevisiae has a protein (Tbf1) that recognizes the TTAGGG telomeric motif,biological,telomere_binding,"homologs in yeast species with degenerated telomeric repeats are also TTAGGG-binding proteins, e.g. in S. cerevisiae Tbf1 recognizes the TTAGGG motif found in its subtelomeres",1.0,False,2,1.0,4.7488775,1.544775
26543200,S. cerevisiae,2015,Mol Biol Cell,yeast_model_organism,True,True,,It offers an invaluable system for dissecting complex cellular processes with high-resolution phenotyping,biological,complex_cellular_processes,provides an invaluable system for dissecting complex cellular processes using high-resolution phenotyping,1.0,False,3,1.0,7.062394,2.6829784
26483029,S. cerevisiae,2016,Methods Mol Biol,yeast_model_organism,True,True,,Successful functional genomic technologies have been developed and applied in S. cerevisiae,technical,functional_genomics,Following the successful development and application of functional genomic technologies in yeast Saccharomyces cerevisiae,1.0,False,2,1.0,4.095777,3.0973444
26479197,S. cerevisiae,2015,Nat Struct Mol Biol,yeast_model_organism,True,True,,"It enables development of a system that recapitulates and arrests ribosome assembly at early stages, providing in vivo snapshots of nascent preribosomal particles.",technical,experimental_system,"By using Saccharomyces cerevisiae as a model organism, we developed a system that recapitulates and arrests ribosome assembly at early stages, thus providing in vivo snapshots of nascent preribosomal particles.",1.0,False,2,0.7131466902415494,10.331878,0.93891823
26462863,S. cerevisiae,2016,Brief Funct Genomics,yeast_model_organism,True,True,,its tractability and ease of genetic manipulation,technical,genetic_manipulation,Given its tractability and ease of genetic manipulation,1.0,False,3,1.0,5.1859217,4.9590163
26462863,S. cerevisiae,2016,Brief Funct Genomics,yeast_model_organism,True,True,,extensive genetic conservation with humans,biological,genetic_conservation,along with extensive genetic conservation with humans,1.0,False,2,1.0,5.0160275,0.8521668
26456818,S. cerevisiae,2015,Cell Rep,yeast_model_organism,True,True,,It is a model organism for replicative aging studies,biological,model_organism,The yeast Saccharomyces cerevisiae is a model organism for replicative aging studies,1.0,False,2,1.0,3.292612,0.5371247
34150513,S. cerevisiae,2015,Metab Eng Commun,yeast_model_organism,True,True,,widely used eukaryotic model organism and key cell factory for biofuels and chemicals,biological,model_organism,widely used eukaryotic model organism and a key cell factory for production of biofuels and wide range of chemicals,1.0,False,3,1.0,8.366413,3.5307736
26205243,S. cerevisiae,2015,FEMS Yeast Res,yeast_model_organism,True,True,,C. glabrata is phylogenetically closer to S. cerevisiae than to other Candida species,biological,phylogenetic_relationship,"Phylogenetically, C. glabrata is more closely related to the mostly non-pathogenic model organism Saccharomyces cerevisiae than to other Candida species.",1.0,False,2,0.8553280185351853,4.732427,0.94310844
26199284,S. cerevisiae,2015,G3 (Bethesda),yeast_model_organism,True,True,,S. cerevisiae enables rapid and robust techniques,technical,experimental_efficiency,"The rapid and robust nature of these techniques, using Saccharomyces cerevisiae as a model organism",1.0,False,2,1.0,4.0250483,2.7146387
26186436,S. cerevisiae,2015,PLoS One,yeast_model_organism,True,True,,"S. cerevisiae has only one YTH domain protein, simplifying the study of m6A function",biological,single_yth_protein,"has only one YTH domain protein (Pho92, Mrb1)",1.0,False,2,1.0,4.7054453,1.3164206
26116073,S. cerevisiae,2015,Eur J Cell Biol,yeast_model_organism,True,True,,S. cerevisiae is especially useful for elucidating mitochondrial iron transport,technical,functional_characterization,The model organism Saccharomyces cerevisiae has been especially useful for the elucidation of this process.,1.0,False,2,0.9536313226794202,5.0271087,1.9710462
25957495,S. cerevisiae,2015,Mol Genet Genomics,yeast_model_organism,True,True,,S. cerevisiae is a major model organism for genome-wide studies to identify target genes controlled by conserved epigenetic regulators,biological,conserved_epigenetic_regulators,Saccharomyces cerevisiae is a major model organism for genome-wide studies that aim at the identification of target genes under the control of conserved epigenetic regulators.,1.0,False,2,1.0,4.6901765,2.8142936
25957495,S. cerevisiae,2015,Mol Genet Genomics,yeast_model_organism,True,True,,Yeast is a useful model organism for studying chromatin-mediated effects on gene expression,technical,chromatin_gene_expression,"Since yeast is a useful model organism for chromatin-mediated effects on gene expression, our results provide a rich source for further genetic and molecular biological work on the regulation of cell growth and cell differentiation in eukaryotes.",1.0,False,2,1.0,4.789971,2.728409
25803831,S. cerevisiae,2015,PLoS One,yeast_model_organism,True,True,,S. cerevisiae is a well‑established model for linking complex phenotypes to DNA variations due to extensive QTL experience,biological,model_organism,The long experience of using quantitative trait loci (QTLs) with the yeast Saccharomyces cerevisiae has proven to be a good model organism for studying the link between complex phenotypes and DNA variations.,1.0,False,2,1.0,4.6027703,2.6469371
25781462,S. cerevisiae,2015,PLoS One,yeast_model_organism,True,True,,extensively studied with well-known protein functions and curated phenotype data,biological,well_characterized_model,"Saccharomyces cerevisiae is an extensively studied model organism, with well-known protein functions and thoroughly curated phenotype data.",1.0,False,3,0.9762183702794851,6.62107,3.218614
25758774,S. cerevisiae,2015,Biogerontology,yeast_model_organism,True,True,,Yeast enables rapid testing of bioactive substance efficacy,technical,rapid_assay,reinforce the idea of using yeast as a model organism in the development of rapid tests for studying the efficacy of different bioactive substances,1.0,False,2,1.0,3.1120973,1.6115777
25662162,S. cerevisiae,2015,Sci Rep,yeast_model_organism,True,True,,to test Agrobacterium-mediated translocation of site-specific endonucleases and its impact on gene targeting efficiency,technical,gene_targeting,"we used the model organism Saccharomyces cerevisiae to investigate whether the Agrobacterium mediated translocation of site-specific endonucleases via the type IV secretion system (T4SS), concomitantly with T-DNA transfer is possible and whether this can improve the gene targeting efficiency",1.0,False,-1,0.0,6.9954214,1.7505763
25591985,S. cerevisiae,2015,Trends Endocrinol Metab,yeast_model_organism,True,True,,its track record of seminal discoveries in biology,historical,seminal_discoveries,has served as a remarkable model organism for numerous seminal discoveries in biology,1.0,False,3,1.0,6.512095,3.2901077
25591985,S. cerevisiae,2015,Trends Endocrinol Metab,yeast_model_organism,True,True,,yeast studies have revitalized mitochondrial research,biological,mitochondrial_research,studies in yeast have helped to reinvigorate the field and launch an exciting new era in mitochondrial biology,1.0,False,2,1.0,5.3637047,1.8456185
25579579,S. cerevisiae,2015,Methods Mol Biol,yeast_model_organism,True,True,,ribosome biogenesis is best characterized in Saccharomyces cerevisiae,biological,well_characterized_process,a fundamental process that has been best characterized in the eukaryotic model organism Saccharomyces cerevisiae,1.0,False,2,1.0,4.749014,2.5828629
27081314,S. cerevisiae,2015,Lipid Insights,yeast_model_organism,True,True,,S. cerevisiae has been central to identifying enzymes in PA and DAG metabolism and transport,historical,enzyme_identification,Research conducted in the model organism Saccharomyces cerevisiae has been at the forefront of the identification of the enzymes involved in the metabolism and transport of PA and DAG.,1.0,False,2,1.0,4.3763814,2.3219237
27030810,S. cerevisiae,2015,NPJ Aging Mech Dis,yeast_model_organism,True,True,,It is a useful model for aging studies because it enables identification of genetic determinants of longevity that are conserved in higher eukaryotes.,biological,genetic_conservation,"The budding yeast has served as a useful model organism in aging studies, leading to the identification of genetic determinants of longevity, many of which are conserved in higher eukaryotes.",1.0,False,2,1.0,3.3845587,0.56061494
25486049,S. cerevisiae,2014,Prion,yeast_model_organism,True,True,,"Omnipotent nonsense suppressors were first identified in S. cerevisiae, so many later studies used this organism",historical,early_identification,"Omnipotent nonsense suppressors were identified in yeast Saccharomyces cerevisiae in 1960s, and most of subsequent studies were performed in this model organism.",1.0,False,2,0.9427246675587901,3.7682397,2.9106696
25448481,S. cerevisiae,2015,Methods,yeast_model_organism,True,True,,Yeast’s versatility allows reconstitution of the mammalian PI3K‑PTEN switch for functional assays,technical,model_versatility,"Taking advantage of the versatility of the model organism Saccharomyces cerevisiae, we have developed different functional assays by reconstitution of the mammalian PI3K-PTEN switch in this lower eukaryote.",1.0,False,2,1.0,4.051038,1.7334425
25448481,S. cerevisiae,2015,Methods,yeast_model_organism,True,True,,"Yeast requires PtdIns(4,5)P2 for growth, providing a convenient growth‑based readout of PTEN activity",biological,essential_lipid_dependency,"This can be traced by monitoring growth, given that PtdIns(4,5)P2 pools are essential for the yeast cell",1.0,False,2,1.0,3.989385,1.7004642
25416836,S. cerevisiae,2015,Plant Cell Physiol,yeast_model_organism,True,True,,"The yeast system is very well characterized, providing a known reference for comparison.",technical,well_characterized,the very well characterized system active in the model organism Saccharomyces cerevisiae,1.0,False,2,1.0,4.0614505,2.958449
25416836,S. cerevisiae,2015,Plant Cell Physiol,yeast_model_organism,True,True,,"The yeast system is involved in cell morphogenesis and abiotic stress responses, making it relevant for studying similar plant mechanisms.",biological,cell_morphogenesis_and_stress,There the system has been implicated in cell morphogenesis as well as response to abiotic stresses such as osmotic challenges,1.0,False,2,1.0,4.415744,1.9976038
25356557,S. cerevisiae,2014,PLoS One,yeast_model_organism,True,True,,"yeast ages within days, enabling rapid aging studies",biological,short_lifespan,yeast ages within days,1.0,False,2,1.0,3.4328117,0.87046
25356557,S. cerevisiae,2014,PLoS One,yeast_model_organism,True,True,,yeast is amenable to genetic manipulations,technical,genetic_manipulation,are amenable to genetic manipulations,1.0,False,3,0.8987021713573928,4.560863,4.1666317
25356557,S. cerevisiae,2014,PLoS One,yeast_model_organism,True,True,,"as a unicellular organism, yeast has robust systems to respond to environmental challenges",biological,stress_resilience,"As a unicellular organism, yeast has evolved robust systems to respond to environmental challenges",1.0,False,2,0.9890778397982682,4.505031,1.8414009
25346786,S. cerevisiae,2014,Commun Integr Biol,yeast_model_organism,True,True,,Because extensive mechanistic knowledge of endocytic complex assembly and disassembly exists in S. cerevisiae,technical,mechanistic_insights,despite our detailed knowledge of mechanistic aspects of endocytic complex assembly and disassembly in the model organism Saccharomyces cerevisiae,1.0,False,2,0.9011279341761469,4.713244,2.255657
29085852,S. cerevisiae,2014,Bio Protoc,yeast_model_organism,True,True,,high similarity to human cellular processes,biological,cellular_process_homology,"high homology it shares with human cells in many basic cellular processes such as DNA replication, repair, recombination, transcription",1.0,False,2,1.0,5.1919155,1.137937
29085852,S. cerevisiae,2014,Bio Protoc,yeast_model_organism,True,True,,genome is easy to manipulate,technical,genome_editability,the ease its genome can be manipulated,1.0,False,3,1.0,5.3131227,4.8687634
29085852,S. cerevisiae,2014,Bio Protoc,yeast_model_organism,True,True,,fast production rate comparable to bacteria,technical,growth_kinetics,fast production rate which is comparable to bacteria's,1.0,False,-1,0.0,11.900565,2.5063355
29085852,S. cerevisiae,2014,Bio Protoc,yeast_model_organism,True,True,,low cost of maintenance,economic,low_cost,its cheap maintenance,1.0,False,3,0.8937464662683624,6.0667205,4.719538
25308873,S. cerevisiae,2015,Yeast,yeast_model_organism,True,True,,It is the most frequently used model organism among fermentative yeasts.,historical,common_use,most frequently used as a model organism,1.0,False,2,1.0,3.279467,2.9038932
25259854,S. cerevisiae,2014,OMICS,yeast_model_organism,True,True,,to identify homologous and orthologous gene pairs through comparison,biological,comparative_genomics,Homologous and orthologous gene pairs were also determined by comparison with the model organism Saccharomyces cerevisiae.,1.0,False,2,1.0,4.967457,1.2459987
25213236,S. cerevisiae,2014,Methods Mol Biol,yeast_model_organism,True,True,,genetic tractability allows easy isolation and phenotypic characterization of mutants,biological,genetic_tractability,The power of Saccharomyces cerevisiae as an experimental organism derives from its genetic tractability. Mutant variants can be isolated or constructed and phenotypically characterized with relative ease.,1.0,False,3,1.0,5.128365,5.079355
25213236,S. cerevisiae,2014,Methods Mol Biol,yeast_model_organism,True,True,,ability to recover and analyze all four meiotic products as haploid spores simplifies genetic analysis,technical,tetrad_analysis,"the ability to recover and characterize all four products of meiosis, as haploid spores in a tetrad ascus, greatly facilitates determining the allelic composition of variants, measuring linkage relationships between alleles, and constructing new allele combinations for the analysis of genetic interactions",1.0,False,3,0.6855374100074351,5.2724085,3.6299732
25207793,S. cerevisiae,2015,ACS Synth Biol,yeast_model_organism,True,True,,S. cerevisiae is a model organism and a highly useful tool for both basic and applied research,biological,model_organism,One-step multiple gene disruption in the model organism Saccharomyces cerevisiae is a highly useful tool for both basic and applied research,1.0,False,2,1.0,3.9496443,2.7701943
25197771,S. cerevisiae,2014,Metabolites,yeast_model_organism,True,True,,S. cerevisiae was chosen because it has extensive biochemical knowledge as a model organism,biological,well_characterized_model,Despite the huge biochemical knowledge of the biochemistry of the model organism S. cerevisiae,1.0,False,2,1.0,3.2594564,2.8664172
25157258,S. cerevisiae,2014,Front Plant Sci,yeast_model_organism,True,True,,S. cerevisiae is used because it has been developed as an advanced model organism,technical,model_organism,which is developed as an advanced model organism,1.0,False,2,1.0,3.5417147,2.7103775
25111117,S. cerevisiae,2014,Gene,yeast_model_organism,True,True,,Yeast is a significant model for studying eukaryotic life processes,biological,eukaryote_study,"To study the life processes of all eukaryotes, yeast (Saccharomyces cerevisiae) is a significant model organism.",1.0,False,2,1.0,3.8985932,1.7540474
25111117,S. cerevisiae,2014,Gene,yeast_model_organism,True,True,,Yeast is an excellent model for investigating transcriptional responses to chemical stress,technical,transcriptional_response,It is also one of the best models to study the responses of genes at transcriptional level.,1.0,False,2,0.9457143949213709,4.529866,2.040597
25105496,S. cerevisiae,2014,PLoS One,yeast_model_organism,True,True,,chosen because it is a model organism for studying eukaryotes,biological,model_organism,a model organism for studying eukaryotes,1.0,False,3,0.9586883209572676,7.9195976,4.2181215
25046212,S. cerevisiae,2014,J Vis Exp,yeast_model_organism,True,True,,S. cerevisiae is pivotal for studying endosomal biogenesis,biological,model_organism,The yeast Saccharomyces cerevisiae has been pivotal in this task.,1.0,False,2,0.9119775043733007,4.709338,2.2955298
25022582,S. cerevisiae,2014,Antimicrob Agents Chemother,yeast_model_organism,True,True,,to study the pathways targeted by CQ,technical,pathway_analysis,We employed the budding yeast Saccharomyces cerevisiae as a model organism to study the pathways targeted by CQ.,1.0,False,-1,0.0,8.254072,1.7694894
24928139,S. cerevisiae,2014,Microb Cell Fact,yeast_model_organism,True,True,,It is the most relevant yeast species for alcoholic fermentation in winemaking.,biological,relevance_to_wine_fermentation,Saccharomyces cerevisiae is the most relevant yeast species conducting the alcoholic fermentation that takes place during winemaking.,1.0,False,2,0.6351723763955777,3.978045,3.5637188
24841313,S. cerevisiae,2014,Methods Mol Biol,yeast_model_organism,True,True,,Cellular mechanisms are conserved in mammalian cells,biological,conserved_mechanisms,numerous cellular mechanisms are conserved in mammalian cells,1.0,False,2,1.0,5.3326864,1.4311566
24841305,S. cerevisiae,2014,Methods Mol Biol,yeast_model_organism,True,True,,It is a powerful model applied to study many biological phenomena.,biological,model_general,The budding yeast Saccharomyces cerevisiae is a powerful model that has been applied to study many biological phenomena.,1.0,False,3,1.0,7.523278,2.7639697
24841305,S. cerevisiae,2014,Methods Mol Biol,yeast_model_organism,True,True,,"It has contributed greatly to our understanding of autophagy, including the identification of more than 30 autophagy-related genes.",biological,genetic_insights,"This model organism has contributed greatly to our understanding of autophagy, including the identification of more than 30 autophagy-related genes.",1.0,False,2,0.7380591301149313,5.088167,2.0505846
24841303,S. cerevisiae,2014,Methods Mol Biol,yeast_model_organism,True,True,,Because prior mitochondrial insights were first obtained in S. cerevisiae,historical,previous_insights,Most of our insights regarding the mechanisms that determine the morphogenesis and motility of mitochondria have been identified and analyzed first in the model organism Saccharomyces cerevisiae.,1.0,False,2,0.9410399929070457,5.0962005,2.0584457
24810358,S. cerevisiae,2014,Biotechnol Bioeng,yeast_model_organism,True,True,,to validate the applicability of the microbubble column for aerobic submerged cultivation processes,technical,validation_experiment,"To validate the applicability of the microbubble column for aerobic submerged cultivation processes, batch cultivations of the model organism Saccharomyces cerevisiae were performed",1.0,False,-1,0.0,12.278728,4.709523
24807111,S. cerevisiae,2014,Genetics,yeast_model_organism,True,True,,It is a powerful model for studying fundamental eukaryotic cell biology,biological,fundamental_cell_biology,powerful model organism for studying fundamental aspects of eukaryotic cell biology,1.0,False,3,1.0,7.031175,2.9462755
24807111,S. cerevisiae,2014,Genetics,yeast_model_organism,True,True,,It offers experimental amenability,technical,experimental_amenability,experimental amenability of budding yeast,1.0,False,3,1.0,5.382371,4.2047153
24736156,S. cerevisiae,2014,J Biosci,yeast_model_organism,True,True,,It is a well-known model organism,technical,model_organism,well-known model organism,1.0,False,3,1.0,7.2094064,4.299437
28357232,S. cerevisiae,2014,Microb Cell,yeast_model_organism,True,True,,S. cerevisiae has significantly contributed to identifying conserved molecular and cellular determinants of ageing,biological,conserved_determinants,The budding yeast Saccharomyces cerevisiae is an important model organism that has significantly contributed to the identification of conserved molecular and cellular determinants of ageing.,1.0,False,2,1.0,3.6153224,0.93426543
28357232,S. cerevisiae,2014,Microb Cell,yeast_model_organism,True,True,,Yeast remains a powerful model system for studying proteome maintenance and ageing,biological,model_system_power,These findings demonstrate that yeast remain a powerful model system for elucidating these relationships and their influence on ageing regulation.,1.0,False,2,1.0,3.5475895,1.0367312
24664350,S. cerevisiae,2014,PLoS One,yeast_model_organism,True,True,,to study the pathways targeted by NSNM,technical,pathway_analysis,We employed budding yeast Saccharomyces cerevisiae as a model organism to study the pathways targeted by NSNM.,1.0,False,-1,0.0,8.153734,1.8511311
24652061,S. cerevisiae,2014,Appl Microbiol Biotechnol,yeast_model_organism,True,True,,S. cerevisiae is a useful model organism for studying lead toxicity,biological,model_organism,The yeast Saccharomyces cerevisiae is a useful model organism for studying lead (Pb) toxicity.,1.0,False,2,1.0,3.348496,2.3113596
24647076,S. cerevisiae,2014,Trends Microbiol,yeast_model_organism,True,True,,S. cerevisiae is an effective host for studying virus‑host interactions,biological,virus_host_interaction,effective host to gain insights into the intricate interactions of viruses with host cells,1.0,False,2,1.0,4.08317,2.6188774
24583118,S. cerevisiae,2014,Biochim Biophys Acta,yeast_model_organism,True,True,,S. cerevisiae is a simpler model organism that helps overcome limitations of multicellular organism complexity,technical,model_simplicity,by taking advantage of simpler model organisms like the budding yeast Saccharomyces cerevisiae,1.0,False,2,1.0,3.571157,3.3801591
24557912,S. cerevisiae,2014,Methods Mol Biol,yeast_model_organism,True,True,,DSB induces homologous recombination over long distances in S. cerevisiae,biological,homologous_recombination,because the generation of a double-strand break (DSB) in yeast chromosomal DNA activates HR at long regions upstream and downstream from the break site,1.0,False,2,0.6889729611388145,5.261896,2.6062007
24526248,S. cerevisiae,2014,Food Funct,yeast_model_organism,True,True,,to study oxidative stress mechanisms in acrylamide toxicity,biological,oxidative_stress,"In order to understand the role of oxidative stress in acrylamide toxicity, we utilized Saccharomyces cerevisiae as a model organism",1.0,False,-1,0.0,7.578021,1.9311098
24520995,S. cerevisiae,2014,FEMS Yeast Res,yeast_model_organism,True,True,,"S. cerevisiae is a reliable model for studying lipid biochemistry, molecular biology, and cell biology",biological,model_reliability,"has become a reliable model organism to study biochemistry, molecular biology, and cell biology of lipids",1.0,False,2,1.0,4.3023276,2.2677612
24520995,S. cerevisiae,2014,FEMS Yeast Res,yeast_model_organism,True,True,,Availability of mutants with lipid pathway defects and ease of manipulation by culture conditions facilitate investigations,technical,mutant_availability,The availability of mutants bearing defects in lipid metabolic pathways and the ease of manipulation by culture conditions facilitated these investigations,1.0,False,3,1.0,9.98683,0.538249
24490132,S. cerevisiae,2014,FEBS Open Bio,yeast_model_organism,True,True,,to understand the mode of action of ebselen,technical,mode_of_action_study,employing budding yeast as a model organism to understand the mode of action of ebselen,1.0,False,-1,0.0,7.9839406,1.8618606
24484434,S. cerevisiae,2014,FEMS Microbiol Rev,yeast_model_organism,True,True,,detailed knowledge of the species,biological,extensive_knowledge,The detailed knowledge of this unicellular eukaryotic species ... makes budding yeast an ideal model organism,0.716,False,3,0.994892660831364,6.6940823,4.068659
24484434,S. cerevisiae,2014,FEMS Microbiol Rev,yeast_model_organism,True,True,,powerful tools developed to study its physiology,technical,experimental_tools,the powerful tools developed to study its physiology makes budding yeast an ideal model organism,1.0,False,3,1.0,7.40936,2.9249907
24477515,S. cerevisiae,2014,Integr Biol (Camb),yeast_model_organism,True,True,,S. cerevisiae was chosen because it is a model organism,biological,model_organism,continuous steady-state cultures of the model organism Saccharomyces cerevisiae,1.0,False,2,1.0,3.104879,3.0069344
24434903,S. cerevisiae,2014,Mol Cell Proteomics,yeast_model_organism,True,True,,S. cerevisiae is used because it is a Crabtree-positive eukaryotic model organism,biological,model_organism,Crabtree-positive eukaryotic model organism Saccharomyces cerevisiae,1.0,False,2,1.0,3.2579048,2.9620872
24416162,S. cerevisiae,2014,PLoS One,yeast_model_organism,True,True,,S. cerevisiae is a suitable eukaryotic model organism,technical,model_organism_suitability,using suitable eukaryotic a model organism,1.0,False,2,1.0,3.4965904,3.2751243
24408512,S. cerevisiae,2014,Yeast,yeast_model_organism,True,True,,ease and speed of genetic manipulations,technical,genetic_manipulation,due to its ease and speed of genetic manipulations,1.0,False,3,1.0,5.342731,4.9287457
24408512,S. cerevisiae,2014,Yeast,yeast_model_organism,True,True,,very small homologous sequence requirement (40 bp) enables many manipulations,technical,homology_requirements,the requirement for homologous sequences for recombination purposes is so small that 40 base pairs (bp) are sufficient,1.0,False,3,1.0,5.712766,4.3025103
24395419,S. cerevisiae,2014,Methods Mol Biol,yeast_model_organism,True,True,,S. cerevisiae is a long‑established model for studying eukaryotic cellular and molecular biology,biological,established_model,Yeast (Saccharomyces cerevisiae) as a model organism has long been established to study various aspects of eukaryotic cellular and molecular biology.,1.0,False,2,1.0,4.299862,2.588376
24395419,S. cerevisiae,2014,Methods Mol Biol,yeast_model_organism,True,True,,Yeast cell‑free lysates are a proven tool for studying eukaryotic protein expression in vitro,technical,cell_free_lysate_tool,Cell-free lysates prepared from different yeast strains have been used as a powerful tool to study eukaryotic protein expression in vitro.,1.0,False,2,1.0,3.9473603,1.6485074
24392018,S. cerevisiae,2013,PLoS One,yeast_model_organism,True,True,,It is a well‑studied model organism,technical,well_studied,well‑studied model organism Saccharomyces cerevisiae,0.962,False,3,1.0,6.8516297,4.322952
28357208,S. cerevisiae,2014,Microb Cell,yeast_model_organism,True,True,,It is an established model for identifying lifespan‑control genes in higher organisms,biological,model_organism,The yeast Saccharomyces cerevisiae is successfully used as a model organism to find genes responsible for lifespan control of higher organisms.,1.0,False,2,1.0,3.489517,0.6047259
27376107,S. cerevisiae,2014,Bio Protoc,yeast_model_organism,True,True,,Similar upstream base excision repair pathway to mammalian cells,biological,DNA_repair_similarity,has a similar upstream base excision repair (BER) pathway for the repair of methylated bases as that in mammalian cells,1.0,False,10,0.7665044572631866,10.376494,1.3744469
27376107,S. cerevisiae,2014,Bio Protoc,yeast_model_organism,True,True,,Very easy to maintain in the laboratory environment,technical,lab_maintenance_ease,it is very easy to maintain in the laboratory environment,1.0,False,3,1.0,5.9106474,5.057476
24374726,S. cerevisiae,2014,Biotechnol Bioeng,yeast_model_organism,True,True,,A. gossypii is phylogenetically close to S. cerevisiae,biological,phylogenetic_similarity,phylogenetically close to Saccharomyces cerevisiae,1.0,False,2,0.8299259415636527,4.762634,0.90649194
24374726,S. cerevisiae,2014,Biotechnol Bioeng,yeast_model_organism,True,True,,A. gossypii has one of the smallest eukaryote genomes,technical,genome_size,one of the smallest eukaryote genomes,1.0,False,-1,0.0,6.135835,3.657782
24374639,S. cerevisiae,2014,G3 (Bethesda),yeast_model_organism,True,True,,It was the first eukaryotic genome to be completely sequenced,historical,first_eukaryote_genome,The genome of the budding yeast Saccharomyces cerevisiae was the first completely sequenced from a eukaryote.,1.0,False,3,0.700621475534496,6.328422,3.7629035
24374639,S. cerevisiae,2014,G3 (Bethesda),yeast_model_organism,True,True,,"It has been intensively studied by geneticists, molecular biologists, and computational scientists",biological,extensive_study,"In the time since, the yeast genome has been intensively studied by geneticists, molecular biologists, and computational scientists all over the world.",1.0,False,3,1.0,6.658034,3.2030652
24374639,S. cerevisiae,2014,G3 (Bethesda),yeast_model_organism,True,True,,It is supported by one of the original model organism databases,technical,model_organism_database,"Maintenance and annotation of the genome sequence have long been provided by the Saccharomyces Genome Database, one of the original model organism databases.",1.0,False,3,1.0,7.3067675,4.31298
24205865,S. cerevisiae,2014,FEMS Yeast Res,yeast_model_organism,True,True,,It has been used to uncover genes that regulate lifespan and cell death.,biological,gene_regulation,"For the past 20 years, the budding yeast, Saccharomyces cerevisiae, has been used as a model organism to uncover the genes that regulate lifespan and cell death.",1.0,False,2,1.0,3.6971986,0.71675473
24205303,S. cerevisiae,2013,PLoS One,yeast_model_organism,True,True,,The protocol’s large fluorophore variety and simplicity expand the toolbox for S. cerevisiae,technical,toolbox_expansion,The large number of available fluorophores for these self-labelling proteins and the simplicity of the protocol described here expands the available toolbox for the model organism Saccharomyces cerevisiae.,1.0,False,2,1.0,4.0100474,2.7063103
24183694,S. cerevisiae,2014,Biochim Biophys Acta,yeast_model_organism,True,True,,It is a valuable model for studying mitochondrial genome segregation and partitioning in asymmetrically dividing cells,biological,mitochondrial_inheritance,has proven to be a valuable model organism to study the mechanisms that drive segregation of the mitochondrial genome and determine mitochondrial partitioning and behavior in an asymmetrically dividing cell,1.0,False,2,1.0,5.6019635,1.9891946
24165882,S. cerevisiae,2014,Nucleic Acids Res,yeast_model_organism,True,True,,simple protocols for genetic manipulation and phenotype profiling,technical,genetic_manipulation,because of its simple protocols for genetic manipulation and phenotype profiling,1.0,False,3,1.0,5.4308476,4.864291
24165882,S. cerevisiae,2014,Nucleic Acids Res,yeast_model_organism,True,True,,high abundance of publicly available data from diverse 'omics' approaches,technical,data_availability,The high abundance of publicly available data that has been generated through diverse 'omics' approaches has led to the use of yeast,1.0,False,3,1.0,6.1299243,3.4181998
24164772,S. cerevisiae,2014,FEMS Yeast Res,yeast_model_organism,True,True,,Yeast has a long history of use in fermentation for foods and beverages,historical,longstanding_use,"For millennia, yeast has been exploited to obtain fermentation products, such as foods and beverages.",1.0,False,-1,0.0,4.225524,3.5296245
24164772,S. cerevisiae,2014,FEMS Yeast Res,yeast_model_organism,True,True,,Yeast is an established model organism for basic and applied research,technical,established_model,"For c. 50 years, yeast has been an established model organism for basic and applied research",1.0,False,2,1.0,3.8012664,2.02008
24164772,S. cerevisiae,2014,FEMS Yeast Res,yeast_model_organism,True,True,,Yeast is used to dissect molecular mechanisms of cell aging and programmed cell death,biological,aging_mechanisms,"for c. 15 years, this unicellular organism has been applied to dissect molecular mechanisms of cell aging and programmed cell death",1.0,False,2,1.0,3.6891992,1.0910325
24122055,S. cerevisiae,2013,G3 (Bethesda),yeast_model_organism,True,True,,It is important for human food production,economic,food_production,important for human food production,1.0,False,3,1.0,8.936307,3.623804
24122055,S. cerevisiae,2013,G3 (Bethesda),yeast_model_organism,True,True,,It serves as a model organism for biological research,biological,model_organism,as a model organism for biological research,1.0,False,3,1.0,7.677511,3.2147927
24103154,S. cerevisiae,2014,FEMS Yeast Res,yeast_model_organism,True,True,,Metabolic similarity to tumor cells,biological,metabolic_reprogramming,There are similarities between glucose-induced repression of oxidative metabolism of yeast and metabolic reprogramming of tumor cells.,1.0,False,2,1.0,5.1207566,1.1728858
24103154,S. cerevisiae,2014,FEMS Yeast Res,yeast_model_organism,True,True,,Ability to express human genes heterologously,technical,heterologous_expression,"This, together with the possibility of heterologous expression of human genes in yeast, has allowed new insights to be obtained into the function of mammalian oncogenes/oncosuppressors.",1.0,False,6,0.7074801763797273,10.64077,2.9180849
24103154,S. cerevisiae,2014,FEMS Yeast Res,yeast_model_organism,True,True,,Apoptosis-like cell death similar to mammals,biological,apoptosis_similarity,"Yeast also undergoes an apoptosis-like programmed cell death process sharing several features with mammalian apoptosis, including oxidative stress and a major role played by mitochondria.",1.0,False,2,1.0,5.1318765,1.3415205
24062589,S. cerevisiae,2013,Philos Trans R Soc Lond B Biol Sci,yeast_model_organism,True,True,,experimental tractability,technical,experimental_tractability,owing to both its experimental tractability,1.0,False,3,1.0,4.78272,5.174354
24062589,S. cerevisiae,2013,Philos Trans R Soc Lond B Biol Sci,yeast_model_organism,True,True,,high conservation of cell polarity and basic biological processes among eukaryotes,biological,conserved_processes,and the high conservation of cell polarity and other basic biological processes among eukaryotes,1.0,False,2,1.0,5.3910685,1.4689238
24056782,S. cerevisiae,2013,Mol Biosyst,yeast_model_organism,True,True,,high conservation of the copper homeostasis pathway between yeast and humans,biological,pathway_conservation,A high degree of conservation of the copper homeostasis pathway between yeast and humans makes yeast an ideal model organism for studying copper-related disorders.,1.0,False,2,1.0,4.77659,1.1216533
24043855,S. cerevisiae,2013,J Exp Bot,yeast_model_organism,True,True,,S. cerevisiae was chosen because it enables a high-throughput functional assay to test bioactive peptides for oxidative stress tolerance,technical,high-throughput functional assay,A high-throughput functional assay was used in the eukaryotic model organism Saccharomyces cerevisiae allowing us to test for bioactive peptides that increase oxidative stress tolerance.,1.0,False,2,1.0,3.475403,1.9465246
24031036,S. cerevisiae,2013,Biotechnol J,yeast_model_organism,True,True,,Yeast can be engineered as a cell factory,technical,cell_factory_engineering,should enable us to more effectively engineer yeast as a cell factory,1.0,False,2,0.9789795958621663,3.9954693,2.9806592
24031036,S. cerevisiae,2013,Biotechnol J,yeast_model_organism,True,True,,Yeast serves as a living model for human or pathogen cells in drug screens,biological,living_model_for_drug_screening,use it as a living model of human or pathogen cells in intelligent screens for new drugs,1.0,False,2,1.0,3.5985696,1.7082446
24030826,S. cerevisiae,2013,J Biol Chem,yeast_model_organism,True,True,,S. cerevisiae enables recovery of temperature-sensitive but respiratory competent zim17 mutant cells,technical,genetic_manipulation,we introduced novel conditional mutations within the ZIM17 gene of the model organism Saccharomyces cerevisiae that allowed a recovery of temperature-sensitive but respiratory competent zim17 mutant cells,1.0,False,2,0.9879389659983681,4.5070915,1.819099
23996169,S. cerevisiae,2013,Methods Mol Biol,yeast_model_organism,True,True,,It is a valuable eukaryotic model for studying biochemical and cellular processes at the molecular level.,biological,model_organism,has become a valuable eukaryotic model organism to study biochemical and cellular processes at a molecular basis,1.0,False,3,1.0,6.937019,2.8011303
23986263,S. cerevisiae,2013,Lab Chip,yeast_model_organism,True,True,,"S. cerevisiae reached a stable steady-state, demonstrating chemostatic functionality",technical,demonstration_of_functionality,"The model organism, Saccharomyces cerevisiae, successfully reached a stable steady-state of different cell densities as a demonstration of the chemostatic functionality by programming the dilution rates.",1.0,False,2,1.0,4.066822,2.953503
15215092,E. coli,2004,Antimicrob Agents Chemother,ecoli_model_system,True,True,,safe assay system,technical,biosafety,"safe, convenient, and cost-effective Escherichia coli-based assay system",1.0,False,3,0.6867121856455265,6.361961,4.422523
15215092,E. coli,2004,Antimicrob Agents Chemother,ecoli_model_system,True,True,,convenient assay system,technical,ease_of_use,"safe, convenient, and cost-effective Escherichia coli-based assay system",1.0,False,3,0.7030811579153883,6.342291,4.3676977
15215092,E. coli,2004,Antimicrob Agents Chemother,ecoli_model_system,True,True,,cost-effective assay system,economic,low_cost,"safe, convenient, and cost-effective Escherichia coli-based assay system",1.0,False,3,0.7451275577344483,6.268233,4.434894
40681602,S. cerevisiae,2025,Sci Rep,yeast_model_organism,True,True,,genetic tractability makes it a valuable model for mitochondrial studies,technical,genetic_manipulation,genetic tractability,1.0,False,3,1.0,4.8704505,4.8026295
40681602,S. cerevisiae,2025,Sci Rep,yeast_model_organism,True,True,,high conservation of mitochondrial processes with humans,biological,evolutionary_conservation,"high conservation of mitochondrial processes among eukaryotes, including humans",1.0,False,2,1.0,5.5699363,1.1841526
40681602,S. cerevisiae,2025,Sci Rep,yeast_model_organism,True,True,,easy to culture and manipulate genetically enables rapid mutant generation,technical,ease_of_culture,"Yeasts are easy to culture and manipulate genetically, which allows rapid generation of mutant strains",1.0,False,3,1.0,5.630984,4.848288
40681602,S. cerevisiae,2025,Sci Rep,yeast_model_organism,True,True,,ability to survive without functional mitochondria allows study of lethal mutations,biological,mitochondrial_null_viability,the ability of yeasts to survive without functional mitochondria allows the study of mutations that are lethal to organisms that are dependent on aerobic metabolism,1.0,False,2,1.0,5.6773186,1.8305262
39822944,S. cerevisiae,2023,F1000Res,yeast_model_organism,True,True,,indispensable model for discovering the molecular basis of aging,biological,aging_research,indispensable model organism in the field of biomedical research for discovering the molecular basis of aging,1.0,False,2,1.0,3.2875896,0.50427526
39822944,S. cerevisiae,2023,F1000Res,yeast_model_organism,True,True,,preserves conserved nutritional signaling pathways,biological,conserved_signaling,preserved nutritional signaling pathways (such as the target of rapamycin (TOR)-Sch9 and the Ras-AC-PKA (cAMP-dependent protein kinase) pathways,1.0,False,2,1.0,5.203826,1.350026
39822944,S. cerevisiae,2023,F1000Res,yeast_model_organism,True,True,,exhibits two distinct aging paradigms (CLS and RLS),biological,aging_paradigms,shows two distinct aging paradigms chronological life span (CLS) and replicative life span (RLS),1.0,False,2,1.0,3.3703282,0.5017149
39694811,S. cerevisiae,2025,Cold Spring Harb Perspect Biol,yeast_model_organism,True,True,,It is a model organism in telomere biology that enables pioneering understanding of telomerase‑independent processes.,biological,model_system,"Saccharomyces cerevisiae, a model organism in telomere biology, has been instrumental in pioneering a comprehensive understanding of the molecular processes that occur in the absence of telomerase across eukaryotes.",1.0,False,3,1.0,7.0328693,3.028067
39694811,S. cerevisiae,2025,Cold Spring Harb Perspect Biol,yeast_model_organism,True,True,,Budding yeast allows identification and modeling of cellular heterogeneity linked to telomere dynamics.,biological,cellular_heterogeneity,"Through the lens of budding yeast, numerous sources of cellular heterogeneity have been identified, dissected, and modeled, shedding light on the risks associated with telomeric state transitions, including the evasion of senescence.",1.0,False,2,0.9121709768928615,4.1397347,1.2427578
38682313,S. cerevisiae,2024,DNA Cell Biol,yeast_model_organism,True,True,,genetically tractable,biological,genetic_tractability,genetically tractable,1.0,False,3,1.0,4.7281666,5.243163
38682313,S. cerevisiae,2024,DNA Cell Biol,yeast_model_organism,True,True,,affordable,economic,cost_effectiveness,affordable,1.0,False,3,0.9095669411733969,6.0471883,4.7914047
38682313,S. cerevisiae,2024,DNA Cell Biol,yeast_model_organism,True,True,,extensively documented,historical,extensive_documentation,extensively documented,1.0,False,3,1.0,6.4769154,3.3409574
38682313,S. cerevisiae,2024,DNA Cell Biol,yeast_model_organism,True,True,,amenable for the development of genetic and biochemical experiments,technical,experimental_amenability,amenable for the development of genetic and biochemical experiments,1.0,False,3,1.0,5.18033,4.2155747
38682313,S. cerevisiae,2024,DNA Cell Biol,yeast_model_organism,True,True,,frequently used to investigate mammalian proteins,biological,cross_species_relevance,"frequently used to investigate the function, activity, and mechanism of mammalian proteins",1.0,False,3,0.6571590604145926,9.117534,2.5795662
38151215,S. cerevisiae,2024,Free Radic Biol Med,yeast_model_organism,True,True,,It is used because it is a eukaryotic model organism,biological,eukaryotic_model,"eukaryotic model organism, Saccharomyces cerevisiae",1.0,False,3,0.9510037443128683,7.857076,4.23866
35524059,S. cerevisiae,2022,Methods Mol Biol,yeast_model_organism,True,True,,important model organism for eukaryotic systems,biological,model_organism,important model organism for eukaryotic systems,1.0,False,3,1.0,7.156915,3.20843
35524059,S. cerevisiae,2022,Methods Mol Biol,yeast_model_organism,True,True,,vast knowledge accumulated over decades of research,historical,research_knowledge,vast knowledge accumulated over decades of research,1.0,False,3,1.0,6.4584017,3.2611487
35524059,S. cerevisiae,2022,Methods Mol Biol,yeast_model_organism,True,True,,overall ease of engineering,technical,ease_of_engineering,overall ease of engineering,1.0,False,3,1.0,5.4847345,5.114691
35524059,S. cerevisiae,2022,Methods Mol Biol,yeast_model_organism,True,True,,its robustness,biological,robustness,its robustness,1.0,False,3,0.6824862565562037,7.338535,2.6255536
32985470,S. cerevisiae,2021,Neural Regen Res,yeast_model_organism,True,True,,It is a widely used model organism in life‑science research,historical,established_model,widely used in research on life sciences,1.0,False,3,1.0,7.776371,3.5761573
32985470,S. cerevisiae,2021,Neural Regen Res,yeast_model_organism,True,True,,"Yeast shares prion mechanisms with mammals, making it useful for studying mammalian prion proteins",biological,shared_mechanisms,evolutionarily distant organisms share common mechanisms underlying the structural conversion of prion proteins making yeast cells a useful system for studying mammalian prion protein,1.0,False,2,0.9244625302161288,4.4718914,1.0577328
32985470,S. cerevisiae,2021,Neural Regen Res,yeast_model_organism,True,True,,"Yeast assays are cheap to maintain and safe for researchers, suitable for preliminary screening",technical,cost_efficiency,"Yeast-based assays are cheap in maintenance and safe for the researcher, making them a very good choice to perform preliminary screening",1.0,False,2,1.0,3.2173288,1.8132051
30474529,S. cerevisiae,2019,Curr Drug Targets,yeast_model_organism,True,True,,"lacks functional RNA interference system, enabling high-level recombinant interfering RNA expression",biological,RNAi_absence,"lacks a functional RNA interference system, which may make it an ideal system for expression and accumulation of high levels of recombinant interfering RNA",1.0,False,-1,0.0,9.92252,2.6597793
30474529,S. cerevisiae,2019,Curr Drug Targets,yeast_model_organism,True,True,,genetic tractability facilitates development of RNAi technologies,technical,genetic_tractability,The genetic tractability of S. cerevisiae ... will facilitate further development of this promising new technology,0.711,False,3,1.0,4.9992595,5.103135
30474529,S. cerevisiae,2019,Curr Drug Targets,yeast_model_organism,True,True,,long history of safe use in food and pharmaceutical industry supports its application,historical,historical_use_food_pharma,a long history of using this microbe in both the food and pharmaceutical industry will facilitate further development,1.0,False,3,1.0,8.869024,3.6765985
30474529,S. cerevisiae,2019,Curr Drug Targets,yeast_model_organism,True,True,,considered an excellent and safe system for interfering RNA delivery,biological,safety,this microbe may be an excellent and safe system for interfering RNA delivery,1.0,False,-1,0.0,9.787168,2.603371
29286473,S. cerevisiae,2017,J Vis Exp,yeast_model_organism,True,True,,"Genome-wide analyses in mammalian cells are complex, time‑consuming, and expensive",technical,resource_intensity,"Since genome-wide analyses of A/B toxin trafficking in mammalian cells is complex, time-consuming, and expensive",1.0,False,-1,0.0,5.850423,2.9855773
29286473,S. cerevisiae,2017,J Vis Exp,yeast_model_organism,True,True,,"Fundamental cellular processes in yeast are similar to those in higher eukaryotes, allowing results to be transferred",biological,process_conservation,"Despite being less complex, fundamental cellular processes in yeast and higher eukaryotic cells are similar and very often results obtained in yeast can be transferred to the mammalian situation",1.0,False,2,1.0,4.977855,1.5245501
28237109,S. cerevisiae,2017,Methods Enzymol,yeast_model_organism,True,True,,It is amenable to genetic and biochemical approaches,technical,genetic_and_biochemical_accessibility,amenability to genetic and biochemical approaches,1.0,False,3,1.0,5.215895,4.2399817
28237109,S. cerevisiae,2017,Methods Enzymol,yeast_model_organism,True,True,,The autophagy pathway is highly conserved between yeast and other eukaryotes,biological,pathway_conservation,high conservation of this pathway among eukaryotes,1.0,False,2,1.0,4.9526663,1.4488846
28237109,S. cerevisiae,2017,Methods Enzymol,yeast_model_organism,True,True,,A very large collection of reagents makes it a leading system for autophagy studies,technical,reagent_availability,a very large collection of reagents keeps S. cerevisiae in a leading position for the study of the molecular mechanism and regulation of autophagy,1.0,False,2,0.6923117850612008,5.1768303,2.129956
28001277,S. cerevisiae,2016,J Biomed Opt,yeast_model_organism,True,True,,S. cerevisiae naturally produces endogenous PpIX,biological,endogenous_metabolite_production,Saccharomyces cerevisiae produces endogenous PpIX and was used as a model organism for this study,1.0,False,2,1.0,4.2005134,2.5378578
28001277,S. cerevisiae,2016,J Biomed Opt,yeast_model_organism,True,True,,Using the yeast model avoids the complexity of multicellular organisms,technical,simplicity_of_model,"Use of this model organism focuses on essential mechanisms, without the complexity of a multicellular organism",1.0,False,2,1.0,3.4621553,3.05501
27795405,S. cerevisiae,2016,mBio,yeast_model_organism,True,True,,"S. cerevisiae is a well‑studied, benign baker’s yeast and established model organism",biological,model_organism,the well‑studied and benign baker's yeast and model organism Saccharomyces cerevisiae,0.953,False,2,1.0,3.6687198,3.327507
27795405,S. cerevisiae,2016,mBio,yeast_model_organism,True,True,,S. cerevisiae is evolutionarily close to C. glabrata,biological,evolutionary_relationship,evolutionarily close relative of the well‑studied and benign baker's yeast and model organism Saccharomyces cerevisiae,0.958,False,2,0.8330112624727514,4.7810984,0.9054785
26678749,S. cerevisiae,2016,FEMS Yeast Res,yeast_model_organism,True,True,,It is an excellent model for lipid research,biological,model_organism,Saccharomyces cerevisiae is an excellent model organism for lipid research.,1.0,False,-1,0.0,9.862538,0.71780914
26365628,S. cerevisiae,2016,J Proteomics,yeast_model_organism,True,True,,It is a well‑consolidated and widely used eukaryotic model.,historical,established_model,represents a well‑consolidated and widely used eukaryotic model,0.952,False,3,1.0,6.89611,3.417573
26365628,S. cerevisiae,2016,J Proteomics,yeast_model_organism,True,True,,"Its features make it ideal for functional toxicological studies, enabling identification of molecular biomarkers and novel targets.",technical,toxicology_assays,"with a number of features that make it an ideal organism to carry out functional toxicological studies. Several advantages are permitted by the use of yeast cells, as the possibility to identify molecular biomarkers, unknown mechanisms of action and novel potential targets",1.0,False,3,1.0,6.84736,2.4759028
26365628,S. cerevisiae,2016,J Proteomics,yeast_model_organism,True,True,,Evolutionary conservation allows yeast to provide clues for toxicity predictions in higher eukaryotes.,biological,evolutionary_conservation,"Thanks to the evolutionary conservation, yeast can provide also useful clues allowing the prioritization of more complex analyses and toxicity predictions in higher eukaryotes",1.0,False,2,1.0,3.797939,1.2432785
26035862,S. cerevisiae,2015,Dis Model Mech,yeast_model_organism,True,True,,good fermenting capacity enables survival of oxidative phosphorylation mutants,biological,fermentative_growth,"Because of its good fermenting capacity, S. cerevisiae can survive mutations that inactivate oxidative phosphorylation",1.0,False,-1,0.0,9.493054,0.7845331
26035862,S. cerevisiae,2015,Dis Model Mech,yeast_model_organism,True,True,,tolerance of complete loss of mitochondrial DNA (petite-positivity),biological,mtDNA_loss_tolerance,has the ability to tolerate the complete loss of mitochondrial DNA (a property referred to as 'petite-positivity'),1.0,False,2,1.0,5.7228966,1.7565674
26035862,S. cerevisiae,2015,Dis Model Mech,yeast_model_organism,True,True,,amenable to mitochondrial and nuclear genome manipulation,technical,genome_manipulation,is amenable to mitochondrial and nuclear genome manipulation,1.0,False,3,1.0,5.287844,4.8070107
26035862,S. cerevisiae,2015,Dis Model Mech,yeast_model_organism,True,True,,high functional conservation with human mitochondrial genes,biological,functional_conservation,high level of functional conservation between yeast and human mitochondrial genes,1.0,False,2,1.0,5.62725,1.1677561
25218923,S. cerevisiae,2014,Cell Signal,yeast_model_organism,True,True,,Yeast was already a powerful model organism for studying cellular processes,technical,model_organism,already a powerful model organism for the study of cellular processes,1.0,False,2,1.0,3.924554,1.9719697
25218923,S. cerevisiae,2014,Cell Signal,yeast_model_organism,True,True,,Yeast is a relevant model for understanding signal transduction in higher eukaryotes,biological,signal_transduction_relevance,yeast is a relevant model for understanding signal transduction in higher eukaryotes,1.0,False,2,1.0,4.140422,1.8099154
25218923,S. cerevisiae,2014,Cell Signal,yeast_model_organism,True,True,,Orthologous pathways were identified in mammals after discovery in yeast,biological,conserved_pathways,orthologous pathways were identified in mammals following their discovery in yeast,1.0,False,2,1.0,4.836424,1.1189437
25131588,S. cerevisiae,2014,Essays Biochem,yeast_model_organism,True,True,,"Yeast provides abundant analytical capabilities and enables simple, cheap genome-wide screening.",technical,genetic_resources,"This tractable model offers an abundance of analytical capabilities, including a vast array of global genetics and molecular resources that allow genome-wide screening to be carried out relatively simply and cheaply.",1.0,False,2,1.0,3.3632405,2.088277
25131588,S. cerevisiae,2014,Essays Biochem,yeast_model_organism,True,True,,Conserved amyloid toxicity mechanisms make yeast a valuable model for studying human neurodegenerative diseases.,biological,conserved_mechanisms,the conserved mechanisms for how amyloid exhibits toxicity clearly underscore the value of carrying out such studies in yeast.,1.0,False,2,0.984084983681387,4.146982,0.79219645
23808805,S. cerevisiae,2014,J Enzyme Inhib Med Chem,yeast_model_organism,True,True,,S. cerevisiae is useful for detecting antifungals with a novel mechanism of action,biological,antifungal_screening,The model organism S. cerevisiae and this particular enzyme may be useful for detecting antifungals with a novel mechanism of action compared to the classical azole drugs to which significant drug resistance emerged.,1.0,False,2,1.0,3.3092577,1.7233387
23751184,S. cerevisiae,2013,Cold Spring Harb Perspect Biol,yeast_model_organism,True,True,,"The pathway is highly conserved, so the authors use S. cerevisiae as a model organism.",biological,conserved_pathway,Based on the highly conserved nature of this pathway we concentrate on the mechanisms in the eukaryotic model organism Saccharomyces cerevisiae.,1.0,False,2,0.9508174270643752,4.501029,1.9932083
23749448,S. cerevisiae,2013,G3 (Bethesda),yeast_model_organism,True,True,,extensive synteny with the S. cerevisiae genome,biological,genomic_synteny,"revealed extensive synteny with the Saccharomyces cerevisiae genome, leading us to use it as a model organism",1.0,False,2,1.0,4.8142853,0.9348965
23733847,S. cerevisiae,2013,Genetics,yeast_model_organism,True,True,,S. cerevisiae is used because it is a model organism with a comprehensive mutant collection that enables functional genomic research.,biological,model_organism,"Such a set was produced for the yeast, Saccharomyces cerevisiae ... enables this model eukaryote to continue at the forefront of research in modern biology.",0.673,False,2,1.0,3.883665,2.61779
23719914,S. cerevisiae,2013,Methods Mol Biol,yeast_model_organism,True,True,,provides important general insights into basic cellular mechanisms of protein misfolding,biological,mechanistic_insights,has provided important general insights into the basic cellular mechanisms underlying protein misfolding.,1.0,False,2,0.949848834349808,4.3231673,0.82799876
23719914,S. cerevisiae,2013,Methods Mol Biol,yeast_model_organism,True,True,,enables identification of cellular factors that modulate toxicity and aggregation of polyglutamine proteins,biological,factor_identification,experiments in yeast have identified cellular factors that modulate the toxicity and the aggregation associated with polyglutamine expansion proteins.,1.0,False,2,0.9058742243684146,4.275569,0.72998613
23719914,S. cerevisiae,2013,Methods Mol Biol,yeast_model_organism,True,True,,features discovered in yeast are highly relevant to other model organisms and human pathology,biological,cross_species_relevance,many features discovered in yeast have been proven to be highly relevant in other model organisms and in human pathology.,1.0,False,2,1.0,4.2560177,1.525559
23667093,S. cerevisiae,2013,Postepy Hig Med Dosw (Online),yeast_model_organism,True,True,,It is an excellent model for studying transcriptional regulation of metabolic processes in other eukaryotic cells.,biological,model_organism,Saccharomyces cerevisiae is an excellent model organism for studies of transcriptional regulation of metabolic processes in other eukaryotic cells including human cells.,1.0,False,3,0.9870268841171322,7.0467076,2.2573056
23602331,S. cerevisiae,2013,Curr Opin Genet Dev,yeast_model_organism,True,True,,It is a well‑studied model organism,biological,well_studied,well‑studied model organism,0.963,False,3,1.0,6.867642,4.3353014
23520547,S. cerevisiae,2013,PLoS One,yeast_model_organism,True,True,,to dissect the mechanism underlying the action of curcumin,technical,mechanistic_dissection,we have used yeast as a model organism to dissect the mechanism underlying the action of curcumin,1.0,False,-1,0.0,7.969877,1.8644251
23487186,S. cerevisiae,2013,Database (Oxford),yeast_model_organism,True,True,,"It was the first eukaryotic genome sequenced, establishing it as a model organism",historical,first_genome_sequence,The first completed eukaryotic genome sequence was that of the yeast Saccharomyces cerevisiae,1.0,False,3,0.7865343325292836,6.3963947,3.721707
23487186,S. cerevisiae,2013,Database (Oxford),yeast_model_organism,True,True,,"It has an established, authoritative community database (SGD) providing comprehensive information",technical,authoritative_database,the Saccharomyces Genome Database (SGD; http://www.yeastgenome.org/) is the original model organism database,1.0,False,2,0.8341616399010732,4.6798453,3.1817944
23475705,S. cerevisiae,2013,Eukaryot Cell,yeast_model_organism,True,True,,It is a model organism,biological,model_system,the model organism Saccharomyces cerevisiae,1.0,False,3,1.0,7.576693,4.243948
23463800,S. cerevisiae,2013,Genetics,yeast_model_organism,True,True,,It enables identification of human ion homeostasis machinery and provides disease insights,biological,human_relevance,Findings in this model organism have often allowed the corresponding machinery in humans to be identified and have provided insights into diseases that result from defects in ion homeostasis.,1.0,False,2,0.9562642894394568,4.4673214,1.637818
23430312,S. cerevisiae,2013,Front Microbiol,yeast_model_organism,True,True,,It is a valuable model to study fundamental mechanisms of cell response to stressful environmental changes.,biological,stress_response,valuable model organism to study fundamental mechanisms of cell response to stressful environmental changes,1.0,False,3,0.9126415780476306,6.9606247,2.1890442
23430312,S. cerevisiae,2013,Front Microbiol,yeast_model_organism,True,True,,It has classical biotechnological applications such as food and beverage production or as a cell factory.,technical,biotechnological_applications,classical biotechnological applications such as food and beverage production or as a cell factory,1.0,False,3,1.0,8.954443,3.550882
23233838,S. cerevisiae,2012,Front Physiol,yeast_model_organism,True,True,,It shares PCD components and pathways with human cells,biological,conserved_pathways,shares with human cells components and pathways of the PCD and is therefore used as a model organism,1.0,False,2,1.0,5.14532,0.9837507
23226166,S. cerevisiae,2012,J Chem Biol,yeast_model_organism,True,True,,chosen because it is a eukaryotic model organism,technical,eukaryotic_model,"By using transcriptomics in a eukaryotic model organism, yeast Saccharomyces cerevisiae",1.0,False,3,0.9496045790253091,7.912197,4.286166
23221999,S. cerevisiae,2013,Mol Cell Proteomics,yeast_model_organism,True,True,,S. cerevisiae is used because its cell wall integrity pathway has been thoroughly studied as a paradigm of the MAPK pathway,biological,paradigm_model,has been thoroughly studied as a paradigm of the mitogen-activated protein kinase (MAPK) pathway,1.0,False,2,1.0,4.1130877,2.4668741
23220121,S. cerevisiae,2013,Biochim Biophys Acta,yeast_model_organism,True,True,,"Yeast is easy to handle, providing a practical alternative to difficult human biopsy studies",technical,experimental_convenience,"Due to the inherent difficulties of studying human biopsy material associated with complex III dysfunction, we also review the work that has been conducted to study the pathologies with the easy to handle eukaryotic microorganism, the yeast Saccharomyces cerevisiae.",1.0,False,2,1.0,3.7810998,2.042005
23128089,S. cerevisiae,2012,Molecules,yeast_model_organism,True,True,,experimental tractability with rapid doubling time and simple culture conditions,technical,growth_kinetics,"experimental tractability (i.e., rapid doubling time, simple culture conditions)",1.0,False,3,1.0,4.9061446,4.948982
23128089,S. cerevisiae,2012,Molecules,yeast_model_organism,True,True,,availability of powerful tools for drug-target identification,technical,drug_target_identification,availability of powerful tools for drug-target identification,1.0,False,2,0.9318848167161206,5.5699534,4.1236534
23096568,S. cerevisiae,2013,Biol Chem,yeast_model_organism,True,True,,Yeast exhibits distinct membrane compartments such as MCCs and MCPs,biological,membrane_compartmentalization,"different membrane compartments (MCs) have been described in the yeast plasma membrane, such as those defined by Can1 and Pma1 (MCCs and MCPs)",1.0,False,2,1.0,4.858822,1.8677425
23096568,S. cerevisiae,2013,Biol Chem,yeast_model_organism,True,True,,"Saccharomyces cerevisiae is amenable to genetic, biochemical, and microscopic studies",technical,experimental_accessibility,"Saccharomyces cerevisiae can serve as a model organism, which is amenable to genetic, biochemical, and microscopic studies",1.0,False,3,0.7426538449090273,4.742643,3.7370949
23023004,S. cerevisiae,2012,Genetics,yeast_model_organism,True,True,,S. cerevisiae is an important model organism,biological,model_organism,an important model organism,1.0,False,2,1.0,3.5636737,3.129231
23023004,S. cerevisiae,2012,Genetics,yeast_model_organism,True,True,,S. cerevisiae is an agricultural species,economic,agricultural,agricultural species,1.0,False,2,1.0,3.8385835,3.3559065
23021432,S. cerevisiae,2012,Genome Biol,yeast_model_organism,True,True,,Yeast has a deletion collection that enables quantitative genome-wide analysis,technical,deletion_collection,"Introducing a pH-sensitive reporter protein into the yeast deletion collection allowed quantitative genome-wide analysis of pH(c) in live, growing yeast cultures.",1.0,False,2,0.9672678716284693,3.3460553,2.2930143
22977733,S. cerevisiae,2012,Open Biol,yeast_model_organism,True,True,,It is a widely used model organism,biological,model_organism,widely used model organism,1.0,False,3,1.0,7.847834,3.648596
22935071,S. cerevisiae,2012,Curr Drug Metab,yeast_model_organism,True,True,,Yeast contains endogenous bioactivation enzymes,biological,endogenous enzymes,including the endogenous bioactivation enzymes present,1.0,False,2,1.0,3.8728313,1.8882805
22935071,S. cerevisiae,2012,Curr Drug Metab,yeast_model_organism,True,True,,Yeast can heterologously express mammalian P450s,technical,heterologous expression,the heterologous expression of (mammalian) P450s,1.0,False,-1,0.0,10.411405,2.9997942
22935071,S. cerevisiae,2012,Curr Drug Metab,yeast_model_organism,True,True,,Yeast offers a wide variety of genome‑wide screens and has a well‑annotated genome,technical,genome-wide screens,"The wide variety of genome-wide screens available in yeast, combined with its well-annotated genome, also facilitate follow-up studies on the genes involved in toxicity",1.0,False,2,0.9498498525636694,3.3540199,2.252485
22912775,S. cerevisiae,2012,PLoS One,yeast_model_organism,True,True,,chosen because the method is most suitable for eukaryotic cells with multiple compartments,biological,cellular_compartments,"This approach is most suitable for eukaryotic cells, owing to their multiplicity of cellular compartments. For this reason, Saccharomyces cerevisiae was used as model organism",1.0,False,3,0.9114062657039784,7.998023,4.3164067
22910375,S. cerevisiae,2012,J Biomed Biotechnol,yeast_model_organism,True,True,,S. cerevisiae has greatly contributed to understanding fundamental cellular biology in higher eukaryotes,biological,fundamental_aspects,has greatly contributed to our understanding of many fundamental aspects of cellular biology in higher eukaryotes,1.0,False,2,1.0,4.1173015,2.24473
22910375,S. cerevisiae,2012,J Biomed Biotechnol,yeast_model_organism,True,True,,Engineered yeast models are powerful tools for studying the molecular basis of complex human diseases,technical,engineered_models,engineered yeast models ... have become powerful tools for unraveling the molecular basis of complex human diseases like neurodegeneration,0.855,False,2,1.0,3.7803688,1.9528432
22910375,S. cerevisiae,2012,J Biomed Biotechnol,yeast_model_organism,True,True,,Yeast models enable target-directed large-scale screenings for therapeutic discovery,technical,large_scale_screening,"with the possibility of performing target-directed large-scale screenings, yeast models have emerged as promising first-line approaches in the discovery process of novel therapeutic opportunities",1.0,False,2,1.0,3.1779253,1.6235608
22905177,S. cerevisiae,2012,PLoS One,yeast_model_organism,True,True,,S. cerevisiae was used as a model organism to study the effects of organic compounds on meiotic development,biological,meiotic_development,"To better understand how organic compounds interfere with meiotic development, the model organism Saccharomyces cerevisiae was exposed",1.0,False,2,1.0,4.0637193,2.5034857
22865919,S. cerevisiae,2012,Mol Cell Proteomics,yeast_model_organism,True,True,,It is a widely used unicellular eukaryotic model organism in biomedical research.,biological,model_organism,The budding yeast Saccharomyces cerevisiae is a widely used unicellular eukaryotic model organism in biomedical research.,1.0,False,3,1.0,7.180786,3.6487496
22858845,S. cerevisiae,2012,Molecules,yeast_model_organism,True,True,,yeast genetic methods are powerful tools for discovering novel gene functions,biological,genetic_methods,yeast genetic methods are powerful tools for discovery of novel functions of genes,1.0,False,2,0.9288100887686651,3.679948,2.1663213
22792162,S. cerevisiae,2012,PLoS One,yeast_model_organism,True,True,,S. cerevisiae is a long‑standing model for studying transcriptional silencing,biological,model_organism,The model organism Saccharomyces cerevisiae has been used for many years to study transcriptional silencing,1.0,False,2,1.0,4.619868,2.776996
22768836,S. cerevisiae,2012,Cell Metab,yeast_model_organism,True,True,,Its well‑characterized genome makes it easy to manipulate genetically and to use in high‑throughput screens.,technical,genetic_manipulation,Because of its well-characterized genome that is remarkably amenable to genetic manipulation and high-throughput screening procedures,1.0,False,3,1.0,5.653689,4.197701
22732483,S. cerevisiae,2012,Autophagy,yeast_model_organism,True,True,,easy and reliable genetic manipulation enables testing functions in a clean system,technical,genetic_manipulation,"because it can be genetically manipulated in a relatively easy and reliable way, allowing us to test the function of acetylases, deacetylases and acetylation sites on autophagy regulation in a ""clean"" system",1.0,False,3,1.0,5.5320053,4.657473
22708116,S. cerevisiae,2012,Front Oncol,yeast_model_organism,True,True,,genetically tractable yeast is an exceptional model for studying PCD mechanisms,biological,genetic_tractability,The genetically tractable yeast Saccharomyces cerevisiae has emerged as an exceptional model to study multiple aspects of PCD including the mitochondrial mediated apoptosis observed in metazoans.,1.0,False,3,0.7597989138631801,4.4006996,4.4242487
22706348,S. cerevisiae,2012,J Biomol Screen,yeast_model_organism,True,True,,Yeast toxicity from PI3K overproduction enables a growth rescue assay,technical,toxicity_based_assay,"On the basis of the fact that the overproduction of PI3K is toxic in yeast, we tested the ability of commercial PI3K inhibitors to rescue cell growth.",1.0,False,2,1.0,3.861022,1.4816977
22697265,S. cerevisiae,2012,BMC Genomics,yeast_model_organism,True,True,,S. cerevisiae has previously advanced understanding of the glucose regulatory system,biological,research_precedence,Our understanding of the glucose regulatory system has been greatly advanced by studying the model organism Saccharomyces cerevisiae,1.0,False,2,1.0,4.584178,2.4639835
22572786,S. cerevisiae,2012,Bioeng Bugs,yeast_model_organism,True,True,,It is a simple unicellular eukaryote and ideal model organism,biological,model_organism,"A simple unicellular eukaryote, it is an ideal model organism",1.0,False,3,1.0,7.1965804,3.8063495
22572786,S. cerevisiae,2012,Bioeng Bugs,yeast_model_organism,True,True,,"It is highly amenable to genetic modification, making it an ideal host for manipulation",technical,genetic_manipulation,"It is amenable to almost any modification that modern biology can throw at a cell, making it an ideal host for genetic manipulation",1.0,False,3,1.0,5.2737603,4.7727985
22562166,S. cerevisiae,2012,Appl Microbiol Biotechnol,yeast_model_organism,True,True,,its fatty acid composition is very simple,biological,simple_fatty_acid_profile,its fatty acid compositions are very simple,1.0,False,-1,0.0,9.927515,0.5195076
22562166,S. cerevisiae,2012,Appl Microbiol Biotechnol,yeast_model_organism,True,True,,it does not contain polyunsaturated fatty acids,biological,absence_of_PUFAs,it does not contain PUFAs,1.0,False,-1,0.0,9.9125595,0.51643175
22562166,S. cerevisiae,2012,Appl Microbiol Biotechnol,yeast_model_organism,True,True,,it is genetically tractable,technical,genetic_tractability,Taking advantage of its genetic tractability,1.0,False,3,1.0,4.7580376,5.148643
22562166,S. cerevisiae,2012,Appl Microbiol Biotechnol,yeast_model_organism,True,True,,there is a large amount of accessible data for it,technical,available_genomic_data,increasing wealth of accessible data,1.0,False,3,0.878047062944016,5.9356813,3.4738066
22515269,S. cerevisiae,2012,J Proteome Res,yeast_model_organism,True,True,,It is a powerful and easy to handle model organism,technical,experimental_convenience,As the yeast Saccharomyces cerevisiae is a powerful and easy to handle model organism,1.0,False,3,1.0,7.3377314,4.181534
22487891,S. cerevisiae,2012,Bioelectromagnetics,yeast_model_organism,True,True,,to identify genes responding to EMF exposures,biological,gene_expression,we used Saccharomyces cerevisiae to identify genes responding to extremely low frequency magnetic fields (ELF-MF) and to radiofrequency EMF (RF-EMF) exposures,1.0,False,3,0.9166183934446732,6.980557,2.0218284
22465496,S. cerevisiae,2012,Toxicon,yeast_model_organism,True,True,,"Straightforward genetics, cost-effectiveness and rapid growth make it a convenient model.",technical,genetic_tractability,"due to its straightforward genetics, cost-effectiveness and rapid growth",1.0,False,3,1.0,5.869885,4.7413673
22465496,S. cerevisiae,2012,Toxicon,yeast_model_organism,True,True,,High protein sequence similarity to human proteins provides biomedical relevance.,biological,protein_homology,"More than 40% of yeast proteins share at least part of their primary amino acid sequence with the corresponding human protein, making yeast a valuable model in biomedical research",1.0,False,2,1.0,5.178051,0.96482074
22454613,S. cerevisiae,2012,ScientificWorldJournal,yeast_model_organism,True,True,,S. cerevisiae is a valuable model because many intracellular processes have been characterized in great detail,biological,detailed_process_characterization,The yeast Saccharomyces cerevisiae has proven a valuable model organism in which several intracellular processes have been characterized in great detail,1.0,False,2,1.0,4.394867,2.5339825
22449853,S. cerevisiae,2012,Prion,yeast_model_organism,True,True,,S. cerevisiae is a tractable model for studying protein misfolding mechanisms,biological,model_tractability,The yeast Saccharomyces cerevisiae is a tractable model organism in which both to explore the molecular mechanisms underlying the generation of disease-associated protein misfolding,1.0,False,2,1.0,4.180998,0.86211085
22449853,S. cerevisiae,2012,Prion,yeast_model_organism,True,True,,The extensive toolbox for yeast enables diverse cell engineering options,technical,genetic_toolbox,Such studies are greatly facilitated by the extensive 'toolbox' available to the yeast researcher that provides a range of cell engineering options,1.0,False,2,1.0,3.9809299,2.7897916
22403011,S. cerevisiae,2012,Biometals,yeast_model_organism,True,True,,It is a eukaryotic model organism,biological,model_organism,using the eukaryotic model organism Saccharomyces cerevisiae,1.0,False,3,1.0,6.96612,3.7332551
22389629,S. cerevisiae,2012,PLoS Biol,yeast_model_organism,True,True,,Chosen because it is a simple model organism,technical,model_organism,simple model organism,1.0,False,3,1.0,7.798714,4.0246496
22389629,S. cerevisiae,2012,PLoS Biol,yeast_model_organism,True,True,,Chosen because it is normally diamagnetic,biological,diamagnetic_property,normally diamagnetic yeast Saccharomyces cerevisiae,1.0,False,-1,0.0,12.308617,2.364177
22300317,S. cerevisiae,2012,J Comput Biol,yeast_model_organism,True,True,,Bistability has been experimentally observed in the GAL pathway of S. cerevisiae,biological,bistability_observed,Bistability has also been experimentally found to occur in the regulatory network of the galactose metabolic pathway in the model organism Saccharomyces cerevisiae.,1.0,False,2,1.0,4.3874974,2.4517496
22300317,S. cerevisiae,2012,J Comput Biol,yeast_model_organism,True,True,,"The GAL regulatory network is thoroughly dissected, providing a benchmark for in silico studies",technical,well_characterized_system,"The molecular interactions of the GAL regulatory network have been thoroughly dissected through wet‑lab experiments; thus, this system provides a formidable benchmark to our ability to characterize and reproduce in silico the behavior of bistable biological systems.",0.951,False,2,1.0,4.58567,2.4576905
24957378,S. cerevisiae,2012,Metabolites,yeast_model_organism,True,True,,its genome and proteome are well characterized,biological,genomic_characterization,"the genome and proteome of the most intensively studied eukaryotic model organism, the baker's yeast (Saccharomyces cerevisiae), are well characterized",1.0,False,3,1.0,6.2667966,3.5630352
23762753,S. cerevisiae,2012,ISRN Microbiol,yeast_model_organism,True,True,,Close phylogenetic relationship to S. cerevisiae,biological,phylogenetic_similarity,Due to its close relationship with yeast Saccharomyces cerevisiae,1.0,False,2,0.9269698884319216,4.852152,0.9132613
23762753,S. cerevisiae,2012,ISRN Microbiol,yeast_model_organism,True,True,,Most technologies can be directly transferred from S. cerevisiae to C. albicans,technical,technology_transfer,most of the technologies can be directly transferred to C. albicans from S. cerevisiae,1.0,False,2,1.0,4.1227765,3.1427977
23762753,S. cerevisiae,2012,ISRN Microbiol,yeast_model_organism,True,True,,"C. albicans is amenable to mutation, gene disruption, and transformation",technical,genetic_manipulation,"it is amenable to mutation, gene disruption, and transformation",1.0,False,3,0.8856263421439036,4.590107,3.9972217
22161336,S. cerevisiae,2012,Adv Exp Med Biol,yeast_model_organism,True,True,,S. cerevisiae is used because it serves as a model organism for studying cellular and molecular processes and gene regulation,biological,gene_regulation,Saccharomyces cerevisiae is considered as a model organism for the investigation of cellular and molecular processes and gene regulation.,1.0,False,2,1.0,4.435433,2.5134585
22161336,S. cerevisiae,2012,Adv Exp Med Biol,yeast_model_organism,True,True,,S. cerevisiae is chosen as a model for osmoadaptation because its response to increased osmolarity is a model adaptation process,technical,osmoadaptation,"Specifically, the response of S. cerevisiae to increase in osmolarity of the external medium (osmoadaptation) is a model adaptation process.",1.0,False,2,0.9881931308529306,4.1393785,2.3710713
22064855,S. cerevisiae,2012,Nucleic Acids Res,yeast_model_organism,True,True,,Its importance as a model organism for biologists,biological,model_organism,Because of S. cervesiae's importance as a model organism for biologists and as a biofactory for industry,1.0,False,3,1.0,7.4445987,3.3658128
22064855,S. cerevisiae,2012,Nucleic Acids Res,yeast_model_organism,True,True,,Its role as a biofactory for industry,economic,industrial_biofactory,Because of S. cervesiae's importance as a model organism for biologists and as a biofactory for industry,1.0,False,3,1.0,8.9999275,3.4282353
22044534,S. cerevisiae,2011,FEBS Lett,yeast_model_organism,True,True,,It is a eukaryotic model organism,biological,model_organism,eukaryotic model organism Saccharomyces cerevisiae,1.0,False,3,1.0,6.9619317,3.7555575
22035796,S. cerevisiae,2011,Chem Biol,yeast_model_organism,True,True,,to increase efficiency and reduce costs of model organism screening,technical,efficiency_cost_reduction,Preselection of compounds that are more likely to induce a phenotype can increase the efficiency and reduce the costs for model organism screening.,1.0,False,3,1.0,7.6978726,3.3612862
21997732,S. cerevisiae,2012,Mol Cell Proteomics,yeast_model_organism,True,True,,used as a model for key biological processes like mitotic growth and meiotic development,biological,growth_and_meiosis,major model organism for important biological processes such as mitotic growth and meiotic development,1.0,False,3,1.0,7.5354857,2.8314264
21997732,S. cerevisiae,2012,Mol Cell Proteomics,yeast_model_organism,True,True,,relevant as a human pathogen,biological,pathogenicity,it can be a human pathogen,1.0,False,3,0.7497294294372618,6.746468,2.5059686
21997732,S. cerevisiae,2012,Mol Cell Proteomics,yeast_model_organism,True,True,,widely employed in food and biotechnology industries,economic,industrial_application,"widely used in the food-, and biotechnology industries",1.0,False,3,1.0,8.962711,3.520061
21997732,S. cerevisiae,2012,Mol Cell Proteomics,yeast_model_organism,True,True,,extensive genomic resources with many strains sequenced,technical,genome_sequencing,the genomes of numerous strains have been sequenced,1.0,False,3,0.8454919055928338,6.11021,3.709633
21997732,S. cerevisiae,2012,Mol Cell Proteomics,yeast_model_organism,True,True,,large amount of RNA profiling data available,technical,transcriptomics_resources,a very large amount of RNA profiling data is available,1.0,False,3,0.9751574263577374,6.0379577,3.4279644
21936838,S. cerevisiae,2011,Biochem Soc Trans,yeast_model_organism,True,True,,S. cerevisiae is a highly tractable model organism,technical,experimental_tractability,as a highly tractable model,1.0,False,2,1.0,3.7700667,3.5611238
21863505,S. cerevisiae,2011,Methods Mol Biol,yeast_model_organism,True,True,,genetic tractability and ease of manipulation,technical,genetic_tractability,"Due to its genetic tractability and ease of manipulation, the yeast Saccharomyces cerevisiae has been extensively used as a model organism",1.0,False,3,1.0,5.116463,5.066761
21863499,S. cerevisiae,2011,Methods Mol Biol,yeast_model_organism,True,True,,It has the most extensively analyzed protein interactions,technical,extensive_protein_interaction_data,the model organism in which protein interactions have been most extensively analyzed,1.0,False,3,0.779672346858285,6.775839,3.058466
21823166,S. cerevisiae,2011,Yeast,yeast_model_organism,True,True,,It is an excellent model for studying protein function,biological,protein_function_study,has proved to be an excellent model organism to study the function of proteins,1.0,False,-1,0.0,9.62112,2.243448
21823166,S. cerevisiae,2011,Yeast,yeast_model_organism,True,True,,It offers many genetic tools for manipulating gene expression,technical,genetic_tools,many genetic tools available to manipulate gene expression,1.0,False,3,1.0,5.4016547,4.7976522
21819946,S. cerevisiae,2011,C R Biol,yeast_model_organism,True,True,,S. cerevisiae enables genomic-level determination of transcription and degradation rates using DNA chip or sequencing technologies,technical,genomic_measurement,"In the model organism yeast Saccharomyces cerevisiae, it is now possible to determine, at the genomic level, the transcription and degradation rates, as well as the mRNA amount, using DNA chip or parallel sequencing technologies.",1.0,False,2,1.0,4.611594,2.6743448
21782986,S. cerevisiae,2011,J Proteomics,yeast_model_organism,True,True,,Saccharomyces cerevisiae is a established model for studying environmental stress responses,technical,model_organism_selection,has been used as a model organism to investigate responses to different environmental stressors,1.0,False,2,0.9876216921097716,4.588432,1.9121349
21782986,S. cerevisiae,2011,J Proteomics,yeast_model_organism,True,True,,Yeast stationary phase corresponds to the quiescent G0 state of human and other eukaryotic cells,biological,quiescence_comparability,"Human and other eukaryotic cells spend the greater part of their lives in a quiescent state, known as G0 corresponding to the yeast stationary phase",1.0,False,2,0.9718546349286975,4.729914,1.4585187
21782986,S. cerevisiae,2011,J Proteomics,yeast_model_organism,True,True,,Both yeast and human cells share mitochondrial respiration for energy provision,biological,energy_metabolism,"Providing energy, which comes from mitochondrial respiration, is also common",1.0,False,2,1.0,5.1421623,1.2365981
21782338,S. cerevisiae,2011,J Hazard Mater,yeast_model_organism,True,True,,chosen because it is a eukaryotic model organism,biological,model_organism,eukaryotic model organism Saccharomyces cerevisiae,1.0,False,3,0.8251966336515872,7.890549,4.3428626
21739255,S. cerevisiae,2011,J Biol Inorg Chem,yeast_model_organism,True,True,,It is a genetically tractable model organism,technical,genetic_tractability,a genetically tractable model organism,1.0,False,3,0.9299583627084789,4.8109694,4.802736
21698134,S. cerevisiae,2011,PLoS Genet,yeast_model_organism,True,True,,It is a widely used genetic model organism,biological,genetic_model,one of the most important genetic model organisms,1.0,False,3,1.0,7.866319,3.577832
21687783,S. cerevisiae,2011,Metabolomics,yeast_model_organism,True,True,,It is an important model organism,biological,model_organism,"important model organism, the yeast Saccharomyces cerevisiae",1.0,False,3,1.0,7.4968166,3.910965
21660690,S. cerevisiae,2011,Methods Mol Biol,yeast_model_organism,True,True,,"Proteins involved in DSB response are evolutionarily conserved, making yeast a suitable model",biological,conserved_proteins,"Because many of the proteins that mediate these processes are evolutionarily conserved, the budding yeast, Saccharomyces cerevisiae, has been used as a model organism",1.0,False,2,0.7996103014164018,4.7851825,1.9254335
21479832,S. cerevisiae,2011,Biometals,yeast_model_organism,True,True,,"S. cerevisiae is useful because its metal‑homeostasis genes and systems are conserved across eukaryotes, including humans",biological,conserved_genes,has proved useful as a model organism for the investigation of these processes and many of the genes and biological systems that function in yeast metal homeostasis are conserved throughout eukaryotes to humans,1.0,False,2,1.0,4.5046844,1.7303159
21392582,S. cerevisiae,2011,Methods,yeast_model_organism,True,True,,It is a highly tractable model organism,technical,tractability,a highly tractable model organism,1.0,False,3,0.9230853614789594,4.7979507,4.827504
21376384,S. cerevisiae,2011,Dent Mater,yeast_model_organism,True,True,,S. cerevisiae is a reliable and useful model for evaluating cytotoxicity of clinical materials,technical,reliability,S. cerevisiae proved to be a reliable and useful model microorganism for evaluating the cytotoxicity of clinical materials.,1.0,False,2,1.0,3.5582097,1.9835484
21266995,S. cerevisiae,2010,Nat Commun,yeast_model_organism,True,True,,It is a widely used model organism,historical,model_organism_popularity,a widely used model organism,1.0,False,3,1.0,7.916434,3.6372387
21266995,S. cerevisiae,2010,Nat Commun,yeast_model_organism,True,True,,"It is employed in the production of fuels, chemicals, food ingredients and pharmaceuticals, making it attractive for biofuel and sustainability efforts",technical,industrial_application,"also used in the production of fuels, chemicals, food ingredients and pharmaceuticals",1.0,False,3,1.0,8.920941,3.4865165
21266230,S. cerevisiae,2011,Methods Enzymol,yeast_model_organism,True,True,,"S. cerevisiae is the primary model organism for studying stress regulation, with established protocols",biological,model_organism,stress regulation has mainly been investigated in Saccharomyces cerevisiae,1.0,False,2,1.0,4.6011233,1.9731451
21252293,S. cerevisiae,2011,Nucleic Acids Res,yeast_model_organism,True,True,,"S. cerevisiae lacks endogenous RNAi, making it a simple genetic model for reconstituting human RNAi",technical,genetic_model,it is absent from the budding yeast Saccharomyces cerevisiae... enabling the study and use of the human RNAi pathway in a facile genetic model organism,0.702,False,2,1.0,4.403896,2.7040603
21193549,S. cerevisiae,2011,Eukaryot Cell,yeast_model_organism,True,True,,"S. cerevisiae is used because it is a model organism for genetics, cell biology, and genomics",technical,model_organism,"apply the power of Saccharomyces cerevisiae as a model organism for studies of genetics, cell biology, and genomics",1.0,False,2,1.0,3.8180447,2.64425
22567375,S. cerevisiae,2011,Genet Res Int,yeast_model_organism,True,True,,It enables development of functional genomics techniques to study transcription at all stages.,technical,functional_genomics,has allowed the development of new functional genomics techniques devoted to the study of transcription in all its stages,1.0,False,3,1.0,6.4511576,2.8399463
21177495,S. cerevisiae,2010,Sci Signal,yeast_model_organism,True,True,,It is a model organism that can be systematically perturbed,technical,systematic_perturbation,systematically perturbed model organism (Saccharomyces cerevisiae),1.0,False,3,1.0,7.465731,3.3213995
21115125,S. cerevisiae,2011,Methods,yeast_model_organism,True,True,,S. cerevisiae is a powerful model to study basic mechanisms of amyloid assembly and proteotoxicity,biological,basic_mechanisms,The budding yeast Saccharomyces cerevisiae is a powerful model organism to study basic mechanisms for how cellular pathways regulate amyloid assembly and proteotoxicity.,1.0,False,2,0.9433965076511571,4.1323905,0.7795884
21115125,S. cerevisiae,2011,Methods,yeast_model_organism,True,True,,Budding yeast provides a variety of cellular assays for analyzing amyloid-like aggregates and dissecting pathway effects,technical,assay_availability,In budding yeast there are a variety of cellular assays that can be employed to analyze the assembly of amyloid-like aggregates and mechanistically dissect how cellular pathways influence proteotoxicity.,1.0,False,2,1.0,4.0772204,0.95158327
21103382,S. cerevisiae,2010,PLoS One,yeast_model_organism,True,True,,S. cerevisiae is the ideal model organism for generating a complete set of nascent transcription rates useful for many gene regulation studies,technical,model_organism_selection,The yeast Saccharomyces cerevisiae is the ideal model organism to generate a complete set of nascent transcription rates that will prove useful for many gene regulation studies.,1.0,False,2,1.0,4.729138,2.7730052
20977625,S. cerevisiae,2010,FEMS Yeast Res,yeast_model_organism,True,True,,"S. cerevisiae is a widely used model organism for studying cell biology, metabolism, cell cycle and signal transduction",biological,cell_biology,"The yeast Saccharomyces cerevisiae is a widely used model organism for studying cell biology, metabolism, cell cycle and signal transduction.",1.0,False,2,1.0,4.289561,2.3742874
20977625,S. cerevisiae,2010,FEMS Yeast Res,yeast_model_organism,True,True,,"Many regulatory pathways are conserved between this yeast and humans, allowing study of disease-related pathways in an organism that is easy to manipulate and permits detailed molecular studies",technical,genetic_manipulation,"Many regulatory pathways are conserved between this yeast and humans, and it is therefore possible to study pathways that are involved in disease development in a model organism that is easy to manipulate and that allows for detailed molecular studies.",1.0,False,2,1.0,4.892822,1.1812966
20955199,S. cerevisiae,2010,FEMS Yeast Res,yeast_model_organism,True,True,,Yeast contributed to characterizing the HIV-1 frameshifting site and showed frameshifting is conserved to humans,biological,frameshifting_conservation,Studies on the yeast Saccharomyces cerevisiae have contributed to characterization of the HIV-1 frameshifting site and have demonstrated that frameshifting is conserved from yeast to humans.,1.0,False,2,1.0,4.6694536,1.1749442
20955199,S. cerevisiae,2010,FEMS Yeast Res,yeast_model_organism,True,True,,Yeast is a useful model for deciphering eukaryotic translation termination mechanisms and identifying factors for natural suppression,biological,translation_termination_mechanisms,Yeast has also proved a particularly useful model organism for deciphering the mechanisms of translation termination in eukaryotes and identifying the factors required to obtain a high level of natural suppression.,1.0,False,2,1.0,4.0441155,1.6487966
20921304,S. cerevisiae,2010,Antimicrob Agents Chemother,yeast_model_organism,True,True,,to gain a mechanistic view of the cellular response to terpenoid phenols,technical,mechanistic_study,"To gain a mechanistic view of the cellular response to terpenoid phenols, we used Saccharomyces cerevisiae as a model organism",1.0,False,3,0.9601269029974776,6.9834275,2.156435
20869525,S. cerevisiae,2010,Methods Cell Biol,yeast_model_organism,True,True,,easy genomic manipulation,biological,genetic_manipulation,because of its easy genomic manipulation,1.0,False,3,1.0,5.3564,4.945752
20869525,S. cerevisiae,2010,Methods Cell Biol,yeast_model_organism,True,True,,close relatedness to higher eukaryotes,biological,phylogenetic_similarity,its close relatedness to higher eukaryotes,1.0,False,2,1.0,5.166865,1.316683
20869525,S. cerevisiae,2010,Methods Cell Biol,yeast_model_organism,True,True,,good freezing properties,technical,freezing_properties,the good freezing properties,1.0,False,3,0.7993860501592862,5.8972955,4.362819
20869525,S. cerevisiae,2010,Methods Cell Biol,yeast_model_organism,True,True,,small size of yeast cells,technical,cell_size,the small size of yeast cells,1.0,False,-1,0.0,4.9433007,3.677936
20824890,S. cerevisiae,2011,Yeast,yeast_model_organism,True,True,,"allows assessment of DNA damage and repair in individual cells, creating new perspectives",technical,single_cell_assessment,The possibility of assessment of DNA damage and repair in individual cells applied to the model organism S. cerevisiae creates new perspectives for studying genotoxicity and DNA repair.,1.0,False,2,0.6578628537298709,5.6185627,2.5588005
20728591,S. cerevisiae,2010,J Proteomics,yeast_model_organism,True,True,,relatively simple genome,biological,simple_genome,relatively simple genome,1.0,False,-1,0.0,5.6758556,3.9313238
20728591,S. cerevisiae,2010,J Proteomics,yeast_model_organism,True,True,,facile classical and molecular genetics,technical,facile_genetics,its facile classical and molecular genetics,1.0,False,3,1.0,5.3947425,4.8651867
20728591,S. cerevisiae,2010,J Proteomics,yeast_model_organism,True,True,,evolutionary conservation of many basic biological mechanisms,biological,evolutionary_conservation,the evolutionary conservation of many basic biological mechanisms,1.0,False,2,0.9338701741274956,5.4860406,1.5609889
20717788,S. cerevisiae,2010,Methods Mol Biol,yeast_model_organism,True,True,,It is non‑pathogenic,biological,non_pathogenic,non-pathogenic,1.0,False,-1,0.0,13.868477,3.3222618
20717788,S. cerevisiae,2010,Methods Mol Biol,yeast_model_organism,True,True,,It is genetically stable,biological,genetic_stability,genetically stable,1.0,False,3,1.0,4.713849,4.6894107
20717788,S. cerevisiae,2010,Methods Mol Biol,yeast_model_organism,True,True,,It is a versatile eukaryotic model organism,technical,versatility,versatile eukaryotic model organism,1.0,False,3,1.0,6.9620333,3.7757998
20698499,S. cerevisiae,2010,Biochemistry,yeast_model_organism,True,True,,S. cerevisiae was selected because it serves as a eukaryotic model organism,biological,eukaryotic_model,as a eukaryotic model organism,1.0,False,2,1.0,3.0776658,3.05182
20579105,S. cerevisiae,2010,FEMS Yeast Res,yeast_model_organism,True,True,,It is the best-studied eukaryotic cell at genetic and physiological levels,technical,extensive_characterization,"The budding yeast, Saccharomyces cerevisiae, is the best‑studied eukaryotic cell, at both genetic and physiological levels.",0.992,False,3,1.0,6.7624254,3.295295
20579105,S. cerevisiae,2010,FEMS Yeast Res,yeast_model_organism,True,True,,Yeast shares highly conserved molecular and cellular mechanisms with human cells,biological,conserved_mechanisms,"As a eukaryote, yeast shares highly conserved molecular and cellular mechanisms with human cells.",1.0,False,2,1.0,4.998971,1.1906761
20579105,S. cerevisiae,2010,FEMS Yeast Res,yeast_model_organism,True,True,,The simple fungus is an invaluable model for studying fundamental molecular mechanisms of human diseases,biological,disease_model,"Thus, this simple fungus is an invaluable model to study the fundamental molecular mechanisms involved in several human diseases.",1.0,False,2,1.0,3.951571,2.1430838
20546776,S. cerevisiae,2010,Pharmacol Ther,yeast_model_organism,True,True,,S. cerevisiae enables powerful methods to identify drug mechanisms of action,technical,mechanism_of_action_identification,has provided powerful methods to identify the mechanism of action of known drugs and novel small molecules in vivo,1.0,False,2,1.0,3.3277593,1.794503
20519581,S. cerevisiae,2010,J Cell Sci,yeast_model_organism,True,True,,"Yeast has many highly expressed and inducible genes that preferentially associate with nuclear pore complexes, making it a suitable model for studying gene anchoring to NPCs.",biological,gene_localization,"In particular, in the yeast Saccharomyces cerevisiae, a large number of highly expressed genes and activated inducible genes preferentially associate with nuclear pore complexes (NPCs)",1.0,False,2,1.0,4.8298926,2.4079945
20498836,S. cerevisiae,2010,PLoS One,yeast_model_organism,True,True,,Extensive data are available for S. cerevisiae in public databases,technical,database_resources,public databases store a significant part of the accumulated information,1.0,False,2,0.9775444747408895,4.3341537,2.9039106
20498836,S. cerevisiae,2010,PLoS One,yeast_model_organism,True,True,,S. cerevisiae is a common model organism,biological,model_organism_status,For the common model organism yeast Saccharomyces cerevisiae,1.0,False,2,1.0,3.622588,3.2730274
20428315,S. cerevisiae,2010,Database (Oxford),yeast_model_organism,True,True,,"Recent proteomics strategies for identifying phosphopeptides have been developed using S. cerevisiae, providing extensive phosphorylation data.",technical,proteomics_strategies,Recent proteomics strategies for identifying phosphopeptides have been developed using the model organism Saccharomyces cerevisiae,1.0,False,2,1.0,4.5822663,2.4143004
20401684,S. cerevisiae,2010,Biodegradation,yeast_model_organism,True,True,,used as model organism to evaluate toxicity of treated effluent,technical,toxicity_assessment,Treated effluent was also evaluated for toxicity by Comet assay using Saccharomyces cerevisiae MTCC 36 as model organism,1.0,False,3,0.8177324448098744,7.6391416,3.4542916
20221257,S. cerevisiae,2010,PLoS Comput Biol,yeast_model_organism,True,True,,S. cerevisiae provides a data‑rich functional genomics compendium,technical,data_availability,we use the data‑rich functional genomics compendium of the model organism,0.959,False,2,1.0,4.439152,2.9566045
20131044,S. cerevisiae,2010,Arch Microbiol,yeast_model_organism,True,True,,to investigate vitamin A effects on SOD-deficient yeast strains,biological,oxidative_stress,we used the yeast Saccharomyces cerevisiae as a model organism to study the Vit A effects on superoxide dismutase (SOD)-deficient yeast strains,1.0,False,2,0.9445061769465194,3.8982809,1.845258
20075938,S. cerevisiae,2010,Cell Death Differ,yeast_model_organism,True,True,,It provides technical advantages and a eukaryotic cellular environment for studying apoptosis.,technical,technical_advantages,model organism that combines both technical advantages and a eukaryotic 'cell room.',1.0,False,3,1.0,6.884242,2.3768482
20075938,S. cerevisiae,2010,Cell Death Differ,yeast_model_organism,True,True,,Its methodological and logistic simplicity makes it an ideal model organism.,technical,logistic_simplicity,"Due to its methodological and logistic simplicity, yeast constitutes an ideal model organism",1.0,False,3,1.0,7.463829,4.1272836
19917080,S. cerevisiae,2009,BMC Genomics,yeast_model_organism,True,True,,Yeast genes share high functional conservation with human homologues,biological,gene_conservation,high conservation in gene function found between yeast genes and their human homologues,1.0,False,2,1.0,4.86429,0.94711107
19917080,S. cerevisiae,2009,BMC Genomics,yeast_model_organism,True,True,,Comprehensive knowledge of yeast genome and proteome enables its use as a model,biological,genome_understanding,"understanding of the biological function, regulation, and cellular interactions of the yeast genome and proteome",1.0,False,2,1.0,3.7518792,2.0895076
19910266,S. cerevisiae,2010,DNA Repair (Amst),yeast_model_organism,True,True,,to study adaptive mutagenesis processes in eukaryotes,biological,eukaryotic_model,"In order to identify cellular processes responsible for adaptive mutagenesis in eukaryotes, we study ... in the model organism Saccharomyces cerevisiae.",0.743,False,3,0.8172035103205058,6.579667,2.5413473
19854183,S. cerevisiae,2009,FEBS Lett,yeast_model_organism,True,True,,Regulatory structures of lipid metabolism are conserved between yeast and mammals,biological,conserved_regulatory_structures,most of the regulatory structures in this part of the metabolism are conserved between yeast and mammals,1.0,False,2,1.0,4.8621078,1.1292096
19853595,S. cerevisiae,2010,Eur J Pharmacol,yeast_model_organism,True,True,,Yeast is an accepted model for studying housekeeping metabolism of eukaryotes,biological,housekeeping_metabolism,"Yeast in a stationary growth phase is an accepted model for studies of housekeeping metabolism of eukaryotes, including humans.",1.0,False,2,1.0,3.8308523,1.9094521
19853595,S. cerevisiae,2010,Eur J Pharmacol,yeast_model_organism,True,True,,"Yeast lacks the receptors that ibogaine binds to, allowing study of non‑receptor‑mediated effects",technical,receptor_absence,"Effect is not mediated by binding of ibogaine to receptors, as previously described in literature since they are lacking in this model.",1.0,False,2,1.0,3.523862,1.527171
19799186,S. cerevisiae,2009,Methods Mol Biol,yeast_model_organism,True,True,,"S. cerevisiae is the only other species similarly studied, enabling comparison of meiotic recombination",biological,comparative_model,"the only other species similarly studied, the budding yeast Saccharomyces cerevisiae",1.0,False,2,1.0,4.2996063,2.921077
19743423,S. cerevisiae,2009,Proteomics,yeast_model_organism,True,True,,It is the simplest eukaryotic model organism,biological,simplicity,Saccharomyces cerevisiae is the simplest eukaryotic model organism,1.0,False,3,1.0,6.617103,3.7527285
19743423,S. cerevisiae,2009,Proteomics,yeast_model_organism,True,True,,It is easy to genetically manipulate for large‑scale reverse genetics,technical,genetic_manipulation,The ease with which it can be genetically manipulated has made it a favourite organism among technologists for developing methods for large-scale analysis based on reverse genetics,1.0,False,3,1.0,5.4242287,4.8039975
19710036,S. cerevisiae,2009,Nucleic Acids Res,yeast_model_organism,True,True,,"Yeast is genetically tractable, making it an easy screen for studying chromosomal rearrangements.",technical,genetic_tractability,application of the chromPET technique to a genetically tractable organism like yeast provides an easy screen for studying the mechanisms of chromosomal rearrangements during the propagation of a species,1.0,False,3,0.9144653507251481,4.5336847,4.4776893
19648464,S. cerevisiae,2009,Mol Biol Evol,yeast_model_organism,True,True,,to estimate the relative contributions of cis and trans variations between laboratory and wild yeast strains,technical,cis_trans_variation,to estimate the relative contributions of cis and trans variations to the expression divergence between a laboratory (BY) and a wild (RM) strain of yeast,1.0,False,2,1.0,4.253473,2.0913737
19577928,S. cerevisiae,2009,Trends Microbiol,yeast_model_organism,True,True,,"C. albicans is similar in many ways to S. cerevisiae, making it a useful model organism",biological,similarity,similar in many ways to the model organism Saccharomyces cerevisiae,1.0,False,2,1.0,3.7160702,2.6439672
19490607,S. cerevisiae,2009,Microb Cell Fact,yeast_model_organism,True,True,,"Used S. cerevisiae as a reference because no genome sequence was available, so development relied on analogies to well‑studied yeasts",technical,model_selection,"relied mainly on analogies to other, well studied yeasts like Saccharomyces cerevisiae",1.0,False,2,1.0,4.1330767,2.9690707
19475395,S. cerevisiae,2009,Methods Mol Biol,yeast_model_organism,True,True,,S. cerevisiae is used because many aspects of cell cycle regulation have been discovered in it and its proteins are widely employed in in vitro assays,biological,cell_cycle_regulation,"Many aspects of the regulation of cell cycle progression have been discovered in the budding yeast Saccharomyces cerevisiae, and proteins purified from this model organism have been employed in a wide variety of in vitro assays.",1.0,False,2,1.0,4.710067,2.4688916
19435716,S. cerevisiae,2009,J Histochem Cytochem,yeast_model_organism,True,True,,It is a valuable model organism for studying the endosomal system of eukaryotic cells.,biological,model_system,Yeast Saccharomyces cerevisiae has been a valuable model organism for the study of the endosomal system of eukaryotic cells.,1.0,False,3,1.0,6.9763975,2.7665641
19421136,S. cerevisiae,2009,J Vis Exp,yeast_model_organism,True,True,,It is an important model organism for aging research,biological,model_organism,has proven to be an important model organism in the field of aging research,1.0,False,2,1.0,3.2852657,0.5078955
19279072,S. cerevisiae,2009,Brief Funct Genomic Proteomic,yeast_model_organism,True,True,,offers mechanistic insights into splicing,biological,mechanistic_insights,"Saccharomyces cerevisiae provides insights into its mechanisms, including its regulation by RNA-protein interactions",1.0,False,2,0.8457919566645794,4.4954057,1.0769246
19279072,S. cerevisiae,2009,Brief Funct Genomic Proteomic,yeast_model_organism,True,True,,has a simple intronic structure making it suitable for genome-wide studies,biological,simple_introns,"organisms with a relatively simple intronic structure, such as yeast",1.0,False,3,0.9658165736968607,5.644358,3.9498217
19279072,S. cerevisiae,2009,Brief Funct Genomic Proteomic,yeast_model_organism,True,True,,combines genetics and biochemistry for effective analysis,technical,genetics_biochemistry_combination,"Combining Genetics and Biochemistry, Saccharomyces cerevisiae provides insights",1.0,False,3,1.0,5.6182218,4.0128455
19200013,S. cerevisiae,2009,Infect Disord Drug Targets,yeast_model_organism,True,True,,Saccharomyces cerevisiae is a simple model organism,technical,model_organism_simplicity,the simple model organism Saccharomyces cerevisiae,1.0,False,2,1.0,3.64153,3.5414193
19200013,S. cerevisiae,2009,Infect Disord Drug Targets,yeast_model_organism,True,True,,"Yeast prion-based screening assays enable identification of drugs active against mammalian prions, revealing conserved propagation mechanisms",biological,conserved_prion_mechanisms,"Yeast prion-based screening assays have allowed identification of drugs active against mammalian prions, thus revealing the existence of common prion propagation mechanisms conserved from yeast to human",1.0,False,2,1.0,3.201124,1.5259788
19185712,S. cerevisiae,2008,Methods Enzymol,yeast_model_organism,True,True,,Its amenability to genetic and biochemical approaches,technical,genetic_and_biochemical_amenability,The amenability of this unicellular eukaryote to genetic and biochemical approaches has allowed the isolation and characterization of most of the genes specifically involved in autophagy,1.0,False,3,1.0,5.2331586,4.23747
19185712,S. cerevisiae,2008,Methods Enzymol,yeast_model_organism,True,True,,"Experimental advantages, available reagents, and established assays",technical,experimental_advantages,"The experimental advantages, all the available reagents, and the established assays still maintain yeast in a prominent position in the study of autophagy and autophagy-related pathways",1.0,False,3,0.7587716544875696,6.370947,4.0268464
19185585,S. cerevisiae,2009,J Theor Biol,yeast_model_organism,True,True,,It is widely used to study eukaryotic cell cycle control,biological,cell_cycle_study,commonly used to investigate control of the eukaryotic cell cycle,1.0,False,-1,0.0,5.919311,2.3890386
19185585,S. cerevisiae,2009,J Theor Biol,yeast_model_organism,True,True,,Extensive experimental data on wild type and mutant phenotypes makes it suitable for mathematical modelling,technical,data_availability,"because of the extensive experimental data on wild type and mutant phenotypes, it is also particularly suitable for mathematical modelling and analysis",1.0,False,3,0.8247823890252579,7.4783807,2.6423929
19166604,S. cerevisiae,2009,BMC Evol Biol,yeast_model_organism,True,True,,It is a powerful model for studying secretory and endocytic pathways,biological,secretory_and_endocytic_pathways,has served as a powerful model organism for studying the organization of the secretory and endocytic pathways,1.0,False,3,1.0,7.0255094,2.6435432
19166604,S. cerevisiae,2009,BMC Evol Biol,yeast_model_organism,True,True,,Its complete set of SNARE proteins is already compiled,technical,complete_SNARE_set,its entire set of SNAREs was compiled,1.0,False,3,0.9124900462256125,5.9619794,3.3094826
19160453,S. cerevisiae,2008,Yeast,yeast_model_organism,True,True,,It is valuable for studying eukaryotic processes,biological,eukaryotic_processes,Saccharomyces cerevisiae is a valuable model organism for the study of eukaryotic processes.,1.0,False,3,1.0,6.8989124,2.732182
22408499,S. cerevisiae,2009,Sensors (Basel),yeast_model_organism,True,True,,Saccharomyces cerevisiae is chosen because it is an important model organism,biological,model_organism,the important model organism Saccharomyces cerevisiae,1.0,False,2,1.0,3.1340125,2.9628942
19037676,S. cerevisiae,2008,Genes Nutr,yeast_model_organism,True,True,,The complexity of the problem necessitates using model systems,technical,model_systems,"Because of the complexity of the problem, major input comes from the use of model systems.",1.0,False,3,0.7587035951305925,8.379266,2.9363263
19037676,S. cerevisiae,2008,Genes Nutr,yeast_model_organism,True,True,,The study aims to test the feasibility of using yeast as a model organism for high‑fat dietary challenges,technical,feasibility_testing,The aim of this work was to test the feasibility of using yeast as a model organism for studies related to dietary challenges due to high fat diet,1.0,False,2,1.0,3.929874,1.8517278
19025642,S. cerevisiae,2008,Genome Biol,yeast_model_organism,True,True,,S. cerevisiae is a free-living model organism,biological,model_organism,the free-living model organism Saccharomyces cerevisiae,1.0,False,2,1.0,3.5179992,3.434502
27873878,S. cerevisiae,2008,Sensors (Basel),yeast_model_organism,True,True,,simplest and well‑known eukaryotic representative,biological,representative_eukaryote,is the simplest and most well-known representative of eukaryotic cells,1.0,False,3,1.0,6.549874,3.6373372
27873878,S. cerevisiae,2008,Sensors (Basel),yeast_model_organism,True,True,,"easy to maintain with short generation times, making assays cheap and fast",technical,short_generation_time,"Yeast cell sensors are easy to maintain with short generation times, which makes the analytical method of assessing antifungal toxicity cheap and less-time consuming",1.0,False,3,0.8759257508521172,5.9377165,4.5360312
18756095,S. cerevisiae,2008,J Microbiol Biotechnol,yeast_model_organism,True,True,,It is widely used as a model organism to study cellular responses to oxidative stress.,biological,oxidative_stress,widely used as a model organism for studying cellular responses to oxidative stress,1.0,False,3,0.7363611316628025,7.604953,2.2271478
18693752,S. cerevisiae,2008,Biochemistry,yeast_model_organism,True,True,,It is a simple model organism that releases ATP,biological,simple_model_organism,"a simple model organism that releases ATP, another purinergic agonist",1.0,False,3,1.0,7.1695156,4.2988567
18688276,S. cerevisiae,2008,PLoS Genet,yeast_model_organism,True,True,,"Human drug targets are absent in yeast, enabling use of yeast gene deletion collections and fitness profiling to study off‑target effects genome‑wide.",technical,gene_deletion_collection,"Because the known human targets of these drugs do not exist in yeast, we could employ the yeast gene deletion collections and parallel fitness profiling to explore potential off-target effects in a genome-wide manner.",1.0,False,2,1.0,3.3330474,1.532656
18406356,S. cerevisiae,2008,Biochim Biophys Acta,yeast_model_organism,True,True,,yeast is a useful model organism for studying programmed cell death,biological,model_utility,yeast has been proven to be a useful model organism for studying programmed cell death,1.0,False,2,1.0,3.8633342,1.3531129
18406356,S. cerevisiae,2008,Biochim Biophys Acta,yeast_model_organism,True,True,,yeast exhibits apoptotic markers and contains homologues of apoptotic machinery components,biological,apoptotic_markers,"it not only exhibits characteristic markers of apoptotic cell death ... but contains homologues of several components of the apoptotic machinery identified in mammals, flies and nematodes",0.711,False,2,0.9666853585175676,3.863052,1.2735126
18405346,S. cerevisiae,2008,BMC Genomics,yeast_model_organism,True,True,,S. cerevisiae was used because detailed metabolic reconstructions are available for it,technical,metabolic_reconstruction,based on detailed metabolic reconstructions available for A. niger and Saccharomyces cerevisiae,1.0,False,2,1.0,3.4534602,2.6721015
18362168,S. cerevisiae,2008,Mol Cell Biol,yeast_model_organism,True,True,,It is a genetically tractable model organism,technical,genetic_tractability,genetically tractable model organism Saccharomyces cerevisiae,1.0,False,3,0.9098324508455573,4.8499546,4.794861
18314719,S. cerevisiae,2007,Methods Mol Biol,yeast_model_organism,True,True,,its basic properties make it an ideal model organism for studying mitochondrial biology,biological,model_organism_properties,basic properties that make yeast an ideal model organism to investigate various aspects of mitochondrial biology,1.0,False,2,1.0,5.9831285,1.8149033
18298958,S. cerevisiae,2008,Biochim Biophys Acta,yeast_model_organism,True,True,,valuable model for studying fundamental cellular processes across eukaryotes,biological,fundamental_cellular_processes,has proven to be a valuable model organism for studying fundamental cellular processes across the eukaryotic kingdom including man,1.0,False,3,1.0,6.896125,2.773737
18298958,S. cerevisiae,2008,Biochim Biophys Acta,yeast_model_organism,True,True,,suitable model to decipher mechanisms of neurodegenerative disorders,biological,neurodegenerative_mechanisms,S. cerevisiae is a suitable model system to decipher molecular mechanisms involved in a variety of neurodegenerative disorders caused by aberrant protein folding,1.0,False,3,1.0,7.1320677,2.5508084
18231587,S. cerevisiae,2008,PLoS One,yeast_model_organism,True,True,,availability of a comprehensive yeast deletion strain collection,technical,strain_collection,the availability of the yeast deletion strain collection,1.0,False,2,1.0,3.371311,2.344025
18231587,S. cerevisiae,2008,PLoS One,yeast_model_organism,True,True,,high evolutionary conservation between yeast and mammalian proteins and pathways,biological,conservation,high degree of conservation between yeast and mammalian proteins and pathways,1.0,False,2,1.0,5.022131,1.0795782
18067417,S. cerevisiae,2007,Expert Rev Proteomics,yeast_model_organism,True,True,,considered a model organism for eukaryotic cells,biological,model_organism,as it is considered to be a model organism for eukaryotic cells,1.0,False,3,1.0,6.960772,3.7596018
18045076,S. cerevisiae,2007,Comb Chem High Throughput Screen,yeast_model_organism,True,True,,S. cerevisiae is a preferred eukaryote for developing genomic technologies,technical,model_organism_preference,well recognized as a preferred eukaryote for the development of genomic technologies and approaches,1.0,False,2,1.0,3.3694186,3.0707278
18045076,S. cerevisiae,2007,Comb Chem High Throughput Screen,yeast_model_organism,True,True,,A large set of genomic resources has been developed for yeast,technical,genomic_resources,a sizeable complement of genomic resources has been developed in yeast,1.0,False,2,0.9663610582215826,3.4006948,2.309372
18039473,S. cerevisiae,2008,Biochim Biophys Acta,yeast_model_organism,True,True,,its genetic and biochemical approaches have enabled the deepest understanding of cellular redox mechanisms,technical,genetic_and_biochemical_approaches,where the combination of genetic and biochemical approaches has brought us furthest in understanding the mechanisms underlying cellular redox regulation,1.0,False,-1,0.0,11.693167,1.5951416
17895994,S. cerevisiae,2007,PLoS One,yeast_model_organism,True,True,,its GPCR signaling system makes it suitable for studying mammalian GPCRs,biological,GPCR signaling,the mating response of the yeast Saccharomyces cerevisiae is mediated by a GPCR signaling system and this model organism has been used extensively in the past to study mammalian GPCR function,1.0,False,3,0.7388988982026085,7.6464634,2.2979274
17761666,S. cerevisiae,2007,Mol Cell Proteomics,yeast_model_organism,True,True,,S. cerevisiae is genetically tractable,technical,genetic_tractability,in a genetically tractable organism,1.0,False,3,0.9429786230136993,4.5028086,4.5516534
17761666,S. cerevisiae,2007,Mol Cell Proteomics,yeast_model_organism,True,True,,S. cerevisiae is a major model for mitochondrial function analysis,biological,model_organism,The yeast Saccharomyces cerevisiae is a major model organism for the analysis of mitochondrial functions,1.0,False,2,1.0,5.37478,1.949008
17617217,S. cerevisiae,2007,FEMS Yeast Res,yeast_model_organism,True,True,,It is an established model organism,biological,model_organism,established model organism Saccharomyces cerevisiae,1.0,False,3,1.0,7.402951,4.3031178
17616631,S. cerevisiae,2007,Eukaryot Cell,yeast_model_organism,True,True,,Yeast is a promising model system for identifying and testing ER phospholipid flippases,biological,model_system,Our work defines yeast as a promising model system for future attempts to identify the ER phospholipid flippase and to test and purify candidate flippases.,1.0,False,2,1.0,4.0551944,1.793594
17349032,S. cerevisiae,2007,Saline Syst,yeast_model_organism,True,True,,S. cerevisiae was used to test functional complementation of the HOG pathway,technical,functional_complementation,HwHog1 complements the function of ScHog1 in the Saccharomyces cerevisiae multistress response.,1.0,False,2,0.8418568774069946,4.4794536,2.048494
17287356,S. cerevisiae,2007,Proc Natl Acad Sci U S A,yeast_model_organism,True,True,,S. cerevisiae is an important model organism for studying the Crabtree effect,biological,model_organism,The yeast Saccharomyces cerevisiae has served as an important model organism for studying the Crabtree effect.,1.0,False,2,1.0,3.4723275,3.074574
17207637,S. cerevisiae,2007,Semin Cancer Biol,yeast_model_organism,True,True,,easy to cultivate,biological,ease_of_cultivation,easy to cultivate,1.0,False,3,0.9095669411733969,5.856291,5.151549
17207637,S. cerevisiae,2007,Semin Cancer Biol,yeast_model_organism,True,True,,provides a wide spectrum of genetic and cytological tools for research,technical,genetic_tool_availability,offer a wide spectrum of genetic and cytological tools for research,1.0,False,3,1.0,5.6298685,4.1492977
19455254,S. cerevisiae,2007,Cancer Inform,yeast_model_organism,True,True,,Yeast is a relatively simple eukaryote whose conserved cell‑cycle proteins allow insight into perturbations relevant to human cancer.,biological,conservation,"Proteins involved in the regulation of the cell cycle are highly conserved across all eukaryotes, and so a relatively simple eukaryote such as yeast can provide insight into a variety of cell cycle perturbations including those that occur in human cancer.",1.0,False,2,1.0,4.5554724,1.5428985
19455254,S. cerevisiae,2007,Cancer Inform,yeast_model_organism,True,True,,"Saccharomyces cerevisiae has the largest existing experimental and modeling dataset on cell‑cycle progression, making it a logical choice for detailed study.",technical,data_availability,"To date, the budding yeast Saccharomyces cerevisiae has provided the largest amount of experimental and modeling data on the progression of the cell cycle, making it a logical choice for in-depth studies of this process.",1.0,False,2,1.0,4.1570582,3.0160441
17158346,S. cerevisiae,2006,Circ Res,yeast_model_organism,True,True,,Many principles of the regulatory mechanism were first discovered in S. cerevisiae,historical,initial_discovery,as many principles governing this new regulatory mechanism were initially discovered in this model organism,1.0,False,2,1.0,4.4539385,2.427647
17156009,S. cerevisiae,2006,FEMS Yeast Res,yeast_model_organism,True,True,,the yeast system recapitulates many findings from higher eukaryotes,biological,conserved_mechanisms,The yeast system recapitulates many of the findings made with higher eukaryotes.,1.0,False,2,0.8805648064156156,4.584569,1.5490099
17072889,S. cerevisiae,2006,Yeast,yeast_model_organism,True,True,,S. cerevisiae has provided important information about double-strand break repair mechanisms,biological,mechanistic_insight,has provided important information about the mechanisms involved,1.0,False,2,0.761353637211117,5.2836723,2.558211
17072880,S. cerevisiae,2006,Yeast,yeast_model_organism,True,True,,S. cerevisiae has more tools and resources,technical,tool_availability,"relative paucity of tools and resources, particularly when compared to Saccharomyces cerevisiae",1.0,False,2,1.0,4.168695,3.0915344
17010666,S. cerevisiae,2007,Biochim Biophys Acta,yeast_model_organism,True,True,,"PC is abundant in S. cerevisiae, making it a relevant model for studying PC homeostasis",biological,lipid_abundance,Phosphatidylcholine (PC) is a very abundant membrane lipid in most eukaryotes including the model organism Saccharomyces cerevisiae.,1.0,False,2,1.0,4.3029,2.3545387
16980391,S. cerevisiae,2006,Genetics,yeast_model_organism,True,True,,It is a central model organism and widely used in food and biotechnological processes,biological,model_organism,The yeast S. cerevisiae is a central model organism in eukaryotic cell studies and a major component in many food and biotechnological industrial processes.,1.0,False,3,1.0,8.4133625,3.4195337
16979507,S. cerevisiae,2006,Methods,yeast_model_organism,True,True,,biochemically and genetically amenable for many fundamental studies on eukaryotic cells,biological,genetic_amenability,it is biochemically and genetically amenable for many fundamental studies on eukaryotic cells,1.0,False,3,0.8511201603140572,6.5706344,3.0027916
16979507,S. cerevisiae,2006,Methods,yeast_model_organism,True,True,,availability of procedures and reagents for isolating protein complexes and tracking macromolecules in vivo,technical,procedures_and_reagents,"development of a number of procedures and reagents for isolating protein complexes, and for following macromolecules in vivo",1.0,False,3,0.8236740609444415,6.118554,3.2310665
16945463,S. cerevisiae,2007,Biochimie,yeast_model_organism,True,True,,"Yeast is a facultative anaerobic organism that becomes auxotrophic for sterols in the absence of oxygen, enabling a genetic approach to identify sterol uptake/transport genes.",technical,auxotrophic_selection,"A genetic approach that is based on the fact that yeast is a facultative anaerobic organism, which becomes auxotrophic for sterols in the absence of oxygen, resulted in the identification of 17 genes that are required for efficient uptake and/or transport of sterols.",1.0,False,2,0.9203734706397306,4.3061457,1.6673982
16897709,S. cerevisiae,2006,Biotechnol J,yeast_model_organism,True,True,,genetically tractable,technical,genetic_manipulation,it is genetically tractable,1.0,False,3,1.0,4.7352095,5.2553926
16897709,S. cerevisiae,2006,Biotechnol J,yeast_model_organism,True,True,,shares many functional homologs with humans,biological,conserved_pathways,shares many functional homolog with humans,1.0,False,2,1.0,5.160602,0.911739
16892060,S. cerevisiae,2006,Nat Genet,yeast_model_organism,True,False,,long history of human use in food and drink production,historical,traditional_use,"has been used by humans for millennia to make wine, beer and bread",1.0,False,3,1.0,8.865465,3.6795428
16892060,S. cerevisiae,2006,Nat Genet,yeast_model_organism,True,False,,serves as a key model organism for eukaryotic biology studies,biological,eukaryotic_model,it became a key model organism for studies of eukaryotic biology,1.0,False,3,1.0,7.1903586,3.153893
16860663,S. cerevisiae,2006,Curr Top Dev Biol,yeast_model_organism,True,True,,It is the leading model organism for studying autophagosome biogenesis.,biological,leading_model_organism,the leading model organism for the study of autophagosome biogenesis,1.0,False,2,0.6335614695439058,5.1944003,2.124168
16859984,S. cerevisiae,2007,Biochim Biophys Acta,yeast_model_organism,True,True,,Its genetic tractability makes it an attractive model organism.,technical,genetic_tractability,Because of its genetic tractability S. cerevisiae is an attractive model organism,1.0,False,3,1.0,4.944372,4.8480744
16847258,S. cerevisiae,2006,Proc Natl Acad Sci U S A,yeast_model_organism,True,True,,Because S. cerevisiae is the best understood eukaryotic model organism,biological,well_characterized,"The yeast Saccharomyces cerevisiae is, arguably, the best understood eukaryotic model organism",1.0,False,2,1.0,3.4227545,3.4694483
16611035,S. cerevisiae,2006,Curr Drug Targets,yeast_model_organism,True,True,,"S. cerevisiae contains many ABC genes, allowing study of conserved ABC functions",biological,gene_family_abundance,yeast served as an important model organism to study the functions of evolutionary conserved ABC genes,1.0,False,2,0.9965001399656859,4.418763,1.4543903
16611035,S. cerevisiae,2006,Curr Drug Targets,yeast_model_organism,True,True,,"Yeast lacking ABC pumps is hypersensitive to antifungal drugs, making it suitable for functional studies",technical,experimental_tractability,"yeast cells lacking endogenous ABC pumps are hypersensitive to many antifungal drugs, making them suitable for functional studies",1.0,False,2,0.9612315343050688,3.6240747,1.4249886
16581091,S. cerevisiae,2006,Mutat Res,yeast_model_organism,True,True,,"Yeast is suitable because recombination drives minisatellite mutation, enabling detailed study",technical,model_organism_selection,"Since recombination is involved in minisatellite mutation, the yeast Saccharomyces cerevisiae is a suitable model organism",1.0,False,2,0.9763156004051444,4.276473,2.3381703
16525018,S. cerevisiae,2006,Mol Biol Cell,yeast_model_organism,True,True,,S. cerevisiae is a useful model organism for studying replication origin control,biological,model_organism,has been a useful model organism to study how eukaryotic cells prevent replication origins from reinitiating during a single cell cycle,1.0,False,2,0.9270635869925317,5.03863,2.8846755
16470937,S. cerevisiae,2005,PLoS Genet,yeast_model_organism,True,True,,Saccharomyces cerevisiae was used as a model organism,biological,model_organism,model organism Saccharomyces cerevisiae,1.0,False,2,1.0,3.2509022,2.7451172
16467155,S. cerevisiae,2006,Proc Natl Acad Sci U S A,yeast_model_organism,True,True,,S. cerevisiae is used because it is an important model organism,historical,model_organism,important model organism,1.0,False,2,1.0,3.4452276,2.8509467
16429164,S. cerevisiae,2005,PLoS Genet,yeast_model_organism,True,True,,S. cerevisiae provides extensive natural genetic diversity for studying basic biological processes,biological,genetic_diversity,leaving the extensive natural genetic diversity of the model organism largely unexplored and unexploited,1.0,False,2,1.0,4.2337723,2.8151486
16407407,S. cerevisiae,2006,Mol Biol Cell,yeast_model_organism,True,True,,It is a eukaryotic model organism,biological,model_organism,"eukaryotic model organism, the yeast Saccharomyces cerevisiae",1.0,False,3,1.0,6.9518356,3.752166
16338357,S. cerevisiae,2005,Methods Enzymol,yeast_model_organism,True,True,,It is an excellent model for studying fundamental cellular processes,biological,fundamental_cellular_processes,Saccharomyces cerevisiae has proven to be an excellent model organism for the study of fundamental cellular processes,1.0,False,3,1.0,7.0592,2.5089371
16338357,S. cerevisiae,2005,Methods Enzymol,yeast_model_organism,True,True,,Its powerful genetics enable identification of many sorting factors,technical,genetic_tools,The powerful genetics available in the yeast system have facilitated the identification of a large number of factors,1.0,False,3,0.8882652085323958,5.3505654,3.7283754
16143464,S. cerevisiae,2005,FEMS Microbiol Lett,yeast_model_organism,True,True,,S. cerevisiae is a useful model organism for studying the molecular pathology of HHD,technical,model_organism,Recent publications have described pmr1Delta S. cerevisiae as a useful model organism for studying the molecular pathology of HHD.,1.0,False,2,1.0,4.2604914,2.4428465
16143464,S. cerevisiae,2005,FEMS Microbiol Lett,yeast_model_organism,True,True,,The high Ca2+ sensitive phenotype of PMR1‑defective yeast strains is relevant for HHD studies,biological,phenotype_relevance,Some observations indicated that the high Ca2+ sensitive phenotype of PMR1 defective yeast strains may be the most relevant in this respect.,1.0,False,2,0.9892531805530651,4.2367,1.5105298
15917639,S. cerevisiae,2005,Methods Mol Biol,yeast_model_organism,True,True,,ER quality control is evolutionarily conserved from yeast to human,biological,evolutionary_conservation,Protein quality control of the ER and subsequent degradation are evolutionarily highly conserved from yeast to human.,1.0,False,2,1.0,4.940992,1.047091
15917639,S. cerevisiae,2005,Methods Mol Biol,yeast_model_organism,True,True,,S. cerevisiae is easily amenable to genetic and molecular biological experimentation,technical,genetic_tractability,because it is easily amenable to genetic and molecular biological experimentation.,1.0,False,3,0.828029515437016,4.667267,3.884287
15831391,S. cerevisiae,2005,Curr Opin Biotechnol,yeast_model_organism,True,True,,"S. cerevisiae enables integration of physiological, molecular, and genome-wide data to build explanatory and predictive growth models",technical,predictive_modeling,"physiological data, classical molecular biology and whole-genome responses can be combined to obtain explanatory and predictive models for growth",1.0,False,2,1.0,4.4640555,2.713115
15811312,S. cerevisiae,2005,FEBS Lett,yeast_model_organism,True,True,,The human ATP2C1 gene is orthologous to the yeast PMR1 gene.,biological,orthologous_gene,ATP2C1 ... is orthologous to the PMR1 gene in S. cerevisiae.,0.883,False,2,1.0,4.5422792,1.1205505
15811312,S. cerevisiae,2005,FEBS Lett,yeast_model_organism,True,True,,"The human hSPCA1 protein fully complements PMR1 deficiency in yeast, showing functional conservation.",biological,functional_complementation,hSPCA1 fully complements PMR1 deficiency in yeast,1.0,False,2,1.0,4.5452394,1.2290798
15811312,S. cerevisiae,2005,FEBS Lett,yeast_model_organism,True,True,,S. cerevisiae is a valuable tool for screening ATP2C1 mutations and investigating pathogenic or pharmacologic mechanisms.,technical,mutation_screening,S. cerevisiae has proved to be a valuable tool to screen ATP2C1 mutations and address potential pathogenic/pharmacologic mechanisms in HHD.,1.0,False,2,1.0,3.3504465,1.5914767
15797826,S. cerevisiae,2005,Semin Cell Dev Biol,yeast_model_organism,True,True,,Budding yeast is chosen because it is a genetically powerful model organism,technical,genetic_tractability,"genetically powerful model organism, budding yeast",1.0,False,2,1.0,3.0822723,2.8595667
15763500,S. cerevisiae,2005,Cell Biol Int,yeast_model_organism,True,True,,Yeasts are good model organisms for studying intracellular oxidation and oxidative stress.,biological,oxidative_stress_model,yeasts are good model organisms for studying intracellular oxidation and oxidative stress,1.0,False,2,1.0,3.5698354,1.9776865
15608217,S. cerevisiae,2005,Nucleic Acids Res,yeast_model_organism,True,True,,It is the best understood eukaryotic model organism,biological,model_organism_selection,chosen as the best understood model organism for eukaryotes,1.0,False,3,1.0,6.774174,3.6781805
15608217,S. cerevisiae,2005,Nucleic Acids Res,yeast_model_organism,True,True,,It serves as a reference to facilitate annotation of other yeast genomes,technical,reference_genome_annotation,their annotation becomes greatly facilitated using S.cerevisiae as a reference,1.0,False,2,1.0,4.0734353,2.836099
15515127,S. cerevisiae,2004,Yeast,yeast_model_organism,True,True,,S. cerevisiae is used to gain insight into complex biological processes,biological,model_organism,"For years, Saccharomyces cerevisiae has been used as a model organism to gain insight into complex biological processes.",1.0,False,2,1.0,4.262226,2.5303385
15353296,S. cerevisiae,2004,Front Biosci,yeast_model_organism,True,True,,S. cerevisiae provides valuable insights into prolyl isomerase functions,biological,functional_insights,has proven invaluable to understand the elusive functions of these proteins,1.0,False,2,1.0,4.2737594,2.458945
15308463,S. cerevisiae,2004,Am J Physiol Cell Physiol,yeast_model_organism,True,True,,compact and fully sequenced genome,technical,genome_sequencing,compact and fully sequenced genome,1.0,False,3,0.8086430115985234,6.172194,3.8427017
15308463,S. cerevisiae,2004,Am J Physiol Cell Physiol,yeast_model_organism,True,True,,tractable genetics,technical,tractable_genetics,tractable genetics,1.0,False,3,1.0,4.7362494,5.3120036
15308463,S. cerevisiae,2004,Am J Physiol Cell Physiol,yeast_model_organism,True,True,,simple and inexpensive culturing conditions,economic,inexpensive_culturing,simple and inexpensive culturing conditions,1.0,False,3,1.0,5.915811,5.1460743
15308463,S. cerevisiae,2004,Am J Physiol Cell Physiol,yeast_model_organism,True,True,,conservation of basic cellular machinery and signal transducing pathways with higher eukaryotes,biological,conserved_cellular_machinery,conservation of basic cellular machinery and signal transducing pathways with higher eukaryotes,1.0,False,2,1.0,5.196359,1.4120299
15279765,S. cerevisiae,2004,DNA Repair (Amst),yeast_model_organism,True,True,,S. cerevisiae is an ideal model organism for studying DNA repair processes,technical,model_organism,The yeast Saccharomyces cerevisiae is an ideal model organism for studying these repair processes.,1.0,False,2,0.8136818318986582,5.195957,2.6432784
15279765,S. cerevisiae,2004,DNA Repair (Amst),yeast_model_organism,True,True,,Much of current knowledge on eukaryotic DNA repair comes from studies in budding yeast,historical,knowledge_base,"Indeed, much of what we know today on the mechanisms of repair in eukaryotes come from studies carried out in budding yeast.",1.0,False,2,0.8180366635693245,5.2519364,2.452255
15279765,S. cerevisiae,2004,DNA Repair (Amst),yeast_model_organism,True,True,,Conservation of repair mechanisms across evolution makes yeast studies relevant to other eukaryotes,biological,conserved_mechanisms,"Given the conservation of the repair mechanisms and genes throughout evolution, these studies have profound implications for other eukaryotic organisms.",1.0,False,2,0.6690914317065387,4.9735036,1.7773306
15215118,S. cerevisiae,2004,Antimicrob Agents Chemother,yeast_model_organism,True,True,,Chosen because DHPS enzymes are conserved in sequence and structure between P. jiroveci and S. cerevisiae,biological,sequence_and_structural_conservation,"Based on the sequence conservation between the DHPS enzymes of P. jiroveci and S. cerevisiae, together with the structural conservation of the three known DHPS structures",1.0,False,2,0.9852994969498078,3.7760417,2.4491658
15207861,S. cerevisiae,2004,Res Microbiol,yeast_model_organism,True,True,,Yeast is a useful model for studying eukaryotic cell functions,biological,eukaryotic_cell_functions,very useful model organism for studying eukaryotic cell functions,1.0,False,2,1.0,4.031846,1.818046
15207861,S. cerevisiae,2004,Res Microbiol,yeast_model_organism,True,True,,Yeast allows easy screening for mutants,technical,mutant_screening,ease of screening for mutants,1.0,False,2,1.0,3.1406085,1.9228644
15163358,S. cerevisiae,2004,Brief Funct Genomic Proteomic,yeast_model_organism,True,True,,to elucidate the evolutionary pathway of Candida and other genetic code changes,biological,evolutionary_pathway,the importance of using Saccharomyces cerevisiae as a model organism for elucidating the evolutionary pathway of the Candida and other genetic code changes is emphasised,1.0,False,2,1.0,3.7047276,1.0631635
15126692,S. cerevisiae,2004,J Mol Neurosci,yeast_model_organism,True,True,,Yeast can faithfully recapitulate amyloid formation by disease-causing proteins,biological,model_fidelity,amyloid formation by disease-causing proteins can be faithfully recapitulated in simple yeast-based models in Saccharomyces cerevisiae,1.0,False,2,1.0,4.129047,0.80517334
15126692,S. cerevisiae,2004,J Mol Neurosci,yeast_model_organism,True,True,,Yeast enables rapid and easy large‑scale drug screening,technical,high_throughput_screening,the ease and rapidity with which large-scale drug-screening efforts can be conducted in this model organism,1.0,False,2,1.0,3.158702,1.6565216
15119939,S. cerevisiae,2004,Physiol Res,yeast_model_organism,True,True,,S. cerevisiae is an excellent model for studying transport properties and physiological function of alkali‑metal‑cation transporters,biological,model_organism_advantage,Simple eukaryotic yeast Saccharomyces cerevisiae cells proved to be an excellent model for studying the transport properties and physiological function of alkali-metal-cation transporters,1.0,False,2,1.0,4.367227,1.8934946
15119939,S. cerevisiae,2004,Physiol Res,yeast_model_organism,True,True,,Mutant strains lacking their own transport systems provide an efficient tool for molecular studies of transporters from higher eukaryotes,technical,genetic_tool,the existence of mutant strains lacking their own transport systems provided an efficient tool for a molecular study of alkali-metal-cation transporters from higher eukaryotes upon their expression in yeast cells,1.0,False,3,1.0,6.9301353,2.6617737
15068263,S. cerevisiae,2004,J Eukaryot Microbiol,yeast_model_organism,True,True,,S. cerevisiae was chosen because it is a model organism that exhibits a free-living lifestyle,biological,life_style,"Saccharomyces cerevisiae, a model organism exhibiting a free-living life style",1.0,False,2,1.0,3.1485538,3.1100423
15004537,S. cerevisiae,2004,Cancer Biol Ther,yeast_model_organism,True,True,,yeast assay provides confirmatory in vivo evidence,technical,in_vivo_assay,"Thus, the yeast assay appears to provide confirmatory in vivo evidence to aid in characterizing some BRCA1 missense variants.",1.0,False,2,1.0,3.1895494,1.6032364
14766577,S. cerevisiae,2004,Appl Environ Microbiol,yeast_model_organism,True,True,,its importance as a model organism in eukaryotic cell biology,biological,model_organism,Besides its importance as model organism in eukaryotic cell biology,1.0,False,3,1.0,7.2147775,3.1865575
14602950,S. cerevisiae,2001,Sci Aging Knowledge Environ,yeast_model_organism,True,True,,short generation time,technical,generation_time,Its short generation time,1.0,False,-1,0.0,5.143308,4.22289
14602950,S. cerevisiae,2001,Sci Aging Knowledge Environ,yeast_model_organism,True,True,,well‑established molecular genetics,technical,genetic_tools,well‑established molecular genetics,0.971,False,3,0.9096055096100328,5.948431,4.291713
14602950,S. cerevisiae,2001,Sci Aging Knowledge Environ,yeast_model_organism,True,True,,fully sequenced genome,technical,genome_sequencing,fully sequenced genome,1.0,False,3,0.796086123906997,6.182511,3.7525265
14602950,S. cerevisiae,2001,Sci Aging Knowledge Environ,yeast_model_organism,True,True,,"findings apply to higher eukaryotes, including humans",biological,cross_species_relevance,"Much of the information obtained has been shown to apply to higher eukaryotes, including humans",1.0,False,2,1.0,5.0051327,1.3608295
14586578,S. cerevisiae,2004,Appl Microbiol Biotechnol,yeast_model_organism,True,True,,fast and efficient analysis of genes and enzyme activities,technical,high_throughput_analysis,fast and efficient analysis of genes and enzyme activities involved in the lipid biosynthetic pathways,1.0,False,3,0.8280967128771329,6.1849856,2.7703795
14586578,S. cerevisiae,2004,Appl Microbiol Biotechnol,yeast_model_organism,True,True,,well‑characterized lipid pathways,technical,pathway_characterization,the lipid pathways in this organism have been described in detail and are well characterized,1.0,False,-1,0.0,9.945754,0.5040224
14586578,S. cerevisiae,2004,Appl Microbiol Biotechnol,yeast_model_organism,True,True,,genetically modifiable to produce substances in high amounts,technical,genetic_engineering,Yeast can be genetically modified to produce selected substances in relatively high amounts,1.0,False,3,1.0,5.4276776,4.5416555
14574615,S. cerevisiae,2004,Curr Genet,yeast_model_organism,True,True,,Because most genetic methods developed with S. cerevisiae are applicable,technical,genetic_methods,most genetic methods developed with the budding yeast Saccharomyces cerevisiae are applicable,1.0,False,2,1.0,4.0577335,2.8888555
14565980,S. cerevisiae,2003,Mol Biol Cell,yeast_model_organism,True,True,,S. cerevisiae undergoes filamentous differentiation in response to environmental cues,biological,filamentous_differentiation,The unicellular model organism Saccharomyces cerevisiae undergoes filamentous differentiation in response to environmental cues.,1.0,False,2,1.0,4.994469,2.1272418
12882345,S. cerevisiae,2002,Aging Cell,yeast_model_organism,True,True,,"Yeast prohibitins share strong sequence similarity with human prohibitins, making yeast a good model for studying prohibitin function.",biological,sequence_similarity,"have strong sequence similarity with their human counterparts prohibitin and BAP37, making yeast a good model organism in which to study prohibitin function",1.0,False,2,1.0,4.6909933,1.0383949
12819106,S. cerevisiae,2003,Infect Immun,yeast_model_organism,True,True,,"S. cerevisiae is useful because ExoU cytotoxicity and required regions are conserved, allowing it to model ExoU activity",biological,functional_conservation,These findings indicate that S. cerevisiae is a useful model organism for the study of ExoU.,1.0,False,2,1.0,3.7604108,2.0523293
12787768,S. cerevisiae,2003,Curr Opin Cell Biol,yeast_model_organism,True,True,,It has proven to be a useful model organism for studying telomerase.,biological,model_organism,Saccharomyces cerevisiae has proven to be a useful model organism for the study of telomerase,1.0,False,3,1.0,7.27391,3.24858
12732326,S. cerevisiae,2003,Curr Opin Biotechnol,yeast_model_organism,True,True,,"longstanding use as model organism, especially in functional genomics",historical,established_model,"Saccharomyces cerevisiae has been the model organism for fungal research for many years, particularly in functional genomics.",1.0,False,3,1.0,7.8044043,3.3950386
12702458,S. cerevisiae,2001,FEMS Yeast Res,yeast_model_organism,True,True,,"It provides a eukaryotic system that is rapidly growing, genetically modifiable, tractable, and has a fully sequenced genome.",technical,genetic_tractability,"combine the advantage of a eukaryotic system with those of a rapidly growing, genetically modifiable and tractable organism of which the genome is fully sequenced",1.0,False,3,0.8758168248816114,5.5237956,4.260339
12698269,S. cerevisiae,2003,Curr Genet,yeast_model_organism,True,True,,Provides rapid clues to bleomycin resistance in tumor cells,biological,model_organism,This model organism is likely to provide rapid clues in our understanding of bleomycin resistance in tumor cells.,1.0,False,-1,0.0,6.8174353,1.7016673
12551906,S. cerevisiae,2003,J Biol Chem,yeast_model_organism,True,True,,"S. cerevisiae is used because it is a model organism where the PMT family is highly redundant, enabling study of lethal effects of simultaneous deletions",biological,functional_redundancy,"In the model organism Saccharomyces cerevisiae as well as in many other fungi the PMT family is highly redundant, and only the simultaneous deletion of PMT1/PMT2 and PMT4 subfamily members is lethal.",1.0,False,2,1.0,3.744696,2.5852654
12503849,S. cerevisiae,2003,Int Rev Cytol,yeast_model_organism,True,True,,Yeast's advanced biochemistry and genetics make it a leading cell biological model organism,biological,genetics,yeast's advanced biochemistry and genetics have produced a great wealth of information ... strengthened the role of yeast as a leading cell biological model organism,0.715,False,2,1.0,3.9691827,2.012881
12141989,S. cerevisiae,2002,J Biotechnol,yeast_model_organism,True,True,,It is a widely used model organism,cultural,popularity,one of the most popular model organisms,1.0,False,3,1.0,7.846493,3.635181
12141989,S. cerevisiae,2002,J Biotechnol,yeast_model_organism,True,True,,It was the first eukaryote with a sequenced genome,historical,genome_sequencing,It was the first eukaryote whose genome was sequenced,1.0,False,3,0.7028417060595147,6.3188677,3.708986
12141989,S. cerevisiae,2002,J Biotechnol,yeast_model_organism,True,True,,It serves as the model for DNA chip technology development,technical,DNA_chip_development,Yeast has been the model organism for the development of this technique,1.0,False,3,0.8147063712609388,8.013711,2.7173402
11995965,S. cerevisiae,2001,Acta Biochim Pol,yeast_model_organism,True,True,,conserved molecular transport machinery makes it a relevant model,biological,conserved_mechanisms,Due to the conservation of the molecular transport machinery S. cerevisiae has become an important model system of vacuolar trafficking,1.0,False,3,0.8892984592978963,6.5639215,2.495633
11995965,S. cerevisiae,2001,Acta Biochim Pol,yeast_model_organism,True,True,,"ease of applying genetics, molecular biology and biochemistry",technical,experimental_tractability,"because of the facile application of genetics, molecular biology and biochemistry",1.0,False,3,1.0,5.4619913,4.5964885
11935220,S. cerevisiae,2002,Curr Genet,yeast_model_organism,True,True,,Researchers chose S. cerevisiae to study the MTOC,technical,model_organism_selection,"In order to study the MTOC, many researchers have chosen the budding yeast Saccharomyces cerevisiae as a model organism.",1.0,False,2,1.0,3.0101614,3.0388792
11854447,S. cerevisiae,2002,Mol Pharmacol,yeast_model_organism,True,True,,to identify and characterize novel genes involved in cisplatin-induced cell kill,biological,gene_identification,We used the budding yeast Saccharomyces cerevisiae as a model organism to identify and characterize novel genes involved in cisplatin-induced cell kill,1.0,False,-1,0.0,6.8331966,1.6450576
11800272,S. cerevisiae,2001,Med Mycol,yeast_model_organism,True,True,,S. cerevisiae is used because it is a nonpathogenic model organism,biological,nonpathogenic_model,nonpathogenic model organism Saccharomyces cerevisiae,1.0,False,2,1.0,3.3339756,2.7033415
11585720,S. cerevisiae,2001,Cancer Res,yeast_model_organism,True,True,,to identify novel drug resistance genes,biological,drug_resistance_gene_identification,using budding yeast Saccharomyces cerevisiae as a model organism to identify novel drug resistance genes,1.0,False,-1,0.0,6.768703,1.5309701
11283702,S. cerevisiae,2001,Nat Rev Genet,yeast_model_organism,True,True,,facile genetics,biological,genetic_tractability,"With its facile genetics, the budding yeast Saccharomyces cerevisiae has emerged as an important model organism",1.0,False,3,1.0,5.355456,4.9491343
11268038,S. cerevisiae,2001,Bioessays,yeast_model_organism,True,True,,Yeast provides new insights into molecular and cellular changes related to aging,biological,aging_mechanisms,The model organism Saccharomyces cerevisiae is providing new insights into the molecular and cellular changes that are related to aging.,1.0,False,2,1.0,3.604307,0.9936172
11268038,S. cerevisiae,2001,Bioessays,yeast_model_organism,True,True,,Findings in yeast may be valuable for understanding aging in higher eukaryotes,biological,cross-species_applicability,the fundamental principles derived from the studies in yeast may prove valuable in directing our future research toward an understanding of the mechanisms of aging in higher eukaryotes.,1.0,False,2,1.0,3.603079,0.9328814
11162831,S. cerevisiae,2001,Virology,yeast_model_organism,True,True,,The conserved nature of v-ATPases across species led the authors to select S. cerevisiae as a model organism.,biological,conserved_v-ATPase,Conservation within the family of v-ATPases prompted us to look to Saccharomyces cerevisiae as a potential model organism for E5 study.,1.0,False,2,0.9664806272599988,3.4172013,2.6960251
21413357,S. cerevisiae,2001,,yeast_model_organism,True,True,,its relatively small genome,technical,genome_size,because of its relatively small genome,1.0,False,-1,0.0,5.6862025,3.7769701
21413357,S. cerevisiae,2001,,yeast_model_organism,True,True,,a large collection of mutants is available,technical,mutant_collection,large collection of mutants,1.0,False,-1,0.0,5.5163374,3.5644374
21413357,S. cerevisiae,2001,,yeast_model_organism,True,True,,ease of introducing targeted mutations into its genome,technical,genetic_manipulation,ease of introducing targeted mutations into its genome,1.0,False,3,1.0,5.289341,4.7137256
11111085,S. cerevisiae,2000,Biochim Biophys Acta,yeast_model_organism,True,True,,It has provided significant insight into sterol homeostasis,biological,sterol_homeostasis,has provided significant insight into sterol homeostasis,1.0,False,2,0.925034458626123,4.4206147,1.6374118
11111085,S. cerevisiae,2000,Biochim Biophys Acta,yeast_model_organism,True,True,,"It is a genetically amenable model organism, increasing relevance to human disease",technical,genetic_amenability,genetically amenable model organism such as yeast,1.0,False,3,0.9411735370282052,4.9020257,4.717994
10933641,S. cerevisiae,2000,J Antimicrob Chemother,yeast_model_organism,True,True,,It is a well-established model for studying the ergosterol pathway and its inhibitors.,biological,ergosterol_pathway,has long been used as a model organism in the study of the ergosterol pathway and its inhibitors,1.0,False,2,0.7876144602862015,4.240103,2.1595325
10915867,S. cerevisiae,2000,Mutat Res,yeast_model_organism,True,True,,Serves as an excellent model organism to study recombination induction,biological,model_excellence,The yeast Saccharomyces cerevisiae has served as an excellent model organism to study the induction of recombination.,1.0,False,-1,0.0,10.020187,1.540702
10915867,S. cerevisiae,2000,Mutat Res,yeast_model_organism,True,True,,Helps define basic phenomenology and isolate genes involved in recombination,biological,basic_phenomenology,It has helped to define the basic phenomenology and to isolate the genes involved in the process.,1.0,False,10,0.7178129831155727,10.115449,1.4987537
10861902,S. cerevisiae,2000,Yeast,yeast_model_organism,True,True,,well‑characterized genome and available techniques enable experimental manipulation and analysis,biological,genomic_resources,Saccharomyces cerevisiae is almost ideal for such studies as the growing body of knowledge and techniques that have made it the best characterized eukaryote genome also allow the experimental manipulation and analysis of its population genetics.,1.0,False,3,0.9742580260185835,6.097377,3.486802
10853763,S. cerevisiae,2000,Curr Genet,yeast_model_organism,True,True,,"Citrinin inhibits the growth of S. cerevisiae, making it a relevant organism for study",biological,growth_inhibition,inhibits the growth of the yeast Saccharomyces cerevisiae,1.0,False,2,0.8254540542117242,3.4601252,2.388328
10853763,S. cerevisiae,2000,Curr Genet,yeast_model_organism,True,True,,Yeast is a model organism suitable for a genetic approach to identify sensitivity genes,technical,genetic_screening,we decided to use the model organism yeast for a genetic approach,1.0,False,2,0.9668635807999412,4.0836897,2.1330938
10720490,S. cerevisiae,2000,Biochem Biophys Res Commun,yeast_model_organism,True,True,,Yeast screening can directly inform drug resistance in mammalian cells,technical,cross_species_relevance,the identification of PDE2 shows that our yeast screening system can directly be informative for drug resistance in mammalian cells,1.0,False,2,1.0,3.1525195,1.5899171
10707067,S. cerevisiae,2000,Trends Microbiol,yeast_model_organism,True,True,,It provides established knowledge of cell signalling pathways controlling morphological switching.,biological,signalling_pathways,"Our knowledge of the components of the cell signalling pathways controlling morphological switching has, to a large extent, come from studies of pseudohyphal growth of the model organism Saccharomyces cerevisiae",1.0,False,-1,0.0,6.1800113,2.1125536
10556729,S. cerevisiae,1999,FEMS Microbiol Lett,yeast_model_organism,True,True,,S. cerevisiae was used as a mesophilic baker's yeast for comparison,technical,reference_organism,"when compared to the mesophilic baker's yeast, Saccharomyces cerevisiae",1.0,False,2,1.0,3.249246,2.8579745
10514568,S. cerevisiae,1999,Yeast,yeast_model_organism,True,True,,It is widely used as a model organism for replicative ageing and senescence studies.,historical,widely_used,has been widely used as a model organism in studies of replicative ageing and senescence,1.0,False,2,1.0,3.2958922,0.5235668
10229927,S. cerevisiae,1999,Mutagenesis,yeast_model_organism,True,True,,S. cerevisiae is useful as a model organism for drug assessment of mutagenicity,technical,mutagenicity_assessment,the usefulness of S.cerevisiae as a model organism for drug assessment for mutagenicity was emphasized,1.0,False,2,1.0,3.328327,2.0354216
9891811,S. cerevisiae,1998,Annu Rev Microbiol,yeast_model_organism,True,True,,"S. cerevisiae undergoes polarized growth during budding and mating, making it a useful model for studying asymmetric growth and division",biological,polarized_growth,The yeast Saccharomyces cerevisiae undergoes polarized growth at several times during budding and mating and is a useful model organism for studying asymmetric growth and division.,1.0,False,2,1.0,5.2601795,2.092879
9748633,S. cerevisiae,1998,Biochim Biophys Acta,yeast_model_organism,True,True,,Used because it enables investigation of cytotoxic mechanisms of DNA topoisomerase-targeting drugs,technical,drug_mechanism_study,has been exploited to investigate the cytotoxic mechanisms of drugs that target DNA topoisomerases,1.0,False,-1,0.0,6.896945,1.7361257
9712723,S. cerevisiae,1998,Biochem Biophys Res Commun,yeast_model_organism,True,True,,Functional information about HIRA-related proteins is only available in Saccharomyces cerevisiae,technical,functional_data_availability,functional information concerning family members is only available in Saccharomyces cerevisiae,1.0,False,2,1.0,4.9245152,1.1262733
8986600,S. cerevisiae,1996,Exp Cell Res,yeast_model_organism,True,True,,"Studies in S. cerevisiae have shown that nuclear transport factors are highly conserved, making it a useful model.",biological,conservation,"Genetic analyses of the nuclear transport process in the model organism, the budding yeast Saccharomyces cerevisiae, have revealed remarkable conservation of all of these factors.",1.0,False,2,1.0,4.8838167,2.2830973
8986600,S. cerevisiae,1996,Exp Cell Res,yeast_model_organism,True,True,,Research in yeast has provided important clues about bidirectional movement across the nuclear pore complex.,biological,mechanistic_insights,important clues as to how these factors promote the unique bidirectional movement across the NPC have emerged from studies of yeast,1.0,False,2,0.8648123096004786,4.9734178,2.0587738
8994815,S. cerevisiae,1996,Curr Biol,yeast_model_organism,True,True,,excellent model for cell biology studies,biological,cell_biology,is an excellent model organism for addressing questions in cell biology,1.0,False,3,1.0,7.2482467,2.8520448
1431884,S. cerevisiae,1992,J Inorg Biochem,yeast_model_organism,True,True,,S. cerevisiae can utilize ferric chelates as an iron source by reducing ferric iron to the ferrous form,biological,iron_uptake,S. cerevisiae is able to utilize ferric chelates as an iron source by reducing the ferric iron to the ferrous form,1.0,False,2,1.0,4.7825108,2.0823255
1733520,S. cerevisiae,1992,Crit Rev Biotechnol,yeast_model_organism,True,True,,"It is widely used to study gene structure, function, and regulation",biological,gene_study,"widely used as a model organism in the study of gene structure, function, and regulation",1.0,False,3,0.8079292889437325,6.2119765,2.8157244
1733520,S. cerevisiae,1992,Crit Rev Biotechnol,yeast_model_organism,True,True,,It has a traditional role as a workhorse in brewing and baking industries,historical,traditional_use,its more traditional use as a workhorse of the brewing and baking industries,1.0,False,3,1.0,8.446971,3.4031866
41373879,B. subtilis,2025,Int J Mol Sci,bacillus_model_organism,True,True,,The genes were targeted based on their crucial regulatory roles in the sporulation pathway of Bacillus subtilis.,biological,sporulation_regulation,as based on their crucial regulatory roles in the sporulation pathway of Bacillus subtilis,1.0,False,0,1.0,11.742785,6.826565
41000927,B. subtilis,2025,bioRxiv,bacillus_model_organism,True,True,,B. subtilis is a GRAS and industrially relevant model organism,economic,industrial_relevance,GRAS and industrially relevant model organism Bacillus subtilis,1.0,False,0,1.0,11.502975,7.4273977
41000927,B. subtilis,2025,bioRxiv,bacillus_model_organism,True,True,,"B. subtilis currently lacks a tightly regulated, sensitive system that is robust to media and growth conditions",technical,lack_of_regulation,"currently lacks a tightly regulated, sensitive system that is robust to media and growth conditions",1.0,False,0,1.0,11.951326,7.1319203
40919935,B. subtilis,2025,J Bacteriol,bacillus_model_organism,True,True,,Bacillus subtilis was used as a reference model organism for comparative analysis of essential genes,biological,reference_model,Comparison to the model organism Bacillus subtilis revealed many similarities and a few striking differences,1.0,False,0,0.9808209791819453,11.260277,6.9411325
40850531,B. subtilis,2025,Free Radic Biol Med,bacillus_model_organism,True,True,,B. subtilis was chosen because it is a Gram‑positive model organism,biological,model_organism,knockout studies on Gram-positive model organism Bacillus subtilis have been performed,1.0,False,0,1.0,12.349916,7.1453366
40815471,B. subtilis,2025,mSystems,bacillus_model_organism,True,True,,B. subtilis is a non‑pathogenic model bacterium,biological,non_pathogenic,non-pathogenic model bacterium Bacillus subtilis,1.0,False,0,1.0,12.017221,7.5823503
40815471,B. subtilis,2025,mSystems,bacillus_model_organism,True,True,,B. subtilis is a well‑studied model for spore‑forming bacteria,technical,well_studied_model,model organism for spore-forming bacteria,1.0,False,0,1.0,11.761943,6.7200522
40456420,B. subtilis,2025,Genomics,bacillus_model_organism,True,True,,B. subtilis is a well‑studied model organism,biological,well_studied,stands out as a well‑studied model organism,0.953,False,0,1.0,11.558222,7.310609
40434073,B. subtilis,2025,Microbiol Mol Biol Rev,bacillus_model_organism,True,True,,B. subtilis is a key model organism for studying gram‑positive bacterial physiology,biological,gram_positive_physiology,"In Bacillus subtilis, a key model organism for studying gram‑positive bacterial physiology",0.956,False,0,1.0,12.025669,7.4212184
40434073,B. subtilis,2025,Microbiol Mol Biol Rev,bacillus_model_organism,True,True,,B. subtilis is the best‑studied model system for temperature sensing,biological,temperature_sensing,arguably the best‑studied model system for temperature sensing,0.952,False,0,1.0,11.698767,7.3706074
40137111,B. subtilis,2025,Metabolites,bacillus_model_organism,True,True,,Bacillus subtilis is used because it is a model organism,biological,model_organism,model organism Bacillus subtilis (ATCC 23857),1.0,False,0,0.7670933821819237,11.27964,6.9507833
39887703,B. subtilis,2025,Physiol Plant,bacillus_model_organism,True,True,,B. subtilis is a well-characterized rhizobacterium,biological,model_organism,a well-characterized rhizobacterium,1.0,False,0,1.0,11.809647,7.3546734
39716050,B. subtilis,2024,BMC Microbiol,bacillus_model_organism,True,True,,Bacillus subtilis is an important prokaryotic model organism that has been widely used in industrial production of target products.,biological,model_organism,"As an important prokaryotic model organism, Bacillus subtilis has been widely used in the industrial production of a variety of target products.",1.0,False,0,1.0,11.432993,7.2275667
39441067,B. subtilis,2025,Nucleic Acids Res,bacillus_model_organism,True,True,,B. subtilis is widely studied and well understood,biological,well_studied,one of the most-studied and best understood organisms,1.0,False,0,1.0,11.627544,7.2888765
39264745,B. subtilis,2024,Proc Natl Acad Sci U S A,bacillus_model_organism,True,True,,chosen as an illustrative model organism,technical,model_organism,Using Bacillus subtilis as an illustrative model organism,1.0,False,3,1.0,7.9475656,3.9627624
39194552,B. subtilis,2024,Biology (Basel),bacillus_model_organism,True,True,,B. subtilis is used because it serves as a model organism for studying molecular processes in Gram‑positive bacteria,biological,model_organism,Bacillus subtilis is a model organism used to study molecular processes in Gram-positive bacteria.,1.0,False,0,1.0,12.361457,6.914606
39059288,B. subtilis,2024,Enzyme Microb Technol,bacillus_model_organism,True,True,,It is a model organism for the biotechnology industry,biological,model_organism,Gram-positive Bacillus subtilis is a model organism for the biotechnology industry,1.0,False,3,1.0,8.2526865,3.508245
39019123,B. subtilis,2024,Biotechnol Adv,bacillus_model_organism,True,True,,long-standing use as a model for genetics and development,historical,model_history,has long been a model organism in studying genetics and development,1.0,False,3,1.0,7.971332,3.4456575
39019123,B. subtilis,2024,Biotechnol Adv,bacillus_model_organism,True,True,,"useful in various biotechnological applications such as probiotics, fermentation, and bio‑concrete",technical,biotech_applications,"It is beneficial for numerous biotechnological applications where it is included as a probiotic, in fermentation, or in bio-concrete design",1.0,False,3,1.0,9.020284,3.5911548
39019123,B. subtilis,2024,Biotechnol Adv,bacillus_model_organism,True,True,,recently adopted as a model for bacterial epigenetic adaptation studies,biological,epigenetic_study,has also emerged recently as a model organism for studying bacterial epigenetic adaptation,1.0,False,-1,0.0,12.751073,0.6652148
39016615,B. subtilis,2024,Appl Environ Microbiol,bacillus_model_organism,True,True,,Bacillus subtilis is a Gram‑positive model organism,biological,model_organism,"the Gram-positive model organism, Bacillus subtilis",1.0,False,0,1.0,12.099774,7.603971
38507723,B. subtilis,2024,J Basic Microbiol,bacillus_model_organism,True,True,,its current prominence in scientific research,historical,historical_prominence,its current prominence in scientific research,1.0,False,3,0.7793562968067115,6.351698,3.213603
38351711,B. subtilis,2024,Langmuir,bacillus_model_organism,True,True,,It produces two crucial secreted proteins (BslA and TasA) vital for biofilm matrix formation.,biological,matrix_proteins,"Bacillus subtilis serves as a model organism for biofilm research and produces two crucial secreted proteins, BslA and TasA, vital for biofilm matrix formation.",1.0,False,0,0.8165099057725378,12.258116,5.943968
38236030,B. subtilis,2024,mSphere,bacillus_model_organism,True,True,,It is a model organism,biological,model_system,The Gram-positive model organism Bacillus subtilis,1.0,False,3,1.0,7.5398865,4.259292
38205608,B. subtilis,2024,Soft Matter,bacillus_model_organism,True,True,,B. subtilis is used because it is a model organism for biofilm formation,biological,model_organism,a model organism for biofilm formation,1.0,False,0,0.8174655450591102,12.2558975,5.8644524
38193659,B. subtilis,2024,J Bacteriol,bacillus_model_organism,True,True,,B. subtilis can import all proteinogenic amino acids and synthesize them,biological,amino_acid_transport,is able to import all proteinogenic amino acids from the environment as well as to synthesize them,1.0,False,0,1.0,11.926498,7.096127
38190553,B. subtilis,2024,J Proteome Res,bacillus_model_organism,True,True,,B. subtilis is used because it serves as a model organism for Gram‑positive spore‑forming bacteria,biological,spore_forming,Bacillus subtilis (B. subtilis) is a model organism for Gram-positive spore-forming bacteria,1.0,False,0,0.9425663148445753,12.041644,6.7751956
40134792,B. subtilis,2023,Phage (New Rochelle),bacillus_model_organism,True,True,,B. subtilis is used as a model organism to study phage impact on its microbial dynamics,biological,model_organism,"Phages impact Bacillus subtilis microbial dynamics, but our understanding of the diversity of phages that can lyse this model organism is limited.",1.0,False,0,0.8613111008908906,12.2184925,6.7988024
38071475,B. subtilis,2024,RNA,bacillus_model_organism,True,True,,B. subtilis is used because it is the model organism for Gram‑positive bacteria,biological,model_organism,"In Bacillus subtilis, the model organism for Gram‑positive bacteria",0.955,False,0,1.0,12.359139,7.013641
37903266,B. subtilis,2023,Proc Natl Acad Sci U S A,bacillus_model_organism,True,True,,B. subtilis is used because it serves as a model organism for studying biofilm formation,biological,biofilm_model,The soil bacterium Bacillus subtilis is a model organism to investigate the formation of biofilms,1.0,False,0,0.8174655450591102,12.223704,5.8841996
37803723,B. subtilis,2023,Food Res Int,bacillus_model_organism,True,True,,to demonstrate that vitalistic arguments may fail to describe microbial inactivation,technical,experimental_demonstration,we used Bacillus subtilis as a model organism to demonstrate that the generally accepted vitalistic arguments ... may fail to describe microbial inactivation,0.771,False,-1,0.0,13.228581,1.1914059
37762620,B. subtilis,2023,Int J Mol Sci,bacillus_model_organism,True,True,,used as a model to study Gram‑positive bacteria,biological,Gram‑positive research,Bacillus subtilis is a model organism for studying Gram-positive bacteria,1.0,False,-1,0.0,13.34474,7.0743475
37762620,B. subtilis,2023,Int J Mol Sci,bacillus_model_organism,True,True,,used as an industrial cell factory for enzyme and chemical production,technical,industrial production,serves as a cell factory in the industry for enzyme and chemical production,1.0,False,3,1.0,8.741074,3.534112
37762620,B. subtilis,2023,Int J Mol Sci,bacillus_model_organism,True,True,,acts as a probiotic that modulates gut microbiota,biological,probiotic function,"functions as a probiotic in the gastrointestinal tract, modulating the gut microbiota",1.0,False,7,0.8937822679708598,13.492182,2.6476486
37704668,B. subtilis,2023,Sci Rep,bacillus_model_organism,True,True,,Bacillus subtilis is a well‑studied model organism,biological,model_organism,unlike the well‑studied model organism Bacillus subtilis,0.964,False,0,1.0,11.549452,7.3063774
37338384,B. subtilis,2023,J Bacteriol,bacillus_model_organism,True,True,,"The lipoproteins are conserved across most spore-forming species, so the authors used Bacillus subtilis as a model organism.",biological,protein_conservation,A family of membrane-bound lipoproteins that are conserved across most spore-forming species was studied in the model organism Bacillus subtilis.,1.0,False,0,1.0,11.74029,6.848443
36838266,B. subtilis,2023,Microorganisms,bacillus_model_organism,True,True,,c-di-AMP was first discovered in Bacillus subtilis,biological,discovery_origin,c-di-AMP is a bacterial second messenger discovered in Bacillus subtilis,0.958,False,0,0.9504779650559261,12.034264,6.847198
36793550,B. subtilis,2022,Phage (New Rochelle),bacillus_model_organism,True,True,,B. subtilis is important to microbial dynamics,biological,microbial_dynamics,Despite their importance to microbial dynamics involving Bacillus subtilis,1.0,False,0,0.8108368537978505,12.114282,6.6438255
36713210,B. subtilis,2022,Front Microbiol,bacillus_model_organism,True,True,,Bacillus subtilis is used because it is a model organism,biological,model_organism,the model organism Bacillus subtilis,1.0,False,0,0.7628012156337176,11.298403,6.941295
36678925,B. subtilis,2023,Pharmaceutics,bacillus_model_organism,True,True,,B. subtilis is used as a Gram‑positive model organism,biological,model_organism,Gram-positive model organism Bacillus subtilis,1.0,False,0,1.0,12.469332,7.1677523
36677469,B. subtilis,2023,Microorganisms,bacillus_model_organism,True,True,,Bacillus subtilis is an important model organism,biological,model_organism_importance,important model organism Bacillus subtilis,1.0,False,0,1.0,11.371356,7.2924724
36677469,B. subtilis,2023,Microorganisms,bacillus_model_organism,True,True,,No genome-scale ecModel existed for B. subtilis before this study,technical,model_gap,there was still no genome-scale ecModel for the important model organism Bacillus subtilis prior to this study,1.0,False,0,1.0,11.801842,7.0177293
36552239,B. subtilis,2022,Biology (Basel),bacillus_model_organism,True,True,,It serves as a model organism for studying molecular processes in prokaryotic cells,biological,model_organism,Bacillus subtilis is a model organism used to study molecular processes in prokaryotic cells.,1.0,False,-1,0.0,10.261743,1.8453892
36552239,B. subtilis,2022,Biology (Basel),bacillus_model_organism,True,True,,It is an industrially important bacterium,economic,industrial_importance,industrially important bacterium,1.0,False,3,1.0,9.246514,3.4217794
36535428,B. subtilis,2023,J Mol Biol,bacillus_model_organism,True,True,,It is an extensively studied model organism for biofilm formation.,biological,extensively_studied,Bacillus subtilis is an extensively studied model organism used to understand the process of biofilm formation.,1.0,False,0,0.8174655450591102,12.27657,5.6850348
36401726,B. subtilis,2023,Appl Biochem Biotechnol,bacillus_model_organism,True,True,,B. subtilis is used because it is a model organism for studying biofilms,biological,model_organism,"In Bacillus subtilis, a model organism for studying biofilms",1.0,False,0,0.8174655450591102,12.2046385,5.9038815
36306089,B. subtilis,2023,Methods Mol Biol,bacillus_model_organism,True,True,,"B. subtilis has been used as a host strain for decades, enabling isolation of many unique viral strains",biological,host_strain,The model organism Bacillus subtilis has served as a host strain for decades and enabled the isolation of many unique viral strains.,1.0,False,0,0.9560074350943121,12.015336,6.899714
36283208,B. subtilis,2023,Spectrochim Acta A Mol Biomol Spectrosc,bacillus_model_organism,True,True,,B. subtilis is used as a model organism,biological,model_organism,Bacillus subtilis (model organism),1.0,False,0,0.8808381406656803,11.2391405,6.944688
36090105,B. subtilis,2022,Front Microbiol,bacillus_model_organism,True,True,,It is a Gram‑positive model organism,biological,model_organism,Gram-positive model organism Bacillus subtilis,1.0,False,1,1.0,14.54177,7.802594
35744626,B. subtilis,2022,Microorganisms,bacillus_model_organism,True,True,,Longstanding use as a model to study specialized cell types,historical,longstanding_use,"For decades, B. subtilis has been used as a model organism to study development of specialized cell types.",1.0,False,3,1.0,8.268023,3.4115894
35744626,B. subtilis,2022,Microorganisms,bacillus_model_organism,True,True,,Established as a classic model for endospore formation studies,biological,endospore_formation,We review B. subtilis as a classic model for studies of endospore formation,1.0,False,0,1.0,11.724341,6.5677295
35666003,B. subtilis,2022,Proteomics,bacillus_model_organism,True,True,,Used as a gram‑positive model organism to study the antibacterial mechanism of the ionophore,biological,model_organism,we investigated its effects on the gram-positive model organism Bacillus subtilis,1.0,False,-1,0.0,13.609954,7.214493
35583738,B. subtilis,2022,Methods Mol Biol,bacillus_model_organism,True,True,,easily grown under laboratory conditions,technical,ease_of_cultivation,it is easily grown under laboratory conditions,1.0,False,3,0.9015077072564848,5.939689,5.168034
35583738,B. subtilis,2022,Methods Mol Biol,bacillus_model_organism,True,True,,rapid doubling time,biological,growth_rate,it has a rapid doubling time,1.0,False,3,0.868117918740784,5.155273,4.6780663
35583738,B. subtilis,2022,Methods Mol Biol,bacillus_model_organism,True,True,,relatively inexpensive to maintain,economic,cost_efficiency,it is relatively inexpensive to maintain,1.0,False,3,0.8322193152523577,6.0895734,4.779049
35583738,B. subtilis,2022,Methods Mol Biol,bacillus_model_organism,True,True,,nonpathogenic,biological,safety_nonpathogenic,it is nonpathogenic,1.0,False,-1,0.0,13.881249,3.2585955
35392905,B. subtilis,2022,Microb Cell Fact,bacillus_model_organism,True,True,,B. subtilis W168 is the best-characterized Gram-positive model organism with powerful genetics and many industrial advantages,technical,genetics,by far best-characterized Gram-positive model organism with powerful genetics and many advantages in industrial use,1.0,False,0,1.0,11.991998,7.517686
35350626,B. subtilis,2022,Front Microbiol,bacillus_model_organism,True,True,,It is a Gram‑positive model organism,biological,model_organism,Gram-positive model organism Bacillus subtilis,1.0,False,1,1.0,14.55114,7.809554
35317552,B. subtilis,2022,ACS Infect Dis,bacillus_model_organism,True,True,,B. subtilis was used as a model organism for testing in vitro activity,biological,model_organism,"against a model organism, Bacillus subtilis",1.0,False,0,0.7848331282178841,11.177999,6.9154677
35311566,B. subtilis,2022,Microbiol Spectr,bacillus_model_organism,True,True,,Bacillus subtilis is used because it is a Gram‑positive model organism,biological,model_organism,"Gram‑positive model organism, Bacillus subtilis",0.957,False,0,1.0,12.366781,7.060788
35130724,B. subtilis,2021,mBio,bacillus_model_organism,True,True,,Bacillus subtilis is used because it is a Gram‑positive model organism,biological,model_organism,Gram-positive model organism Bacillus subtilis,1.0,False,0,1.0,12.423465,7.046086
35127130,B. subtilis,2022,Microsyst Nanoeng,bacillus_model_organism,True,True,,It is widely used as a model organism and an industrial workhorse.,biological,model_organism,has been widely used as a model organism and an industrial workhorse,1.0,False,3,1.0,8.301052,3.4297845
35127130,B. subtilis,2022,Microsyst Nanoeng,bacillus_model_organism,True,True,,Uniform length is important for basic biological studies and efficient industrial applications.,biological,uniform_length_importance,The ability to prepare B. subtilis populations with a uniform length is important for basic biological studies and efficient industrial applications,1.0,False,3,0.9619963074921709,7.6484017,2.7047572
35056900,B. subtilis,2021,Pharmaceutics,bacillus_model_organism,True,True,,used as a model organism,biological,model_organism,model organism Bacillus subtilis,1.0,False,3,1.0,7.8995237,3.4140694
34664671,B. subtilis,2022,Nucleic Acids Res,bacillus_model_organism,True,True,,It is a Gram-positive model bacterium,biological,model_organism,Gram-positive model bacterium,1.0,False,1,0.8602350253725687,14.521116,7.7053213
34664671,B. subtilis,2022,Nucleic Acids Res,bacillus_model_organism,True,True,,It has extensive documented annotation,biological,extensive_annotation,with extensive documented annotation,1.0,False,3,1.0,6.403015,3.3896503
34630350,B. subtilis,2021,Front Microbiol,bacillus_model_organism,True,True,,Bacillus subtilis is used because it is a model organism,technical,model_organism,the model organism Bacillus subtilis,1.0,False,0,0.7532179157878469,11.251516,6.9439406
34576762,B. subtilis,2021,Microorganisms,bacillus_model_organism,True,True,,B. subtilis is an important Gram-positive model organism,biological,model_organism,important Gram-positive model organism,1.0,False,0,1.0,12.033685,7.5671334
34576222,B. subtilis,2021,Int J Mol Sci,bacillus_model_organism,True,True,,B. subtilis is a spore-forming Gram‑positive model organism that can be used to generate persister cells,biological,spore_forming,the spore forming Gram-positive model organism Bacillus subtilis can be used to generate persister cells,1.0,False,0,1.0,11.81481,6.7551637
34523974,B. subtilis,2021,Microbiol Spectr,bacillus_model_organism,True,True,,B. subtilis is a well‑characterized Gram‑positive model organism and a popular platform for biotechnology,biological,model_organism,Bacillus subtilis is a well-characterized Gram-positive model organism and a popular platform for biotechnology.,1.0,False,0,1.0,11.918148,7.5030503
34100162,B. subtilis,2021,Arch Virol,bacillus_model_organism,True,True,,B. subtilis is used because it is a Gram‑positive model organism,biological,model_system,Gram-positive model organism Bacillus subtilis 168,1.0,False,0,1.0,12.406271,7.000788
33907196,B. subtilis,2021,Nat Commun,bacillus_model_organism,True,True,,It is a Gram‑positive model organism,biological,model_organism,Gram-positive model organism Bacillus subtilis,1.0,False,1,1.0,14.591213,7.850045
33705913,B. subtilis,2021,Biotechnol Adv,bacillus_model_organism,True,True,,Bacillus subtilis is an industrial model organism and a promising candidate for AEF,technical,industrial_model_organism,potential of the industrial model-organism Bacillus subtilis as a promising candidate for AEF,1.0,False,0,1.0,11.398333,7.2804246
33610132,B. subtilis,2021,J Chromatogr A,bacillus_model_organism,True,True,,chosen because of its attributed probiotic activity,biological,probiotic_activity,The increasing interest in these bacteria is driven by their attributed probiotic activity.,1.0,False,-1,0.0,11.915251,4.5602794
33398628,B. subtilis,2021,Biomol NMR Assign,bacillus_model_organism,True,True,,B. subtilis is a Gram‑positive model organism that possesses seven ECF sigma factors,biological,model_organism,Gram-positive model organism Bacillus subtilis (B. subtilis) has seven ECF sigma factors,1.0,False,0,1.0,12.04621,7.500257
32881708,B. subtilis,2020,Biol Chem,bacillus_model_organism,True,True,,Bacillus subtilis is used because it is a Gram‑positive model organism,biological,model_organism,Gram-positive model organism Bacillus subtilis,1.0,False,0,1.0,12.430201,7.053815
32699122,B. subtilis,2020,mSphere,bacillus_model_organism,True,True,,"B. subtilis is a rod-shaped Gram-positive model organism, making it suitable for studying cell shape and division factors.",biological,model_organism,Bacillus subtilis is a rod-shaped Gram-positive model organism.,1.0,False,0,1.0,12.051879,7.577237
32670258,B. subtilis,2020,Front Microbiol,bacillus_model_organism,True,True,,well characterized non-halophile model organism,biological,well_characterized,a well characterized non-halophile model organism,1.0,False,3,1.0,7.1172495,4.3953567
32574537,B. subtilis,2020,J R Soc Interface,bacillus_model_organism,True,True,,It is a canonical Gram‑positive bacterium widely used as a model for studying collective surface migration.,biological,model_organism,The canonical Gram-positive bacterium Bacillus subtilis is a model organism for the study of collective migration over surfaces,1.0,False,-1,0.0,13.677369,1.7544608
32393519,B. subtilis,2020,J Bacteriol,bacillus_model_organism,True,True,,chosen because it is a model organism for bacterial biofilm formation,biological,model_organism,"Bacillus subtilis, a model organism for bacterial biofilm formation",1.0,False,0,0.8174655450591102,12.308294,5.5823507
32391747,B. subtilis,2020,Microbiology (Reading),bacillus_model_organism,True,True,,It is the best studied Gram‑positive model organism,historical,model_precedence,Bacillus subtilis is the best studied model organism of the Gram-positive lineage,1.0,False,1,1.0,14.448955,7.697147
32391747,B. subtilis,2020,Microbiology (Reading),bacillus_model_organism,True,True,,It is naturally transformable with a powerful genetic toolbox,technical,genetic_toolbox,It is naturally transformable and has an extremely powerful genetic toolbox,1.0,False,3,1.0,5.2029176,4.7281394
32391747,B. subtilis,2020,Microbiology (Reading),bacillus_model_organism,True,True,,It grows quickly and is easy to cultivate,biological,growth_rate,It is fast growing and easy to cultivate,1.0,False,3,0.9247087694429168,5.890557,5.1357403
32391747,B. subtilis,2020,Microbiology (Reading),bacillus_model_organism,True,True,,It is an important industrial organism for protein secretion and chemical production,economic,industrial_production,"It is an important industrial organism, being proficient at secreting proteins and making small fine chemicals",1.0,False,3,0.8345197051879925,9.281263,3.1563237
32391747,B. subtilis,2020,Microbiology (Reading),bacillus_model_organism,True,True,,It serves as a model system for biofilm research,biological,biofilm_study,It has been an important model system for studying biofilms,1.0,False,0,0.7949356566004089,12.258124,5.561122
32391747,B. subtilis,2020,Microbiology (Reading),bacillus_model_organism,True,True,,Its ability to form endospores enables studies of cellular development,biological,sporulation,"Finally, it makes endospores, which have provided an exceptionally fruitful system for studying various central problems of cellular development",1.0,False,0,0.9093795209088031,11.656,6.459182
32117169,B. subtilis,2020,Front Microbiol,bacillus_model_organism,True,True,,"B. subtilis naturally produces a variety of antimicrobial peptides, making it suitable for studying AMPs",biological,natural_antimicrobial_peptide_production,naturally produces a variety of antimicrobial peptides (AMPs),1.0,False,0,1.0,11.874761,7.1321063
32077487,B. subtilis,2020,Biotechnol Bioeng,bacillus_model_organism,True,True,,B. subtilis is used because it is a Gram‑positive model organism,biological,model_organism,Gram‑positive model organism Bacillus subtilis,0.957,False,0,1.0,12.389017,7.0131845
31493408,B. subtilis,2020,J Mol Biol,bacillus_model_organism,True,True,,It is widely used as a model to study biofilm regulatory networks.,biological,biofilm_regulation,has become a model organism for studying regulatory networks directing biofilm formation,1.0,False,0,0.8174655450591102,12.26733,5.5378757
31470088,B. subtilis,2019,Anaerobe,bacillus_model_organism,True,True,,B. subtilis is used because prior studies have shown the importance of the DMP and Q:AH machineries in engulfment,biological,engulfment_mechanism,studies in the model organism Bacillus subtilis have demonstrated the importance of the DMP and Q:AH machineries in engulfment,1.0,False,0,1.0,12.420701,6.961527
31356641,B. subtilis,2019,PLoS One,bacillus_model_organism,True,True,,forms endospores with biotechnological applications,biological,spore_formation,is able to form endospores which have a variety of biotechnological applications,1.0,False,0,0.8206517816039132,11.666496,6.5065026
31356641,B. subtilis,2019,PLoS One,bacillus_model_organism,True,True,,serves as a model organism for cellular differentiation processes,biological,cellular_differentiation,"Due to this ability, B. subtilis is as well a model organism for cellular differentiation processes",1.0,False,3,1.0,7.579019,2.825613
31235516,B. subtilis,2019,J Bacteriol,bacillus_model_organism,True,True,,B. subtilis is used because it is the model organism for sporulation,biological,model_organism,"In the model organism for sporulation, Bacillus subtilis",1.0,False,0,1.0,11.638925,6.7113338
31219564,B. subtilis,2019,Database (Oxford),bacillus_model_organism,True,True,,Bacillus subtilis 168 is a widely studied bacterial strain,technical,model_selection,"another widely studied bacterial strain, Bacillus subtilis 168",1.0,False,0,1.0,11.806558,7.2478046
31138629,B. subtilis,2019,J Bacteriol,bacillus_model_organism,True,True,,B. subtilis is used because it serves as a model system for studying population heterogeneity,biological,population_heterogeneity,Bacillus subtilis is a model system for studying population heterogeneity,1.0,False,0,0.6974788349862329,12.073946,6.1194844
31061098,B. subtilis,2019,J Biol Chem,bacillus_model_organism,True,True,,B. subtilis is used as a model organism because c-di-AMP is essential for controlling potassium uptake in it,biological,model_organism,c-di-AMP has been identified as being essential for controlling potassium uptake in the model organism Bacillus subtilis,1.0,False,0,0.9155132747547705,12.095721,6.8567924
31003868,B. subtilis,2019,Mol Cell,bacillus_model_organism,True,True,,chosen because it is a Gram-positive model organism,biological,model_organism,Gram-positive model organism Bacillus subtilis,1.0,False,1,0.4934365664123815,14.168197,7.5114965
30955044,B. subtilis,2019,Curr Microbiol,bacillus_model_organism,True,True,,B. subtilis provides known consensus promoter sequences for comparison,biological,reference_sequences,its perfect promotor sequence in comparison to the known consensus sequences of the Gram-positive model organism Bacillus subtilis,1.0,False,0,1.0,11.773212,6.9456162
30820257,B. subtilis,2019,J Genomics,bacillus_model_organism,True,True,,B. subtilis is the best characterized model organism for endospore formation,biological,endospore_formation,it is the best characterized model organism for endospore formation,1.0,False,0,1.0,11.754193,6.672708
30820257,B. subtilis,2019,J Genomics,bacillus_model_organism,True,True,,B. subtilis can withstand environmental stress and synthesize beneficial compounds,biological,stress_resistance,"It has the ability to withstand environmental stress, and synthesize beneficial compounds",1.0,False,0,1.0,11.809232,7.163629
30718304,B. subtilis,2019,J Bacteriol,bacillus_model_organism,True,True,,B. subtilis is a well-studied model organism for biofilm formation,biological,model_organism,Bacillus subtilis has been studied as a model organism for biofilm formation.,1.0,False,0,0.8148494568538978,12.241414,5.8738313
30669044,B. subtilis,2019,Sci Total Environ,bacillus_model_organism,True,True,,to elucidate molecular interactions between bacteria and silver,biological,model_organism,Bacillus subtilis has been used as model organism to elucidate the molecular interactions between this class of bacteria and different forms of silver,1.0,False,0,0.6399651943433077,12.718357,6.9162188
30660908,B. subtilis,2019,Chemosphere,bacillus_model_organism,True,True,,B. subtilis naturally produces lipopeptide biosurfactants,biological,natural_product_source,Lipopeptides are biosurfactants naturally produced by Bacillus subtilis,1.0,False,0,0.8108368537978505,11.867277,7.09956
30467398,B. subtilis,2018,Sci Rep,bacillus_model_organism,True,True,,widely used in basic research and biotechnology,biological,research_utility,widely used in basic research and biotechnology,1.0,False,3,1.0,8.893401,3.430821
30467398,B. subtilis,2018,Sci Rep,bacillus_model_organism,True,True,,one of the best-characterized bacterial model organism,biological,model_characterization,one of the best-characterized bacterial model organism,1.0,False,11,0.7296130511163499,11.808562,-0.6049895
30431188,B. subtilis,2019,Mol Microbiol,bacillus_model_organism,True,True,,Bacillus subtilis is used because it is a Gram‑positive model organism,biological,model_organism,Gram-positive model organism Bacillus subtilis,1.0,False,0,1.0,12.4212,7.0365067
30289268,B. subtilis,2018,Astrobiology,bacillus_model_organism,True,True,,B. subtilis is used as a biodosimetry strain and space microbiology model organism,biological,model_organism,the biodosimetry strain and space microbiology model organism Bacillus subtilis,1.0,False,0,0.7445810998071728,11.243794,6.890543
30265683,B. subtilis,2018,PLoS One,bacillus_model_organism,True,True,,"B. subtilis is a model organism for studies of sporulation, motility, cell signaling, and multicellular development (biofilm formation)",biological,model_organism,"Bacillus subtilis is a model organism for studies of sporulation, motility, cell signaling, and multicellular development (or biofilm formation).",1.0,False,0,0.9165408258624321,12.052065,6.3999834
30203131,B. subtilis,2018,World J Microbiol Biotechnol,bacillus_model_organism,True,True,,considered an ideal model organism and robust host for studying basic mechanisms,biological,basic_mechanisms_study,"this bacterium has been intensively considered to be an ideal model organism and a robust host to study several basic mechanisms, such as metabolism, gene regulation, bacterial differentiation",1.0,False,3,1.0,7.3982315,2.9926414
30203131,B. subtilis,2018,World J Microbiol Biotechnol,bacillus_model_organism,True,True,,offers advantages for heterologous protein secretion over Gram‑negative hosts,technical,protein_secretion_advantage,"B. subtilis can non-specifically secrete recombinant proteins using various signal peptides, it has tremendous advantages over Gram-negative bacterial hosts",1.0,False,6,0.6203180778955161,10.64667,2.9900312
30203131,B. subtilis,2018,World J Microbiol Biotechnol,bacillus_model_organism,True,True,,widely used for industrial production of enzymes and bioactive molecules,economic,industrial_enzyme_production,"application for industrial purposes, such as heterologous protein expression and the overproduction of an array of bioactive molecules",1.0,False,3,1.0,9.017576,3.501002
30092237,B. subtilis,2018,J Biotechnol,bacillus_model_organism,True,True,,It is a well‑known model organism,biological,model_system,Bacillus subtilis is well known as both a model organism,1.0,False,3,1.0,6.9116955,4.3996124
30092237,B. subtilis,2018,J Biotechnol,bacillus_model_organism,True,True,,It serves as a microbial cell factory,economic,industrial_production,as a microbial cell factory,1.0,False,3,0.9819036801165212,8.595405,3.593554
30092237,B. subtilis,2018,J Biotechnol,bacillus_model_organism,True,True,,Simple and scarless gene modification is desirable for research and industrial use,technical,genetic_engineering,Simple and scarless gene modification is a desirable tool for basic research and industrial applications of B. subtilis,1.0,False,3,1.0,5.3112383,4.8526883
29914988,B. subtilis,2018,J Bacteriol,bacillus_model_organism,True,True,,B. subtilis is an industrially important model organism,economic,industrial_importance,industrially important model organism B. subtilis,1.0,False,0,1.0,11.407628,7.298031
29734705,B. subtilis,2018,Viruses,bacillus_model_organism,True,True,,B. subtilis is a non‑pathogenic surrogate for harmful Bacillus species,biological,non_pathogenic_surrogate,"The model organism B. subtilis represents a non-pathogenic surrogate of its harmful relatives, such as Bacillus anthracis or Bacillus cereus.",1.0,False,0,1.0,11.990318,7.558833
29734705,B. subtilis,2018,Viruses,bacillus_model_organism,True,True,,"The prophage‑free, super‑competent B. subtilis TS01 strain enables easy and fast construct introduction",technical,high_competence,The employment of the prophage-free and super-competent B. subtilis TS01 strain enables an easy and fast introduction of specific constructs for in vivo phage mutagenesis.,1.0,False,0,0.9818435638587099,11.739188,7.1163454
28993557,B. subtilis,2018,Genes Genet Syst,bacillus_model_organism,True,True,,B. subtilis is used because it is a model organism for Gram‑positive bacteria,biological,model_organism,a model organism for the Gram-positive bacteria,1.0,False,0,1.0,12.454384,6.9302864
28748186,B. subtilis,2017,Front Mol Biosci,bacillus_model_organism,True,True,,It is a Gram‑positive model organism,biological,model_organism,Gram-positive model organism Bacillus subtilis,1.0,False,1,1.0,14.56463,7.8235273
28660361,B. subtilis,2017,Extremophiles,bacillus_model_organism,True,True,,Bacillus subtilis provides the sacB gene used as a counterselectable marker,technical,counterselection_marker,sacB gene from Bacillus subtilis as the counterselectable marker,1.0,False,0,1.0,12.3621645,6.9851494
28577219,B. subtilis,2018,Curr Genet,bacillus_model_organism,True,True,,B. subtilis is used because cell division and sporulation are among the best studied processes in this model organism,biological,well_studied_processes,Cell division and sporulation constitute two of the best studied processes in the model organism Bacillus subtilis,1.0,False,0,1.0,11.716931,6.7097645
28435840,B. subtilis,2017,Microb Cell,bacillus_model_organism,True,True,,B. subtilis is a spore-forming probiotic bacterium,biological,spore_forming,we used the spore-forming probiotic bacterium Bacillus subtilis,1.0,False,0,1.0,11.829864,6.8313427
28420751,B. subtilis,2017,Sci Signal,bacillus_model_organism,True,True,,B. subtilis is a Gram‑positive model organism,biological,model_organism,Gram-positive model organism Bacillus subtilis,1.0,False,0,1.0,12.065516,7.5811033
28271471,B. subtilis,2017,Subcell Biochem,bacillus_model_organism,True,True,,Bacillus subtilis is a well‑studied Gram‑positive model organism for stressosome research,biological,well_studied_model,has been studied most extensively in the Gram-positive model organism Bacillus subtilis,1.0,False,0,1.0,11.978651,7.5256147
28189581,B. subtilis,2017,Cell Syst,bacillus_model_organism,True,True,,B. subtilis is a Gram-positive model organism,biological,model_organism,"Gram-positive model organism, Bacillus subtilis",1.0,False,0,1.0,12.085016,7.62916
28104400,B. subtilis,2017,Biochem Biophys Res Commun,bacillus_model_organism,True,True,,Bacillus subtilis is a well‑studied model organism and a close relative of Bacillus licheniformis,biological,model_organism,a close relative to the well‑studied model organism Bacillus subtilis,0.957,False,0,1.0,11.54554,7.271383
27981237,B. subtilis,2016,mSphere,bacillus_model_organism,True,True,,B. subtilis is used as a model organism for comparison of spore germination events,biological,model_organism,"compared to the events during B. subtilis spore germination, a model organism",1.0,False,0,1.0,11.671105,6.6113157
27708634,B. subtilis,2016,Front Microbiol,bacillus_model_organism,True,True,,It is a Gram‑positive model organism,biological,model_organism,Gram-positive model organism Bacillus subtilis,1.0,False,1,1.0,14.562833,7.8283668
27697563,B. subtilis,2016,Metab Eng,bacillus_model_organism,True,True,,B. subtilis is an established model organism of industrial importance,biological,model_organism,is an established model organism of industrial importance,1.0,False,0,1.0,11.398426,7.3286963
27344142,B. subtilis,2017,Curr Genet,bacillus_model_organism,True,True,,B. subtilis is a well‑understood Gram‑positive model organism,biological,well_characterized,The underlying signaling network is particularly well understood in the Gram‑positive model organism Bacillus subtilis.,0.958,False,0,1.0,12.039438,7.608798
27283304,B. subtilis,2016,Methods Mol Biol,bacillus_model_organism,True,True,,It is a gram‑positive model organism,biological,model_organism,gram-positive model organism Bacillus subtilis,1.0,False,1,1.0,14.534094,7.793863
27234229,B. subtilis,2016,Environ Microbiol,bacillus_model_organism,True,True,,B. subtilis was chosen because it is a well‑studied model organism,technical,model_organism,well‑studied model organism Bacillus subtilis 168,0.959,False,0,1.0,11.518822,7.1966114
27227299,B. subtilis,2016,Microbiol Spectr,bacillus_model_organism,True,True,,chosen because of the relatively well-developed basis of knowledge in B. subtilis,historical,existing_knowledge,relatively well-developed basis of knowledge in B. subtilis,1.0,False,0,1.0,11.564285,7.179742
27056236,B. subtilis,2016,Genome Announc,bacillus_model_organism,True,True,,to study cellular and molecular processes,biological,cellular_and_molecular_processes,used as a model organism to study cellular and molecular processes,1.0,False,3,1.0,7.0030165,2.437044
27056236,B. subtilis,2016,Genome Announc,bacillus_model_organism,True,True,,historically used to study suppressor mutations and phage biology,biological,suppressor_mutations_and_phage_biology,"CU1050 has historically been used to study suppressor mutations and phage biology, especially the lysogenic phage SPbeta",1.0,False,-1,0.0,12.450706,3.0042174
26883633,B. subtilis,2016,Nucleic Acids Res,bacillus_model_organism,True,True,,"B. subtilis is a Gram‑positive model organism where RNase III and RNase J1 are not essential, enabling the global analysis of RNA ends",biological,gene essentiality,"The recent findings that the narrow-specificity endoribonuclease RNase III and the 5' exonuclease RNase J1 are not essential in the Gram-positive model organism,Bacillus subtilis, facilitated a global analysis",1.0,False,0,1.0,12.161679,7.2910075
26841717,B. subtilis,2016,Sci Rep,bacillus_model_organism,True,True,,It is a model organism of Gram‑positive bacteria,biological,model_organism,model organism of Gram-positive bacteria,1.0,False,1,1.0,14.457224,7.7297997
26841717,B. subtilis,2016,Sci Rep,bacillus_model_organism,True,True,,It is aerobic and endospore‑forming,biological,physiological_traits,"aerobic, endospore-forming",1.0,False,0,0.7257447941712586,11.751543,6.4142413
26841717,B. subtilis,2016,Sci Rep,bacillus_model_organism,True,True,,It is capable of forming vanillin during ferulic acid bioconversion,biological,metabolic_capability,capable to form vanillin during ferulic acid biconversion,0.965,False,-1,0.0,10.194084,3.2716422
26159522,B. subtilis,2015,Genome Announc,bacillus_model_organism,True,True,,It is the most widely studied Gram‑positive model organism,technical,model_organism_popularity,most widely studied Gram-positive model organism,1.0,False,1,1.0,14.406907,7.663409
26159522,B. subtilis,2015,Genome Announc,bacillus_model_organism,True,True,,"It is abundant in diverse environments, especially soils and gastrointestinal tracts",biological,environmental_abundance,found in a wide variety of environments and is particularly abundant in soils and in the gastrointestinal tracts of ruminants and humans,1.0,False,7,0.6406311137230793,13.188696,2.7511053
26085951,B. subtilis,2015,Acta Naturae,bacillus_model_organism,True,True,,B. subtilis is widely used as a model organism for studying biofilm formation,biological,model_organism,The gram-positive bacterium Bacillus subtilis is widely used as a model organism for studying biofilm formation.,1.0,False,0,0.8174655450591102,12.247387,5.8268027
25917906,B. subtilis,2015,J Bacteriol,bacillus_model_organism,True,True,,B. subtilis is used because spore germination has largely been studied in it,historical,previous_studies,has largely been studied in the model organism Bacillus subtilis,1.0,False,0,1.0,11.680337,6.565652
25807046,B. subtilis,2015,Sci Rep,bacillus_model_organism,True,True,,B. subtilis is used because it is a model organism,biological,model_system,model organism B. subtilis,1.0,False,0,0.662508673231699,11.268465,6.8835115
31930158,B. subtilis,2015,Bio Protoc,bacillus_model_organism,True,True,,B. subtilis was used as a Gram‑positive model organism to differentiate naturally produced MVs from vesicles that form spontaneously,biological,model_organism,"the Gram-positive model organism, Bacillus subtilis (B. subtilis)",1.0,False,0,1.0,12.432953,6.9822454
25652599,B. subtilis,2015,Anaerobe,bacillus_model_organism,True,True,,Bacillus subtilis is used because it is a spore-forming model organism,biological,model_organism,"Bacillus subtilis, a spore-forming model organism",1.0,False,0,1.0,11.665023,6.6126795
25547840,B. subtilis,2015,Appl Microbiol Biotechnol,bacillus_model_organism,True,True,,B. subtilis is extensively studied and its competence has proven successful for genetic manipulation,biological,genetic_manipulation_success,"Extensively studied in the Gram-positive model organism Bacillus subtilis genetic competence has indeed proven successful for genetic manipulation aiming at enhancement of handling, yield, and biosafety.",1.0,False,0,1.0,11.732985,7.170664
25485075,B. subtilis,2014,Interface Focus,bacillus_model_organism,True,True,,Bacillus subtilis was chosen because it is a model organism,biological,model_organism,model organism Bacillus subtilis,1.0,False,0,0.8152116638304502,11.26263,7.012468
25340815,B. subtilis,2014,PLoS Genet,bacillus_model_organism,True,True,,B. subtilis was chosen because it serves as a model organism for studying DNA replication regulation,biological,model_system,model organism Bacillus subtilis,1.0,False,0,0.867075316201279,11.482399,6.6571355
25335695,B. subtilis,2015,J Antibiot (Tokyo),bacillus_model_organism,True,True,,It is a non‑pathogenic Gram‑positive bacterium widely used to study biofilm formation.,biological,model_organism,"Bacillus subtilis, a non-pathogenic Gram-positive bacterium, is widely used as a model organism for studying biofilm formation.",1.0,False,0,0.8174655450591102,12.303005,5.7160892
25278935,B. subtilis,2014,Front Microbiol,bacillus_model_organism,True,True,,Bacillus subtilis was selected because it is a firmicute model organism,biological,model_organism,firmicute model organism Bacillus subtilis,1.0,False,0,0.9701212164556988,11.370961,7.054022
25038633,B. subtilis,2014,J Mol Model,bacillus_model_organism,True,True,,It is a well-known biofilm-forming organism and serves as a model for Bacillus species,biological,model_organism,"Bacillus subtilis is one of the well-known biofilm-forming organisms associated with plants, animals, and also used as a model organism for all Bacillus sp.",1.0,False,0,0.8174655450591102,12.227461,5.8598113
25001169,B. subtilis,2014,J Integr Bioinform,bacillus_model_organism,True,True,,B. subtilis is a well‑studied organism that enables transfer of existing knowledge to closely related species,biological,knowledge_transfer,transfer of existing knowledge from well‑studied organisms to closely‑related organisms,0.954,False,0,1.0,11.7347975,7.2070417
24801271,B. subtilis,2014,Int J Food Microbiol,bacillus_model_organism,True,True,,B. subtilis is used because its biofilm mechanisms are well‑characterized,biological,model_organism,much is known about the mechanism by which the model organism Bacillus subtilis forms biofilms in laboratory mediums in vitro,1.0,False,0,0.8174655450591102,12.229524,5.9737587
24771632,B. subtilis,2014,J Basic Microbiol,bacillus_model_organism,True,True,,B. subtilis is used because it exemplifies how distinct signals activate sensor proteins that integrate environmental cues into global regulators of biofilm formation,biological,signal_integration,"The Gram-positive model organism, Bacillus subtilis is a superb example to illustrate how distinct signals activate sensor proteins that integrate the environmental signals towards global regulators related to biofilm formation.",1.0,False,0,0.725953041380104,12.246052,6.0182414
24696501,B. subtilis,2014,Mol Cell Proteomics,bacillus_model_organism,True,True,,It is a Gram‑positive model organism,biological,model_organism,Gram-positive model organism Bacillus subtilis,1.0,False,1,1.0,14.531723,7.7909055
26105826,B. subtilis,2014,Microbiol Spectr,bacillus_model_organism,True,True,,availability of a complete genome sequence made B. subtilis a primary model for genomic studies of sporulation,technical,genome_sequence_availability,"In 1997, the release of the full genome sequence for B. subtilis strain 168 marked the beginning of the genomic era for the study of spore formation (sporulation).",1.0,False,0,1.0,11.7502575,6.860749
24676422,B. subtilis,2014,PLoS One,bacillus_model_organism,True,True,,"Molecular studies in E. faecalis are challenging, prompting use of a more tractable host",technical,experimental_difficulty,"Because molecular studies in this bacterium can be challenging, we aimed at exploiting the genetically highly tractable Gram-positive model organism Bacillus subtilis as a heterologous host.",1.0,False,-1,0.0,11.676763,0.274676
24676422,B. subtilis,2014,PLoS One,bacillus_model_organism,True,True,,"B. subtilis is genetically highly tractable, making it suitable as a heterologous host",technical,genetic_tractability,genetically highly tractable Gram-positive model organism Bacillus subtilis,1.0,False,0,1.0,11.660476,7.271548
24676422,B. subtilis,2014,PLoS One,bacillus_model_organism,True,True,,B. subtilis allows careful adjustment of expression levels and genetic background required for full functionality of introduced regulators,technical,expression_control,"Importantly, B. subtilis facilitates the careful adjustment of expression levels and genetic background required for full functionality of the introduced regulators.",1.0,False,0,0.998326348579667,11.996701,7.0152216
24528673,B. subtilis,2014,Microb Cell Fact,bacillus_model_organism,True,True,,B. subtilis is a model organism and considered a cell factory,biological,model_organism,strain was identified as Bacillus subtilis - revealing yet another activity in a strain of the model organism that is considered to be a cell factory,1.0,False,0,1.0,11.462803,7.4095693
24390483,B. subtilis,2014,Mol Cell Proteomics,bacillus_model_organism,True,True,,"Bacillus subtilis is a well‑studied model organism, making it an excellent candidate for the study",technical,model_organism_intensity,An excellent candidate to study these questions is the Gram‑positive bacterium Bacillus subtilis,0.958,False,0,1.0,11.500397,7.339289
24390483,B. subtilis,2014,Mol Cell Proteomics,bacillus_model_organism,True,True,,"It has extensive research and industrial applications, supporting its use as a model",economic,research_and_industrial_applications,one of the most intensively investigated bacterial model organism with both research and industrial applications,1.0,False,3,0.9947932268667777,8.197603,3.0250747
24389585,B. subtilis,2014,Anaerobe,bacillus_model_organism,True,True,,B. subtilis is used because it is the established model organism for studying sporulation,biological,model_organism,"Bacillus subtilis, the model organism for sporulation",1.0,False,0,1.0,11.658565,6.653397
24356825,B. subtilis,2013,Genome Announc,bacillus_model_organism,True,True,,B. subtilis offers extensive general knowledge and serves as a platform for biotechnology advances,technical,biotechnology_platform,has provided an abundance of general knowledge and a platform for advances in biotechnology,1.0,False,0,1.0,11.75661,7.206754
24309726,B. subtilis,2013,Genome Announc,bacillus_model_organism,True,True,,"It is a ubiquitous Gram-positive organism, making it a suitable model.",biological,ubiquitous,Bacillus subtilis is a ubiquitous Gram-positive model organism.,1.0,False,1,1.0,14.404768,7.6903195
24086406,B. subtilis,2013,PLoS One,bacillus_model_organism,True,True,,B. subtilis is used because it is the established model organism for spore-forming bacteria,biological,model_organism,the model organism for spore formers,1.0,False,0,1.0,11.717013,6.664703
23844891,B. subtilis,2013,Microb Cell Fact,bacillus_model_organism,True,True,,It is widely accepted as a model organism for Gram‑positive bacteria.,biological,widely_accepted,has become widely accepted as a model organism for studies on Gram-positive bacteria,1.0,False,1,0.5439184704333069,14.263624,7.5837803
23701187,B. subtilis,2013,Environ Microbiol,bacillus_model_organism,True,True,,It is a Gram-positive model organism,biological,model_organism,Gram-positive model organism Bacillus subtilis,1.0,False,1,1.0,14.549922,7.7982707
23479438,B. subtilis,2013,Subcell Biochem,bacillus_model_organism,True,True,,used to study Gram‑positive bacteria,biological,Gram‑positive model,widely used as a model organism to study the Gram‑positive branch of Bacteria,0.961,False,0,0.5399709153386705,12.90947,6.9884095
23423379,B. subtilis,2013,Bioinformation,bacillus_model_organism,True,True,,B. subtilis was chosen because it serves as a model organism with statistically significant orthology to the P. aeruginosa drug targets.,biological,model_organism,selected those drug targets which show statistically significant orthology with a model organism,1.0,False,0,0.9612857395845402,12.221453,7.07234
23420519,B. subtilis,2013,Mol Biosyst,bacillus_model_organism,True,True,,It is a Gram-positive model bacterium,biological,model_organism,Gram-positive model bacterium,1.0,False,1,0.6536157624464448,14.53258,7.6875725
23396918,B. subtilis,2013,J Bacteriol,bacillus_model_organism,True,True,,B. subtilis is used because its endosporulation genes are well known,biological,well-characterized genetics,Based on the genes known to be involved in endosporulation in the model organism Bacillus subtilis,1.0,False,0,1.0,11.790577,6.620173
23353768,B. subtilis,2013,Nat Rev Microbiol,bacillus_model_organism,True,True,,B. subtilis is a robust model organism for studying biofilm mechanisms,biological,model_organism,has long served as a robust model organism to examine the molecular mechanisms of biofilm formation,1.0,False,0,0.7288645318839385,12.240454,5.8762054
23175651,B. subtilis,2013,J Bacteriol,bacillus_model_organism,True,True,,It is a Gram‑positive model organism,biological,model_organism,Gram-positive model organism Bacillus subtilis,1.0,False,1,1.0,14.5611925,7.8199344
23110498,B. subtilis,2012,Microb Cell Fact,bacillus_model_organism,True,True,,high biotechnological relevance and widely used as a host for protein production,biological,biotechnological_relevance,"Bacillus subtilis is a very important Gram-positive model organism of high biotechnological relevance, which is widely used as a host for the production of both secreted and cytoplasmic proteins.",1.0,False,-1,0.0,10.071755,2.9782403
22882546,B. subtilis,2012,Environ Microbiol,bacillus_model_organism,True,True,,B. subtilis is the best‑studied model organism with many sporulation genes known and conserved across related species,biological,genetic_conservation,"In the best-studied model organism Bacillus subtilis, sporulation involves over 500 genes, many of which are conserved among other bacilli and clostridia.",1.0,False,0,1.0,11.650798,7.095954
22629869,B. subtilis,2012,J Nanosci Nanotechnol,bacillus_model_organism,True,True,,Bacillus subtilis is used as a Gram‑positive model organism,biological,Gram_positive,"Gram positive model organism, Bacillus subtilis",1.0,False,0,1.0,12.514863,7.137206
22625175,B. subtilis,2012,Mol Microbiol,bacillus_model_organism,True,True,,It is a Gram‑positive model organism.,biological,model_organism,Gram‑positive model organism B. subtilis,0.95,False,1,1.0,14.550232,7.815608
22544236,B. subtilis,2012,Appl Environ Microbiol,bacillus_model_organism,True,True,,B. subtilis is a well-understood model for sporulation genetics,technical,well_characterized_model,genetic mechanisms of sporulation are well understood in the model organism Bacillus subtilis,1.0,False,0,1.0,11.652551,6.773244
22517742,B. subtilis,2012,Proc Natl Acad Sci U S A,bacillus_model_organism,True,True,,chosen because it is a gram‑positive model organism,biological,model_organism,gram-positive model organism Bacillus subtilis,1.0,False,1,0.771831197562616,14.18569,7.523117
22096228,B. subtilis,2012,Nucleic Acids Res,bacillus_model_organism,True,True,,B. subtilis is used because it serves as a reference model for studying other organisms,biological,reference_model,model organisms that provide a frame of reference for studies with other relevant organisms,1.0,False,0,0.9011761518813797,11.268121,6.8599534
22092710,B. subtilis,2011,FEMS Microbiol Lett,bacillus_model_organism,True,True,,to obtain an initial insight into biosurfactant-mediated biological competition,biological,competition_insight,"To gain a first insight into the biological competition involving biosurfactants, we investigated the cellular response of the model organism B acillus subtilis",1.0,False,0,0.634896169623035,12.216413,6.3657465
21784928,B. subtilis,2011,J Bacteriol,bacillus_model_organism,True,True,,B. subtilis is the established model organism for endospore formation,biological,model_organism,"the model organism for endospore formation, Bacillus subtilis",1.0,False,0,1.0,11.693376,6.6623726
21527469,B. subtilis,2011,Microbiology (Reading),bacillus_model_organism,True,True,,B. subtilis is an intensively studied model organism,biological,model_organism,intensively studied model organism B. subtilis subsp. subtilis 168,1.0,False,0,1.0,11.479634,7.3387346
21512256,B. subtilis,2011,Biosci Biotechnol Biochem,bacillus_model_organism,True,True,,It is a Gram‑positive model organism,biological,model_organism,Gram-positive model organism Bacillus subtilis,1.0,False,1,1.0,14.5759115,7.832848
21435030,B. subtilis,2011,Mol Microbiol,bacillus_model_organism,True,True,,B. subtilis is used as a reference because its sporulation initiation is better understood,biological,sporulation_mechanism,"In contrast to Bacillus subtilis, the process of sporulation initiation at the molecular level is less well understood in Clostridium acetobutylicum",1.0,False,0,1.0,11.58568,6.753868
21421765,B. subtilis,2011,J Bacteriol,bacillus_model_organism,True,True,,B. subtilis provides a known model for sigma factor regulatory relationships,biological,regulatory_network,based on the Bacillus subtilis model,1.0,False,0,1.0,11.847335,6.955625
21266987,B. subtilis,2010,Nat Commun,bacillus_model_organism,True,True,,It is a Gram‑positive model organism,biological,model_organism,Gram-positive model organism Bacillus subtilis,1.0,False,1,0.8983536811487232,14.575155,7.8422036
21183663,B. subtilis,2011,J Bacteriol,bacillus_model_organism,True,True,,It is a model organism,biological,model_organism,is a model organism,1.0,False,3,1.0,7.580251,4.2893596
21183663,B. subtilis,2011,J Bacteriol,bacillus_model_organism,True,True,,It has great industrial significance as a source of diverse functional molecules,economic,industrial_significance,of great industrial significance as the source of diverse novel functional molecules,1.0,False,3,1.0,8.991299,3.4819453
20833318,B. subtilis,2010,Curr Biol,bacillus_model_organism,True,True,,B. subtilis is extensively studied and serves as a model bacterial network for sporulation,biological,model_organism,extensively studied in Bacillus subtilis,1.0,False,0,1.0,11.637976,6.695994
20712413,B. subtilis,2011,Antioxid Redox Signal,bacillus_model_organism,True,True,,Structural similarity between BSH and mycothiol enabled identification of BSH biosynthetic genes in B. subtilis,biological,gene_identification,Similarities in structure between BSH and mycothiol (MSH) facilitated the identification of biosynthetic genes for BSH in the model organism B. subtilis.,1.0,False,0,1.0,11.693257,7.1580667
20530967,B. subtilis,2010,J Mol Microbiol Biotechnol,bacillus_model_organism,True,True,,B. licheniformis shares high homology with the closely related model organism Bacillus subtilis,biological,genetic_similarity,While sharing a high degree of homology with the closely related model organism Bacillus subtilis,1.0,False,0,1.0,11.638004,7.2389455
20395361,B. subtilis,2010,Genes Dev,bacillus_model_organism,True,True,,It displays multiple distinct lifestyles with characteristic gene expression patterns.,biological,lifestyle_diversity,"Bacillus subtilis exhibits a number of lifestyles, each characterized by a distinguishing pattern of gene expression.",1.0,False,3,0.8250720953621334,5.733892,1.081678
20157485,B. subtilis,2009,Database (Oxford),bacillus_model_organism,True,True,,It is widely used as the model organism for Gram‑positive bacteria due to extensive literature on its biology,biological,model_organism_prevalence,"Bacillus subtilis is the model organism for Gram-positive bacteria, with a large amount of publications on all aspects of its biology.",1.0,False,0,0.36107506231784825,13.675955,7.246815
19959575,B. subtilis,2010,Microbiology (Reading),bacillus_model_organism,True,True,,It is the model organism for a large group of Gram‑positive bacteria (the Firmicutes),biological,model_organism,"Bacillus subtilis is the model organism for a large group of Gram-positive bacteria, the Firmicutes.",1.0,False,1,0.8600895824838186,14.3397,7.6321635
19781636,B. subtilis,2009,Res Microbiol,bacillus_model_organism,True,True,,It is highly adapted to fluctuating environmental conditions,biological,environmental_adaptation,extremely well adapted to changing environmental conditions,1.0,False,3,0.7196020263390271,7.764884,2.181166
19778276,B. subtilis,2009,Astrobiology,bacillus_model_organism,True,True,,"B. subtilis spores have been shown to survive each individual stress (compressional shock, heating, acceleration)",biological,spore_survival,spores of the model organism Bacillus subtilis can survive each stress applied singly,1.0,False,0,1.0,11.811599,6.777033
19555510,B. subtilis,2009,Genome Biol,bacillus_model_organism,True,True,,chosen for its extensive industrial applications,economic,industrial_applications,Bacillus subtilis is an organism of interest because of its extensive industrial applications,1.0,False,3,1.0,8.937999,3.472892
19555510,B. subtilis,2009,Genome Biol,bacillus_model_organism,True,True,,chosen because it is similar to pathogenic organisms,biological,similarity_to_pathogens,its similarity to pathogenic organisms,1.0,False,-1,0.0,13.768992,3.2212398
19555510,B. subtilis,2009,Genome Biol,bacillus_model_organism,True,True,,"chosen as the model organism for Gram‑positive, sporulating bacteria",biological,model_organism,"its role as the model organism for Gram-positive, sporulating bacteria",1.0,False,1,0.38160238784979866,14.022405,7.416012
19453701,B. subtilis,2009,Environ Microbiol,bacillus_model_organism,True,True,,It has a well‑characterized competence machinery,biological,competence_mechanism,possesses a well‑characterized competence machinery,0.961,False,3,1.0,6.7303963,3.8374045
18723616,B. subtilis,2008,J Bacteriol,bacillus_model_organism,True,True,,It serves as a model organism for basic research,biological,model_organism,Bacillus subtilis is both a model organism for basic research,1.0,False,3,1.0,7.7386036,3.2293637
18723616,B. subtilis,2008,J Bacteriol,bacillus_model_organism,True,True,,It is an industrial workhorse,economic,industrial_application,industrial workhorse,1.0,False,3,1.0,8.434629,3.4053566
18450217,B. subtilis,2007,Folia Microbiol (Praha),bacillus_model_organism,True,True,,B. subtilis is an excellent model for studying basic cell processes like division and sporulation,biological,model_organism,"is an excellent model organism for the study of basic cell processes, such as cell division and cell differentiation, called sporulation",1.0,False,0,1.0,11.806636,6.709667
17827323,B. subtilis,2007,Appl Environ Microbiol,bacillus_model_organism,True,True,,B. subtilis is used as a domesticated model organism,biological,model_organism,"the domesticated model organism of the same genus, Bacillus subtilis 168",1.0,False,0,0.9533049294146292,11.200998,7.0378017
17381303,B. subtilis,2006,Cold Spring Harb Symp Quant Biol,bacillus_model_organism,True,True,,B. subtilis is the established model organism for gram‑positive bacteria,biological,model_organism,"Bacillus subtilis, the model organism for gram-positive bacteria",1.0,False,0,1.0,12.107529,7.5636377
17381303,B. subtilis,2006,Cold Spring Harb Symp Quant Biol,bacillus_model_organism,True,True,,Findings in B. subtilis are expected to be applicable to many other eubacterial species,biological,generalizability,some of the observations for B. subtilis gene regulation will be generally applicable to many different species,1.0,False,0,1.0,11.849789,7.1518426
17367396,B. subtilis,2007,Mol Microbiol,bacillus_model_organism,True,True,,"chosen because B. subtilis is a Gram‑positive model organism with identified protein‑tyrosine kinases, phosphatases and substrates",biological,model_organism_selection,"Bacillus subtilis has recently come into the focus of research on bacterial protein-tyrosine phosphorylation, with several proteins kinases, phosphatases and their substrates identified in this Gram-positive model organism.",1.0,False,0,0.9764817362068051,12.1882515,7.2471113
16936031,B. subtilis,2006,J Bacteriol,bacillus_model_organism,True,True,,B. subtilis is a well‑studied gram‑positive model organism,biological,model_organism,well studied in the gram-positive model organism Bacillus subtilis,1.0,False,0,1.0,12.014464,7.539091
16855299,B. subtilis,2006,Acta Crystallogr D Biol Crystallogr,bacillus_model_organism,True,True,,chosen because it is a model organism for Gram‑positive bacteria,biological,model_organism,"Bacillus subtilis, a model organism for Gram-positive bacteria",1.0,False,1,0.40565904788998824,14.094833,7.473743
16415592,B. subtilis,2005,J Mol Microbiol Biotechnol,bacillus_model_organism,True,True,,B. subtilis is a gram-positive model organism,biological,model_organism,gram-positive model organism,1.0,False,0,1.0,12.091561,7.6438727
16415592,B. subtilis,2005,J Mol Microbiol Biotechnol,bacillus_model_organism,True,True,,B. subtilis has the highest number of known participants in the protein-tyrosine phosphorylation network,biological,network_complexity,B. subtilis is the bacterium with the highest number of presently known participants in the global network of protein-tyrosine phosphorylation,1.0,False,0,1.0,12.045334,7.0256004
16008575,B. subtilis,2005,Cell Microbiol,bacillus_model_organism,True,True,,B. subtilis is a highly versatile and tractable model organism for studying generic stress responses,biological,stress_responses,"Thus, B. subtilis constitutes a highly versatile and tractable model organism for the study of generic stress responses",1.0,False,0,1.0,11.726285,7.3426123
16008575,B. subtilis,2005,Cell Microbiol,bacillus_model_organism,True,True,,Insights gained from B. subtilis can be transferred to related Gram‑positive pathogens,biological,pathogen_relevance,the expertise that has been gained can easily be transferred to the study of the cellular physiology of related Gram-positive pathogens,1.0,False,0,0.9896630179716697,11.970571,7.2589974
15950297,B. subtilis,2005,Biochim Biophys Acta,bacillus_model_organism,True,True,,B. subtilis is used as the model because most consistent information on protein secretion in Gram‑positive bacteria is limited to it,biological,model_organism,Consistent information about protein secretion in Gram-positive bacteria is essentially restricted to the model organism Bacillus subtilis.,1.0,False,0,1.0,12.381324,6.996991
15932997,B. subtilis,2005,Appl Environ Microbiol,bacillus_model_organism,True,True,,The Bacillus subtilis sacB gene provides sucrose sensitivity for selection,technical,selection_marker,suicide plasmid carrying the Bacillus subtilis sacB gene encoding levansucrase that induces lethality upon exposure to 5% (wt/vol) sucrose,1.0,False,0,0.9591653792765161,12.164306,6.95452
15461803,B. subtilis,2004,Genome Biol,bacillus_model_organism,True,True,,B. subtilis is a well‑studied model organism,biological,model_organism,well studied model organism Bacillus subtilis,1.0,False,0,1.0,11.542556,7.36958
14762012,B. subtilis,2004,J Bacteriol,bacillus_model_organism,True,True,,B. subtilis is used because it is a closely related gram‑positive model organism,biological,model_organism_selection,"closely related gram-positive model organism, Bacillus subtilis",1.0,False,0,1.0,12.274033,7.0316706
12934926,B. subtilis,2003,Adv Biochem Eng Biotechnol,bacillus_model_organism,True,True,,B. subtilis is a well‑established model organism for gram‑positive bacteria and functional genomics,biological,model_organism,"why not Bacillus subtilis, the model organism for gram-positive bacteria and of functional genomics?",1.0,False,0,1.0,11.974642,7.462162
12870714,B. subtilis,2003,Crit Rev Biochem Mol Biol,bacillus_model_organism,True,True,,B. subtilis is used because it is a model organism within the Bacillus genus,biological,model_organism,"Bacillus subtilis, a model organism among this genus",1.0,False,0,0.759506359464868,11.344146,6.8976455
12581359,B. subtilis,2003,Mol Microbiol,bacillus_model_organism,True,True,,Bacillus subtilis is used because it is the established model organism for studying these regulators in low G+C Gram‑positive bacteria,biological,model_system,"the model organism, Bacillus subtilis",1.0,False,0,1.0,12.328423,6.9817185
12088650,B. subtilis,2002,Trends Microbiol,bacillus_model_organism,True,True,,B. subtilis is used as a model organism,technical,model_system,model organism Bacillus subtilis,1.0,False,0,0.6673255727198979,11.186604,6.967129
11931565,B. subtilis,2002,J Mol Microbiol Biotechnol,bacillus_model_organism,True,True,,B. subtilis is used because it is a gram‑positive model organism that contains abundant DNA‑binding proteins (HBsu and AbrB).,biological,protein_abundance,two different but abundant DNA binding proteins of the gram-positive model organism Bacillus subtilis,1.0,False,0,1.0,12.41278,6.9557176
8775971,B. subtilis,1996,Antonie Van Leeuwenhoek,bacillus_model_organism,True,True,,Its easy genetic analysis makes it a suitable model for identifying and characterizing genes and proteins involved in lantibiotic biosynthesis.,technical,genetic_analysis,Due to its easy genetic analysis B. subtilis became a very suitable model organism for the identification and characterization of genes and proteins involved in lantibiotic biosynthesis.,1.0,False,-1,0.0,11.54776,0.9313755
8855665,S. cerevisiae,1996,Trends Genet,yeast_model_organism,True,True,,Single cells can be tracked over many divisions,biological,single_cell_tracking,single cells can be followed for many cell divisions,1.0,False,2,0.8234978791555361,5.2888985,2.3756406
8855665,S. cerevisiae,1996,Trends Genet,yeast_model_organism,True,True,,Loss of division potential mirrors mortality kinetics of complex organisms,biological,mortality_kinetics,their loss of division potential follows kinetics identical to mortality rates in complex organisms,1.0,False,2,1.0,3.5669935,0.9302914
7565410,S. cerevisiae,1995,Microbiol Rev,yeast_model_organism,True,True,,S. cerevisiae is a useful model organism for studying cell wall synthesis,biological,cell_wall_synthesis,has been a useful model organism for the study of cell wall synthesis,1.0,False,2,1.0,3.915282,2.773104
